SET SQL_MODE = "NO_AUTO_VALUE_ON_ZERO" ;

SET time_zone = "+00:00" ;

/*!40101 SET NAMES utf8 */ ;

/*!40101 SET SQL_MODE=''*/ ;

/*!40014 SET @OLD_UNIQUE_CHECKS=@@UNIQUE_CHECKS, UNIQUE_CHECKS=0 */ ;

/*!40014 SET @OLD_FOREIGN_KEY_CHECKS=@@FOREIGN_KEY_CHECKS, FOREIGN_KEY_CHECKS=0 */ ;

/*!40101 SET @OLD_SQL_MODE=@@SQL_MODE, SQL_MODE='NO_AUTO_VALUE_ON_ZERO' */ ;

/*!40111 SET @OLD_SQL_NOTES=@@SQL_NOTES, SQL_NOTES=0 */ ;

CREATE TABLE `t_address_city` (
  `id` INT (11) NOT NULL AUTO_INCREMENT COMMENT '主键',
  `c_code` CHAR(6) NOT NULL COMMENT '城市编码',
  `c_name` VARCHAR (40) NOT NULL COMMENT '城市名称',
  `c_provinceCode` CHAR(6) NOT NULL COMMENT '所属省份编码',
  PRIMARY KEY (`id`)
) ENGINE = INNODB AUTO_INCREMENT = 346 DEFAULT CHARSET = utf8 COMMENT = '城市信息表' ;

/*Data for the table `t_address_city` */
INSERT INTO `t_address_city` (
  `id`,
  `c_code`,
  `c_name`,
  `c_provinceCode`
) 
VALUES
  (1, '110100', '北京市', '110000'),
  (
    2,
    '1102xx',
    '北京下属县',
    '1100xx'
  ),
  (3, '120100', '天津市', '120000'),
  (
    4,
    '1202xx',
    '天津下属县',
    '1200xx'
  ),
  (
    5,
    '130100',
    '石家庄市',
    '130000'
  ),
  (6, '130200', '唐山市', '130000'),
  (
    7,
    '130300',
    '秦皇岛市',
    '130000'
  ),
  (8, '130400', '邯郸市', '130000'),
  (9, '130500', '邢台市', '130000'),
  (10, '130600', '保定市', '130000'),
  (
    11,
    '130700',
    '张家口市',
    '130000'
  ),
  (12, '130800', '承德市', '130000'),
  (13, '130900', '沧州市', '130000'),
  (14, '131000', '廊坊市', '130000'),
  (15, '131100', '衡水市', '130000'),
  (16, '140100', '太原市', '140000'),
  (17, '140200', '大同市', '140000'),
  (18, '140300', '阳泉市', '140000'),
  (19, '140400', '长治市', '140000'),
  (20, '140500', '晋城市', '140000'),
  (21, '140600', '朔州市', '140000'),
  (22, '140700', '晋中市', '140000'),
  (23, '140800', '运城市', '140000'),
  (24, '140900', '忻州市', '140000'),
  (25, '141000', '临汾市', '140000'),
  (26, '141100', '吕梁市', '140000'),
  (
    27,
    '150100',
    '呼和浩特市',
    '150000'
  ),
  (28, '150200', '包头市', '150000'),
  (29, '150300', '乌海市', '150000'),
  (30, '150400', '赤峰市', '150000'),
  (31, '150500', '通辽市', '150000'),
  (
    32,
    '150600',
    '鄂尔多斯市',
    '150000'
  ),
  (
    33,
    '150700',
    '呼伦贝尔市',
    '150000'
  ),
  (
    34,
    '150800',
    '巴彦淖尔市',
    '150000'
  ),
  (
    35,
    '150900',
    '乌兰察布市',
    '150000'
  ),
  (36, '152200', '兴安盟', '150000'),
  (
    37,
    '152500',
    '锡林郭勒盟',
    '150000'
  ),
  (
    38,
    '152900',
    '阿拉善盟',
    '150000'
  ),
  (39, '210100', '沈阳市', '210000'),
  (40, '210200', '大连市', '210000'),
  (41, '210300', '鞍山市', '210000'),
  (42, '210400', '抚顺市', '210000'),
  (43, '210500', '本溪市', '210000'),
  (44, '210600', '丹东市', '210000'),
  (45, '210700', '锦州市', '210000'),
  (46, '210800', '营口市', '210000'),
  (47, '210900', '阜新市', '210000'),
  (48, '211000', '辽阳市', '210000'),
  (49, '211100', '盘锦市', '210000'),
  (50, '211200', '铁岭市', '210000'),
  (51, '211300', '朝阳市', '210000'),
  (
    52,
    '211400',
    '葫芦岛市',
    '210000'
  ),
  (53, '220100', '长春市', '220000'),
  (54, '220200', '吉林市', '220000'),
  (55, '220300', '四平市', '220000'),
  (56, '220400', '辽源市', '220000'),
  (57, '220500', '通化市', '220000'),
  (58, '220600', '白山市', '220000'),
  (59, '220700', '松原市', '220000'),
  (60, '220800', '白城市', '220000'),
  (
    61,
    '222400',
    '延边朝鲜族自治州',
    '220000'
  ),
  (
    62,
    '230100',
    '哈尔滨市',
    '230000'
  ),
  (
    63,
    '230200',
    '齐齐哈尔市',
    '230000'
  ),
  (64, '230300', '鸡西市', '230000'),
  (65, '230400', '鹤岗市', '230000'),
  (
    66,
    '230500',
    '双鸭山市',
    '230000'
  ),
  (67, '230600', '大庆市', '230000'),
  (68, '230700', '伊春市', '230000'),
  (
    69,
    '230800',
    '佳木斯市',
    '230000'
  ),
  (
    70,
    '230900',
    '七台河市',
    '230000'
  ),
  (
    71,
    '231000',
    '牡丹江市',
    '230000'
  ),
  (72, '231100', '黑河市', '230000'),
  (73, '231200', '绥化市', '230000'),
  (
    74,
    '232700',
    '大兴安岭地区',
    '230000'
  ),
  (75, '310100', '上海市', '310000'),
  (
    76,
    '3102xx',
    '上海下属县',
    '3100xx'
  ),
  (77, '320100', '南京市', '320000'),
  (78, '320200', '无锡市', '320000'),
  (79, '320300', '徐州市', '320000'),
  (80, '320400', '常州市', '320000'),
  (81, '320500', '苏州市', '320000'),
  (82, '320600', '南通市', '320000'),
  (
    83,
    '320700',
    '连云港市',
    '320000'
  ),
  (84, '320800', '淮安市', '320000'),
  (85, '320900', '盐城市', '320000'),
  (86, '321000', '扬州市', '320000'),
  (87, '321100', '镇江市', '320000'),
  (88, '321200', '泰州市', '320000'),
  (89, '321300', '宿迁市', '320000'),
  (90, '330100', '杭州市', '330000'),
  (91, '330200', '宁波市', '330000'),
  (92, '330300', '温州市', '330000'),
  (93, '330400', '嘉兴市', '330000'),
  (94, '330500', '湖州市', '330000'),
  (95, '330600', '绍兴市', '330000'),
  (96, '330700', '金华市', '330000'),
  (97, '330800', '衢州市', '330000'),
  (98, '330900', '舟山市', '330000'),
  (99, '331000', '台州市', '330000'),
  (
    100,
    '331100',
    '丽水市',
    '330000'
  ),
  (
    101,
    '340100',
    '合肥市',
    '340000'
  ),
  (
    102,
    '340200',
    '芜湖市',
    '340000'
  ),
  (
    103,
    '340300',
    '蚌埠市',
    '340000'
  ),
  (
    104,
    '340400',
    '淮南市',
    '340000'
  ),
  (
    105,
    '340500',
    '马鞍山市',
    '340000'
  ),
  (
    106,
    '340600',
    '淮北市',
    '340000'
  ),
  (
    107,
    '340700',
    '铜陵市',
    '340000'
  ),
  (
    108,
    '340800',
    '安庆市',
    '340000'
  ),
  (
    109,
    '341000',
    '黄山市',
    '340000'
  ),
  (
    110,
    '341100',
    '滁州市',
    '340000'
  ),
  (
    111,
    '341200',
    '阜阳市',
    '340000'
  ),
  (
    112,
    '341300',
    '宿州市',
    '340000'
  ),
  (
    113,
    '341400',
    '巢湖市',
    '340000'
  ),
  (
    114,
    '341500',
    '六安市',
    '340000'
  ),
  (
    115,
    '341600',
    '亳州市',
    '340000'
  ),
  (
    116,
    '341700',
    '池州市',
    '340000'
  ),
  (
    117,
    '341800',
    '宣城市',
    '340000'
  ),
  (
    118,
    '350100',
    '福州市',
    '350000'
  ),
  (
    119,
    '350200',
    '厦门市',
    '350000'
  ),
  (
    120,
    '350300',
    '莆田市',
    '350000'
  ),
  (
    121,
    '350400',
    '三明市',
    '350000'
  ),
  (
    122,
    '350500',
    '泉州市',
    '350000'
  ),
  (
    123,
    '350600',
    '漳州市',
    '350000'
  ),
  (
    124,
    '350700',
    '南平市',
    '350000'
  ),
  (
    125,
    '350800',
    '龙岩市',
    '350000'
  ),
  (
    126,
    '350900',
    '宁德市',
    '350000'
  ),
  (
    127,
    '360100',
    '南昌市',
    '360000'
  ),
  (
    128,
    '360200',
    '景德镇市',
    '360000'
  ),
  (
    129,
    '360300',
    '萍乡市',
    '360000'
  ),
  (
    130,
    '360400',
    '九江市',
    '360000'
  ),
  (
    131,
    '360500',
    '新余市',
    '360000'
  ),
  (
    132,
    '360600',
    '鹰潭市',
    '360000'
  ),
  (
    133,
    '360700',
    '赣州市',
    '360000'
  ),
  (
    134,
    '360800',
    '吉安市',
    '360000'
  ),
  (
    135,
    '360900',
    '宜春市',
    '360000'
  ),
  (
    136,
    '361000',
    '抚州市',
    '360000'
  ),
  (
    137,
    '361100',
    '上饶市',
    '360000'
  ),
  (
    138,
    '370100',
    '济南市',
    '370000'
  ),
  (
    139,
    '370200',
    '青岛市',
    '370000'
  ),
  (
    140,
    '370300',
    '淄博市',
    '370000'
  ),
  (
    141,
    '370400',
    '枣庄市',
    '370000'
  ),
  (
    142,
    '370500',
    '东营市',
    '370000'
  ),
  (
    143,
    '370600',
    '烟台市',
    '370000'
  ),
  (
    144,
    '370700',
    '潍坊市',
    '370000'
  ),
  (
    145,
    '370800',
    '济宁市',
    '370000'
  ),
  (
    146,
    '370900',
    '泰安市',
    '370000'
  ),
  (
    147,
    '371000',
    '威海市',
    '370000'
  ),
  (
    148,
    '371100',
    '日照市',
    '370000'
  ),
  (
    149,
    '371200',
    '莱芜市',
    '370000'
  ),
  (
    150,
    '371300',
    '临沂市',
    '370000'
  ),
  (
    151,
    '371400',
    '德州市',
    '370000'
  ),
  (
    152,
    '371500',
    '聊城市',
    '370000'
  ),
  (
    153,
    '371600',
    '滨州市',
    '370000'
  ),
  (
    154,
    '371700',
    '荷泽市',
    '370000'
  ),
  (
    155,
    '410100',
    '郑州市',
    '410000'
  ),
  (
    156,
    '410200',
    '开封市',
    '410000'
  ),
  (
    157,
    '410300',
    '洛阳市',
    '410000'
  ),
  (
    158,
    '410400',
    '平顶山市',
    '410000'
  ),
  (
    159,
    '410500',
    '安阳市',
    '410000'
  ),
  (
    160,
    '410600',
    '鹤壁市',
    '410000'
  ),
  (
    161,
    '410700',
    '新乡市',
    '410000'
  ),
  (
    162,
    '410800',
    '焦作市',
    '410000'
  ),
  (
    163,
    '410900',
    '濮阳市',
    '410000'
  ),
  (
    164,
    '411000',
    '许昌市',
    '410000'
  ),
  (
    165,
    '411100',
    '漯河市',
    '410000'
  ),
  (
    166,
    '411200',
    '三门峡市',
    '410000'
  ),
  (
    167,
    '411300',
    '南阳市',
    '410000'
  ),
  (
    168,
    '411400',
    '商丘市',
    '410000'
  ),
  (
    169,
    '411500',
    '信阳市',
    '410000'
  ),
  (
    170,
    '411600',
    '周口市',
    '410000'
  ),
  (
    171,
    '411700',
    '驻马店市',
    '410000'
  ),
  (
    172,
    '420100',
    '武汉市',
    '420000'
  ),
  (
    173,
    '420200',
    '黄石市',
    '420000'
  ),
  (
    174,
    '420300',
    '十堰市',
    '420000'
  ),
  (
    175,
    '420500',
    '宜昌市',
    '420000'
  ),
  (
    176,
    '420600',
    '襄樊市',
    '420000'
  ),
  (
    177,
    '420700',
    '鄂州市',
    '420000'
  ),
  (
    178,
    '420800',
    '荆门市',
    '420000'
  ),
  (
    179,
    '420900',
    '孝感市',
    '420000'
  ),
  (
    180,
    '421000',
    '荆州市',
    '420000'
  ),
  (
    181,
    '421100',
    '黄冈市',
    '420000'
  ),
  (
    182,
    '421200',
    '咸宁市',
    '420000'
  ),
  (
    183,
    '421300',
    '随州市',
    '420000'
  ),
  (
    184,
    '422800',
    '恩施土家族苗族自治州',
    '420000'
  ),
  (
    185,
    '429000',
    '省直辖行政单位',
    '420000'
  ),
  (
    186,
    '430100',
    '长沙市',
    '430000'
  ),
  (
    187,
    '430200',
    '株洲市',
    '430000'
  ),
  (
    188,
    '430300',
    '湘潭市',
    '430000'
  ),
  (
    189,
    '430400',
    '衡阳市',
    '430000'
  ),
  (
    190,
    '430500',
    '邵阳市',
    '430000'
  ),
  (
    191,
    '430600',
    '岳阳市',
    '430000'
  ),
  (
    192,
    '430700',
    '常德市',
    '430000'
  ),
  (
    193,
    '430800',
    '张家界市',
    '430000'
  ),
  (
    194,
    '430900',
    '益阳市',
    '430000'
  ),
  (
    195,
    '431000',
    '郴州市',
    '430000'
  ),
  (
    196,
    '431100',
    '永州市',
    '430000'
  ),
  (
    197,
    '431200',
    '怀化市',
    '430000'
  ),
  (
    198,
    '431300',
    '娄底市',
    '430000'
  ),
  (
    199,
    '433100',
    '湘西土家族苗族自治州',
    '430000'
  ),
  (
    200,
    '440100',
    '广州市',
    '440000'
  ),
  (
    201,
    '440200',
    '韶关市',
    '440000'
  ),
  (
    202,
    '440300',
    '深圳市',
    '440000'
  ),
  (
    203,
    '440400',
    '珠海市',
    '440000'
  ),
  (
    204,
    '440500',
    '汕头市',
    '440000'
  ),
  (
    205,
    '440600',
    '佛山市',
    '440000'
  ),
  (
    206,
    '440700',
    '江门市',
    '440000'
  ),
  (
    207,
    '440800',
    '湛江市',
    '440000'
  ),
  (
    208,
    '440900',
    '茂名市',
    '440000'
  ),
  (
    209,
    '441200',
    '肇庆市',
    '440000'
  ),
  (
    210,
    '441300',
    '惠州市',
    '440000'
  ),
  (
    211,
    '441400',
    '梅州市',
    '440000'
  ),
  (
    212,
    '441500',
    '汕尾市',
    '440000'
  ),
  (
    213,
    '441600',
    '河源市',
    '440000'
  ),
  (
    214,
    '441700',
    '阳江市',
    '440000'
  ),
  (
    215,
    '441800',
    '清远市',
    '440000'
  ),
  (
    216,
    '441900',
    '东莞市',
    '440000'
  ),
  (
    217,
    '442000',
    '中山市',
    '440000'
  ),
  (
    218,
    '445100',
    '潮州市',
    '440000'
  ),
  (
    219,
    '445200',
    '揭阳市',
    '440000'
  ),
  (
    220,
    '445300',
    '云浮市',
    '440000'
  ),
  (
    221,
    '450100',
    '南宁市',
    '450000'
  ),
  (
    222,
    '450200',
    '柳州市',
    '450000'
  ),
  (
    223,
    '450300',
    '桂林市',
    '450000'
  ),
  (
    224,
    '450400',
    '梧州市',
    '450000'
  ),
  (
    225,
    '450500',
    '北海市',
    '450000'
  ),
  (
    226,
    '450600',
    '防城港市',
    '450000'
  ),
  (
    227,
    '450700',
    '钦州市',
    '450000'
  ),
  (
    228,
    '450800',
    '贵港市',
    '450000'
  ),
  (
    229,
    '450900',
    '玉林市',
    '450000'
  ),
  (
    230,
    '451000',
    '百色市',
    '450000'
  ),
  (
    231,
    '451100',
    '贺州市',
    '450000'
  ),
  (
    232,
    '451200',
    '河池市',
    '450000'
  ),
  (
    233,
    '451300',
    '来宾市',
    '450000'
  ),
  (
    234,
    '451400',
    '崇左市',
    '450000'
  ),
  (
    235,
    '460100',
    '海口市',
    '460000'
  ),
  (
    236,
    '460200',
    '三亚市',
    '460000'
  ),
  (
    237,
    '469000',
    '省直辖县级行政单位',
    '460000'
  ),
  (
    238,
    '500100',
    '重庆市',
    '500000'
  ),
  (
    239,
    '5002xx',
    '重庆下属县',
    '5000xx'
  ),
  (
    240,
    '5003xx',
    '重庆下属市',
    '5000xx'
  ),
  (
    241,
    '510100',
    '成都市',
    '510000'
  ),
  (
    242,
    '510300',
    '自贡市',
    '510000'
  ),
  (
    243,
    '510400',
    '攀枝花市',
    '510000'
  ),
  (
    244,
    '510500',
    '泸州市',
    '510000'
  ),
  (
    245,
    '510600',
    '德阳市',
    '510000'
  ),
  (
    246,
    '510700',
    '绵阳市',
    '510000'
  ),
  (
    247,
    '510800',
    '广元市',
    '510000'
  ),
  (
    248,
    '510900',
    '遂宁市',
    '510000'
  ),
  (
    249,
    '511000',
    '内江市',
    '510000'
  ),
  (
    250,
    '511100',
    '乐山市',
    '510000'
  ),
  (
    251,
    '511300',
    '南充市',
    '510000'
  ),
  (
    252,
    '511400',
    '眉山市',
    '510000'
  ),
  (
    253,
    '511500',
    '宜宾市',
    '510000'
  ),
  (
    254,
    '511600',
    '广安市',
    '510000'
  ),
  (
    255,
    '511700',
    '达州市',
    '510000'
  ),
  (
    256,
    '511800',
    '雅安市',
    '510000'
  ),
  (
    257,
    '511900',
    '巴中市',
    '510000'
  ),
  (
    258,
    '512000',
    '资阳市',
    '510000'
  ),
  (
    259,
    '513200',
    '阿坝藏族羌族自治州',
    '510000'
  ),
  (
    260,
    '513300',
    '甘孜藏族自治州',
    '510000'
  ),
  (
    261,
    '513400',
    '凉山彝族自治州',
    '510000'
  ),
  (
    262,
    '520100',
    '贵阳市',
    '520000'
  ),
  (
    263,
    '520200',
    '六盘水市',
    '520000'
  ),
  (
    264,
    '520300',
    '遵义市',
    '520000'
  ),
  (
    265,
    '520400',
    '安顺市',
    '520000'
  ),
  (
    266,
    '522200',
    '铜仁地区',
    '520000'
  ),
  (
    267,
    '522300',
    '黔西南布依族苗族自治州',
    '520000'
  ),
  (
    268,
    '522400',
    '毕节地区',
    '520000'
  ),
  (
    269,
    '522600',
    '黔东南苗族侗族自治州',
    '520000'
  ),
  (
    270,
    '522700',
    '黔南布依族苗族自治州',
    '520000'
  ),
  (
    271,
    '530100',
    '昆明市',
    '530000'
  ),
  (
    272,
    '530300',
    '曲靖市',
    '530000'
  ),
  (
    273,
    '530400',
    '玉溪市',
    '530000'
  ),
  (
    274,
    '530500',
    '保山市',
    '530000'
  ),
  (
    275,
    '530600',
    '昭通市',
    '530000'
  ),
  (
    276,
    '530700',
    '丽江市',
    '530000'
  ),
  (
    277,
    '530800',
    '思茅市',
    '530000'
  ),
  (
    278,
    '530900',
    '临沧市',
    '530000'
  ),
  (
    279,
    '532300',
    '楚雄彝族自治州',
    '530000'
  ),
  (
    280,
    '532500',
    '红河哈尼族彝族自治州',
    '530000'
  ),
  (
    281,
    '532600',
    '文山壮族苗族自治州',
    '530000'
  ),
  (
    282,
    '532800',
    '西双版纳傣族自治州',
    '530000'
  ),
  (
    283,
    '532900',
    '大理白族自治州',
    '530000'
  ),
  (
    284,
    '533100',
    '德宏傣族景颇族自治州',
    '530000'
  ),
  (
    285,
    '533300',
    '怒江傈僳族自治州',
    '530000'
  ),
  (
    286,
    '533400',
    '迪庆藏族自治州',
    '530000'
  ),
  (
    287,
    '540100',
    '拉萨市',
    '540000'
  ),
  (
    288,
    '542100',
    '昌都地区',
    '540000'
  ),
  (
    289,
    '542200',
    '山南地区',
    '540000'
  ),
  (
    290,
    '542300',
    '日喀则地区',
    '540000'
  ),
  (
    291,
    '542400',
    '那曲地区',
    '540000'
  ),
  (
    292,
    '542500',
    '阿里地区',
    '540000'
  ),
  (
    293,
    '542600',
    '林芝地区',
    '540000'
  ),
  (
    294,
    '610100',
    '西安市',
    '610000'
  ),
  (
    295,
    '610200',
    '铜川市',
    '610000'
  ),
  (
    296,
    '610300',
    '宝鸡市',
    '610000'
  ),
  (
    297,
    '610400',
    '咸阳市',
    '610000'
  ),
  (
    298,
    '610500',
    '渭南市',
    '610000'
  ),
  (
    299,
    '610600',
    '延安市',
    '610000'
  ),
  (
    300,
    '610700',
    '汉中市',
    '610000'
  ),
  (
    301,
    '610800',
    '榆林市',
    '610000'
  ),
  (
    302,
    '610900',
    '安康市',
    '610000'
  ),
  (
    303,
    '611000',
    '商洛市',
    '610000'
  ),
  (
    304,
    '620100',
    '兰州市',
    '620000'
  ),
  (
    305,
    '620200',
    '嘉峪关市',
    '620000'
  ),
  (
    306,
    '620300',
    '金昌市',
    '620000'
  ),
  (
    307,
    '620400',
    '白银市',
    '620000'
  ),
  (
    308,
    '620500',
    '天水市',
    '620000'
  ),
  (
    309,
    '620600',
    '武威市',
    '620000'
  ),
  (
    310,
    '620700',
    '张掖市',
    '620000'
  ),
  (
    311,
    '620800',
    '平凉市',
    '620000'
  ),
  (
    312,
    '620900',
    '酒泉市',
    '620000'
  ),
  (
    313,
    '621000',
    '庆阳市',
    '620000'
  ),
  (
    314,
    '621100',
    '定西市',
    '620000'
  ),
  (
    315,
    '621200',
    '陇南市',
    '620000'
  ),
  (
    316,
    '622900',
    '临夏回族自治州',
    '620000'
  ),
  (
    317,
    '623000',
    '甘南藏族自治州',
    '620000'
  ),
  (
    318,
    '630100',
    '西宁市',
    '630000'
  ),
  (
    319,
    '632100',
    '海东地区',
    '630000'
  ),
  (
    320,
    '632200',
    '海北藏族自治州',
    '630000'
  ),
  (
    321,
    '632300',
    '黄南藏族自治州',
    '630000'
  ),
  (
    322,
    '632500',
    '海南藏族自治州',
    '630000'
  ),
  (
    323,
    '632600',
    '果洛藏族自治州',
    '630000'
  ),
  (
    324,
    '632700',
    '玉树藏族自治州',
    '630000'
  ),
  (
    325,
    '632800',
    '海西蒙古族藏族自治州',
    '630000'
  ),
  (
    326,
    '640100',
    '银川市',
    '640000'
  ),
  (
    327,
    '640200',
    '石嘴山市',
    '640000'
  ),
  (
    328,
    '640300',
    '吴忠市',
    '640000'
  ),
  (
    329,
    '640400',
    '固原市',
    '640000'
  ),
  (
    330,
    '640500',
    '中卫市',
    '640000'
  ),
  (
    331,
    '650100',
    '乌鲁木齐市',
    '650000'
  ),
  (
    332,
    '650200',
    '克拉玛依市',
    '650000'
  ),
  (
    333,
    '652100',
    '吐鲁番地区',
    '650000'
  ),
  (
    334,
    '652200',
    '哈密地区',
    '650000'
  ),
  (
    335,
    '652300',
    '昌吉回族自治州',
    '650000'
  ),
  (
    336,
    '652700',
    '博尔塔拉蒙古自治州',
    '650000'
  ),
  (
    337,
    '652800',
    '巴音郭楞蒙古自治州',
    '650000'
  ),
  (
    338,
    '652900',
    '阿克苏地区',
    '650000'
  ),
  (
    339,
    '653000',
    '克孜勒苏柯尔克孜自治州',
    '650000'
  ),
  (
    340,
    '653100',
    '喀什地区',
    '650000'
  ),
  (
    341,
    '653200',
    '和田地区',
    '650000'
  ),
  (
    342,
    '654000',
    '伊犁哈萨克自治州',
    '650000'
  ),
  (
    343,
    '654200',
    '塔城地区',
    '650000'
  ),
  (
    344,
    '654300',
    '阿勒泰地区',
    '650000'
  ),
  (
    345,
    '659000',
    '省直辖行政单位',
    '650000'
  ) ;

/*Table structure for table `t_address_province` */
DROP TABLE IF EXISTS `t_address_province` ;

CREATE TABLE `t_address_province` (
  `id` INT (11) NOT NULL AUTO_INCREMENT COMMENT '主键',
  `p_code` CHAR(6) NOT NULL COMMENT '省份编码',
  `p_name` VARCHAR (40) NOT NULL COMMENT '省份名称',
  PRIMARY KEY (`id`)
) ENGINE = INNODB AUTO_INCREMENT = 35 DEFAULT CHARSET = utf8 COMMENT = '省份信息表' ;

/*Data for the table `t_address_province` */
INSERT INTO `t_address_province` (`id`, `p_code`, `p_name`) 
VALUES
  (1, '110000', '北京市'),
  (2, '120000', '天津市'),
  (3, '130000', '河北省'),
  (4, '140000', '山西省'),
  (5, '150000', '内蒙古自治区'),
  (6, '210000', '辽宁省'),
  (7, '220000', '吉林省'),
  (8, '230000', '黑龙江省'),
  (9, '310000', '上海市'),
  (10, '320000', '江苏省'),
  (11, '330000', '浙江省'),
  (12, '340000', '安徽省'),
  (13, '350000', '福建省'),
  (14, '360000', '江西省'),
  (15, '370000', '山东省'),
  (16, '410000', '河南省'),
  (17, '420000', '湖北省'),
  (18, '430000', '湖南省'),
  (19, '440000', '广东省'),
  (
    20,
    '450000',
    '广西壮族自治区'
  ),
  (21, '460000', '海南省'),
  (22, '500000', '重庆市'),
  (23, '510000', '四川省'),
  (24, '520000', '贵州省'),
  (25, '530000', '云南省'),
  (26, '540000', '西藏自治区'),
  (27, '610000', '陕西省'),
  (28, '620000', '甘肃省'),
  (29, '630000', '青海省'),
  (
    30,
    '640000',
    '宁夏回族自治区'
  ),
  (
    31,
    '650000',
    '新疆维吾尔自治区'
  ),
  (32, '710000', '台湾省'),
  (
    33,
    '810000',
    '香港特别行政区'
  ),
  (
    34,
    '820000',
    '澳门特别行政区'
  ) ;

/*Table structure for table `t_address_town` */
DROP TABLE IF EXISTS `t_address_town` ;

CREATE TABLE `t_address_town` (
  `id` INT (11) NOT NULL AUTO_INCREMENT COMMENT '主键',
  `t_code` CHAR(6) NOT NULL COMMENT '区县编码',
  `t_name` VARCHAR (40) NOT NULL COMMENT '区县名称',
  `t_cityCode` CHAR(6) NOT NULL COMMENT '所属城市编码',
  PRIMARY KEY (`id`)
) ENGINE = INNODB AUTO_INCREMENT = 3145 DEFAULT CHARSET = utf8 COMMENT = '区县信息表' ;

/*Data for the table `t_address_town` */
INSERT INTO `t_address_town` (
  `id`,
  `t_code`,
  `t_name`,
  `t_cityCode`
) 
VALUES
  (1, '110101', '东城区', '110100'),
  (2, '110102', '西城区', '110100'),
  (3, '110103', '崇文区', '110100'),
  (4, '110104', '宣武区', '110100'),
  (5, '110105', '朝阳区', '110100'),
  (6, '110106', '丰台区', '110100'),
  (
    7,
    '110107',
    '石景山区',
    '110100'
  ),
  (8, '110108', '海淀区', '110100'),
  (
    9,
    '110109',
    '门头沟区',
    '110100'
  ),
  (10, '110111', '房山区', '110100'),
  (11, '110112', '通州区', '110100'),
  (12, '110113', '顺义区', '110100'),
  (13, '110114', '昌平区', '110100'),
  (14, '110115', '大兴区', '110100'),
  (15, '110116', '怀柔区', '110100'),
  (16, '110117', '平谷区', '110100'),
  (17, '110228', '密云县', '110100'),
  (18, '110229', '延庆县', '110100'),
  (19, '120101', '和平区', '120100'),
  (20, '120102', '河东区', '120100'),
  (21, '120103', '河西区', '120100'),
  (22, '120104', '南开区', '120100'),
  (23, '120105', '河北区', '120100'),
  (24, '120106', '红桥区', '120100'),
  (25, '120107', '塘沽区', '120100'),
  (26, '120108', '汉沽区', '120100'),
  (27, '120109', '大港区', '120100'),
  (28, '120110', '东丽区', '120100'),
  (29, '120111', '西青区', '120100'),
  (30, '120112', '津南区', '120100'),
  (31, '120113', '北辰区', '120100'),
  (32, '120114', '武清区', '120100'),
  (33, '120115', '宝坻区', '120100'),
  (34, '120221', '宁河县', '120100'),
  (35, '120223', '静海县', '120100'),
  (36, '120225', '蓟　县', '120100'),
  (37, '130101', '市辖区', '130100'),
  (38, '130102', '长安区', '130100'),
  (39, '130103', '桥东区', '130100'),
  (40, '130104', '桥西区', '130100'),
  (41, '130105', '新华区', '130100'),
  (
    42,
    '130107',
    '井陉矿区',
    '130100'
  ),
  (43, '130108', '裕华区', '130100'),
  (44, '130121', '井陉县', '130100'),
  (45, '130123', '正定县', '130100'),
  (46, '130124', '栾城县', '130100'),
  (47, '130125', '行唐县', '130100'),
  (48, '130126', '灵寿县', '130100'),
  (49, '130127', '高邑县', '130100'),
  (50, '130128', '深泽县', '130100'),
  (51, '130129', '赞皇县', '130100'),
  (52, '130130', '无极县', '130100'),
  (53, '130131', '平山县', '130100'),
  (54, '130132', '元氏县', '130100'),
  (55, '130133', '赵　县', '130100'),
  (56, '130181', '辛集市', '130100'),
  (57, '130182', '藁城市', '130100'),
  (58, '130183', '晋州市', '130100'),
  (59, '130184', '新乐市', '130100'),
  (60, '130185', '鹿泉市', '130100'),
  (61, '130201', '市辖区', '130200'),
  (62, '130202', '路南区', '130200'),
  (63, '130203', '路北区', '130200'),
  (64, '130204', '古冶区', '130200'),
  (65, '130205', '开平区', '130200'),
  (66, '130207', '丰南区', '130200'),
  (67, '130208', '丰润区', '130200'),
  (68, '130223', '滦　县', '130200'),
  (69, '130224', '滦南县', '130200'),
  (70, '130225', '乐亭县', '130200'),
  (71, '130227', '迁西县', '130200'),
  (72, '130229', '玉田县', '130200'),
  (73, '130230', '唐海县', '130200'),
  (74, '130281', '遵化市', '130200'),
  (75, '130283', '迁安市', '130200'),
  (76, '130301', '市辖区', '130300'),
  (77, '130302', '海港区', '130300'),
  (
    78,
    '130303',
    '山海关区',
    '130300'
  ),
  (
    79,
    '130304',
    '北戴河区',
    '130300'
  ),
  (
    80,
    '130321',
    '青龙满族自治县',
    '130300'
  ),
  (81, '130322', '昌黎县', '130300'),
  (82, '130323', '抚宁县', '130300'),
  (83, '130324', '卢龙县', '130300'),
  (84, '130401', '市辖区', '130400'),
  (85, '130402', '邯山区', '130400'),
  (86, '130403', '丛台区', '130400'),
  (87, '130404', '复兴区', '130400'),
  (
    88,
    '130406',
    '峰峰矿区',
    '130400'
  ),
  (89, '130421', '邯郸县', '130400'),
  (90, '130423', '临漳县', '130400'),
  (91, '130424', '成安县', '130400'),
  (92, '130425', '大名县', '130400'),
  (93, '130426', '涉　县', '130400'),
  (94, '130427', '磁　县', '130400'),
  (95, '130428', '肥乡县', '130400'),
  (96, '130429', '永年县', '130400'),
  (97, '130430', '邱　县', '130400'),
  (98, '130431', '鸡泽县', '130400'),
  (99, '130432', '广平县', '130400'),
  (
    100,
    '130433',
    '馆陶县',
    '130400'
  ),
  (
    101,
    '130434',
    '魏　县',
    '130400'
  ),
  (
    102,
    '130435',
    '曲周县',
    '130400'
  ),
  (
    103,
    '130481',
    '武安市',
    '130400'
  ),
  (
    104,
    '130501',
    '市辖区',
    '130500'
  ),
  (
    105,
    '130502',
    '桥东区',
    '130500'
  ),
  (
    106,
    '130503',
    '桥西区',
    '130500'
  ),
  (
    107,
    '130521',
    '邢台县',
    '130500'
  ),
  (
    108,
    '130522',
    '临城县',
    '130500'
  ),
  (
    109,
    '130523',
    '内丘县',
    '130500'
  ),
  (
    110,
    '130524',
    '柏乡县',
    '130500'
  ),
  (
    111,
    '130525',
    '隆尧县',
    '130500'
  ),
  (
    112,
    '130526',
    '任　县',
    '130500'
  ),
  (
    113,
    '130527',
    '南和县',
    '130500'
  ),
  (
    114,
    '130528',
    '宁晋县',
    '130500'
  ),
  (
    115,
    '130529',
    '巨鹿县',
    '130500'
  ),
  (
    116,
    '130530',
    '新河县',
    '130500'
  ),
  (
    117,
    '130531',
    '广宗县',
    '130500'
  ),
  (
    118,
    '130532',
    '平乡县',
    '130500'
  ),
  (
    119,
    '130533',
    '威　县',
    '130500'
  ),
  (
    120,
    '130534',
    '清河县',
    '130500'
  ),
  (
    121,
    '130535',
    '临西县',
    '130500'
  ),
  (
    122,
    '130581',
    '南宫市',
    '130500'
  ),
  (
    123,
    '130582',
    '沙河市',
    '130500'
  ),
  (
    124,
    '130601',
    '市辖区',
    '130600'
  ),
  (
    125,
    '130602',
    '新市区',
    '130600'
  ),
  (
    126,
    '130603',
    '北市区',
    '130600'
  ),
  (
    127,
    '130604',
    '南市区',
    '130600'
  ),
  (
    128,
    '130621',
    '满城县',
    '130600'
  ),
  (
    129,
    '130622',
    '清苑县',
    '130600'
  ),
  (
    130,
    '130623',
    '涞水县',
    '130600'
  ),
  (
    131,
    '130624',
    '阜平县',
    '130600'
  ),
  (
    132,
    '130625',
    '徐水县',
    '130600'
  ),
  (
    133,
    '130626',
    '定兴县',
    '130600'
  ),
  (
    134,
    '130627',
    '唐　县',
    '130600'
  ),
  (
    135,
    '130628',
    '高阳县',
    '130600'
  ),
  (
    136,
    '130629',
    '容城县',
    '130600'
  ),
  (
    137,
    '130630',
    '涞源县',
    '130600'
  ),
  (
    138,
    '130631',
    '望都县',
    '130600'
  ),
  (
    139,
    '130632',
    '安新县',
    '130600'
  ),
  (
    140,
    '130633',
    '易　县',
    '130600'
  ),
  (
    141,
    '130634',
    '曲阳县',
    '130600'
  ),
  (
    142,
    '130635',
    '蠡　县',
    '130600'
  ),
  (
    143,
    '130636',
    '顺平县',
    '130600'
  ),
  (
    144,
    '130637',
    '博野县',
    '130600'
  ),
  (
    145,
    '130638',
    '雄　县',
    '130600'
  ),
  (
    146,
    '130681',
    '涿州市',
    '130600'
  ),
  (
    147,
    '130682',
    '定州市',
    '130600'
  ),
  (
    148,
    '130683',
    '安国市',
    '130600'
  ),
  (
    149,
    '130684',
    '高碑店市',
    '130600'
  ),
  (
    150,
    '130701',
    '市辖区',
    '130700'
  ),
  (
    151,
    '130702',
    '桥东区',
    '130700'
  ),
  (
    152,
    '130703',
    '桥西区',
    '130700'
  ),
  (
    153,
    '130705',
    '宣化区',
    '130700'
  ),
  (
    154,
    '130706',
    '下花园区',
    '130700'
  ),
  (
    155,
    '130721',
    '宣化县',
    '130700'
  ),
  (
    156,
    '130722',
    '张北县',
    '130700'
  ),
  (
    157,
    '130723',
    '康保县',
    '130700'
  ),
  (
    158,
    '130724',
    '沽源县',
    '130700'
  ),
  (
    159,
    '130725',
    '尚义县',
    '130700'
  ),
  (
    160,
    '130726',
    '蔚　县',
    '130700'
  ),
  (
    161,
    '130727',
    '阳原县',
    '130700'
  ),
  (
    162,
    '130728',
    '怀安县',
    '130700'
  ),
  (
    163,
    '130729',
    '万全县',
    '130700'
  ),
  (
    164,
    '130730',
    '怀来县',
    '130700'
  ),
  (
    165,
    '130731',
    '涿鹿县',
    '130700'
  ),
  (
    166,
    '130732',
    '赤城县',
    '130700'
  ),
  (
    167,
    '130733',
    '崇礼县',
    '130700'
  ),
  (
    168,
    '130801',
    '市辖区',
    '130800'
  ),
  (
    169,
    '130802',
    '双桥区',
    '130800'
  ),
  (
    170,
    '130803',
    '双滦区',
    '130800'
  ),
  (
    171,
    '130804',
    '鹰手营子矿区',
    '130800'
  ),
  (
    172,
    '130821',
    '承德县',
    '130800'
  ),
  (
    173,
    '130822',
    '兴隆县',
    '130800'
  ),
  (
    174,
    '130823',
    '平泉县',
    '130800'
  ),
  (
    175,
    '130824',
    '滦平县',
    '130800'
  ),
  (
    176,
    '130825',
    '隆化县',
    '130800'
  ),
  (
    177,
    '130826',
    '丰宁满族自治县',
    '130800'
  ),
  (
    178,
    '130827',
    '宽城满族自治县',
    '130800'
  ),
  (
    179,
    '130828',
    '围场满族蒙古族自治县',
    '130800'
  ),
  (
    180,
    '130901',
    '市辖区',
    '130900'
  ),
  (
    181,
    '130902',
    '新华区',
    '130900'
  ),
  (
    182,
    '130903',
    '运河区',
    '130900'
  ),
  (
    183,
    '130921',
    '沧　县',
    '130900'
  ),
  (
    184,
    '130922',
    '青　县',
    '130900'
  ),
  (
    185,
    '130923',
    '东光县',
    '130900'
  ),
  (
    186,
    '130924',
    '海兴县',
    '130900'
  ),
  (
    187,
    '130925',
    '盐山县',
    '130900'
  ),
  (
    188,
    '130926',
    '肃宁县',
    '130900'
  ),
  (
    189,
    '130927',
    '南皮县',
    '130900'
  ),
  (
    190,
    '130928',
    '吴桥县',
    '130900'
  ),
  (
    191,
    '130929',
    '献　县',
    '130900'
  ),
  (
    192,
    '130930',
    '孟村回族自治县',
    '130900'
  ),
  (
    193,
    '130981',
    '泊头市',
    '130900'
  ),
  (
    194,
    '130982',
    '任丘市',
    '130900'
  ),
  (
    195,
    '130983',
    '黄骅市',
    '130900'
  ),
  (
    196,
    '130984',
    '河间市',
    '130900'
  ),
  (
    197,
    '131001',
    '市辖区',
    '131000'
  ),
  (
    198,
    '131002',
    '安次区',
    '131000'
  ),
  (
    199,
    '131003',
    '广阳区',
    '131000'
  ),
  (
    200,
    '131022',
    '固安县',
    '131000'
  ),
  (
    201,
    '131023',
    '永清县',
    '131000'
  ),
  (
    202,
    '131024',
    '香河县',
    '131000'
  ),
  (
    203,
    '131025',
    '大城县',
    '131000'
  ),
  (
    204,
    '131026',
    '文安县',
    '131000'
  ),
  (
    205,
    '131028',
    '大厂回族自治县',
    '131000'
  ),
  (
    206,
    '131081',
    '霸州市',
    '131000'
  ),
  (
    207,
    '131082',
    '三河市',
    '131000'
  ),
  (
    208,
    '131101',
    '市辖区',
    '131100'
  ),
  (
    209,
    '131102',
    '桃城区',
    '131100'
  ),
  (
    210,
    '131121',
    '枣强县',
    '131100'
  ),
  (
    211,
    '131122',
    '武邑县',
    '131100'
  ),
  (
    212,
    '131123',
    '武强县',
    '131100'
  ),
  (
    213,
    '131124',
    '饶阳县',
    '131100'
  ),
  (
    214,
    '131125',
    '安平县',
    '131100'
  ),
  (
    215,
    '131126',
    '故城县',
    '131100'
  ),
  (
    216,
    '131127',
    '景　县',
    '131100'
  ),
  (
    217,
    '131128',
    '阜城县',
    '131100'
  ),
  (
    218,
    '131181',
    '冀州市',
    '131100'
  ),
  (
    219,
    '131182',
    '深州市',
    '131100'
  ),
  (
    220,
    '140101',
    '市辖区',
    '140100'
  ),
  (
    221,
    '140105',
    '小店区',
    '140100'
  ),
  (
    222,
    '140106',
    '迎泽区',
    '140100'
  ),
  (
    223,
    '140107',
    '杏花岭区',
    '140100'
  ),
  (
    224,
    '140108',
    '尖草坪区',
    '140100'
  ),
  (
    225,
    '140109',
    '万柏林区',
    '140100'
  ),
  (
    226,
    '140110',
    '晋源区',
    '140100'
  ),
  (
    227,
    '140121',
    '清徐县',
    '140100'
  ),
  (
    228,
    '140122',
    '阳曲县',
    '140100'
  ),
  (
    229,
    '140123',
    '娄烦县',
    '140100'
  ),
  (
    230,
    '140181',
    '古交市',
    '140100'
  ),
  (
    231,
    '140201',
    '市辖区',
    '140200'
  ),
  (
    232,
    '140202',
    '城　区',
    '140200'
  ),
  (
    233,
    '140203',
    '矿　区',
    '140200'
  ),
  (
    234,
    '140211',
    '南郊区',
    '140200'
  ),
  (
    235,
    '140212',
    '新荣区',
    '140200'
  ),
  (
    236,
    '140221',
    '阳高县',
    '140200'
  ),
  (
    237,
    '140222',
    '天镇县',
    '140200'
  ),
  (
    238,
    '140223',
    '广灵县',
    '140200'
  ),
  (
    239,
    '140224',
    '灵丘县',
    '140200'
  ),
  (
    240,
    '140225',
    '浑源县',
    '140200'
  ),
  (
    241,
    '140226',
    '左云县',
    '140200'
  ),
  (
    242,
    '140227',
    '大同县',
    '140200'
  ),
  (
    243,
    '140301',
    '市辖区',
    '140300'
  ),
  (
    244,
    '140302',
    '城　区',
    '140300'
  ),
  (
    245,
    '140303',
    '矿　区',
    '140300'
  ),
  (
    246,
    '140311',
    '郊　区',
    '140300'
  ),
  (
    247,
    '140321',
    '平定县',
    '140300'
  ),
  (
    248,
    '140322',
    '盂　县',
    '140300'
  ),
  (
    249,
    '140401',
    '市辖区',
    '140400'
  ),
  (
    250,
    '140402',
    '城　区',
    '140400'
  ),
  (
    251,
    '140411',
    '郊　区',
    '140400'
  ),
  (
    252,
    '140421',
    '长治县',
    '140400'
  ),
  (
    253,
    '140423',
    '襄垣县',
    '140400'
  ),
  (
    254,
    '140424',
    '屯留县',
    '140400'
  ),
  (
    255,
    '140425',
    '平顺县',
    '140400'
  ),
  (
    256,
    '140426',
    '黎城县',
    '140400'
  ),
  (
    257,
    '140427',
    '壶关县',
    '140400'
  ),
  (
    258,
    '140428',
    '长子县',
    '140400'
  ),
  (
    259,
    '140429',
    '武乡县',
    '140400'
  ),
  (
    260,
    '140430',
    '沁　县',
    '140400'
  ),
  (
    261,
    '140431',
    '沁源县',
    '140400'
  ),
  (
    262,
    '140481',
    '潞城市',
    '140400'
  ),
  (
    263,
    '140501',
    '市辖区',
    '140500'
  ),
  (
    264,
    '140502',
    '城　区',
    '140500'
  ),
  (
    265,
    '140521',
    '沁水县',
    '140500'
  ),
  (
    266,
    '140522',
    '阳城县',
    '140500'
  ),
  (
    267,
    '140524',
    '陵川县',
    '140500'
  ),
  (
    268,
    '140525',
    '泽州县',
    '140500'
  ),
  (
    269,
    '140581',
    '高平市',
    '140500'
  ),
  (
    270,
    '140601',
    '市辖区',
    '140600'
  ),
  (
    271,
    '140602',
    '朔城区',
    '140600'
  ),
  (
    272,
    '140603',
    '平鲁区',
    '140600'
  ),
  (
    273,
    '140621',
    '山阴县',
    '140600'
  ),
  (
    274,
    '140622',
    '应　县',
    '140600'
  ),
  (
    275,
    '140623',
    '右玉县',
    '140600'
  ),
  (
    276,
    '140624',
    '怀仁县',
    '140600'
  ),
  (
    277,
    '140701',
    '市辖区',
    '140700'
  ),
  (
    278,
    '140702',
    '榆次区',
    '140700'
  ),
  (
    279,
    '140721',
    '榆社县',
    '140700'
  ),
  (
    280,
    '140722',
    '左权县',
    '140700'
  ),
  (
    281,
    '140723',
    '和顺县',
    '140700'
  ),
  (
    282,
    '140724',
    '昔阳县',
    '140700'
  ),
  (
    283,
    '140725',
    '寿阳县',
    '140700'
  ),
  (
    284,
    '140726',
    '太谷县',
    '140700'
  ),
  (
    285,
    '140727',
    '祁　县',
    '140700'
  ),
  (
    286,
    '140728',
    '平遥县',
    '140700'
  ),
  (
    287,
    '140729',
    '灵石县',
    '140700'
  ),
  (
    288,
    '140781',
    '介休市',
    '140700'
  ),
  (
    289,
    '140801',
    '市辖区',
    '140800'
  ),
  (
    290,
    '140802',
    '盐湖区',
    '140800'
  ),
  (
    291,
    '140821',
    '临猗县',
    '140800'
  ),
  (
    292,
    '140822',
    '万荣县',
    '140800'
  ),
  (
    293,
    '140823',
    '闻喜县',
    '140800'
  ),
  (
    294,
    '140824',
    '稷山县',
    '140800'
  ),
  (
    295,
    '140825',
    '新绛县',
    '140800'
  ),
  (
    296,
    '140826',
    '绛　县',
    '140800'
  ),
  (
    297,
    '140827',
    '垣曲县',
    '140800'
  ),
  (
    298,
    '140828',
    '夏　县',
    '140800'
  ),
  (
    299,
    '140829',
    '平陆县',
    '140800'
  ),
  (
    300,
    '140830',
    '芮城县',
    '140800'
  ),
  (
    301,
    '140881',
    '永济市',
    '140800'
  ),
  (
    302,
    '140882',
    '河津市',
    '140800'
  ),
  (
    303,
    '140901',
    '市辖区',
    '140900'
  ),
  (
    304,
    '140902',
    '忻府区',
    '140900'
  ),
  (
    305,
    '140921',
    '定襄县',
    '140900'
  ),
  (
    306,
    '140922',
    '五台县',
    '140900'
  ),
  (
    307,
    '140923',
    '代　县',
    '140900'
  ),
  (
    308,
    '140924',
    '繁峙县',
    '140900'
  ),
  (
    309,
    '140925',
    '宁武县',
    '140900'
  ),
  (
    310,
    '140926',
    '静乐县',
    '140900'
  ),
  (
    311,
    '140927',
    '神池县',
    '140900'
  ),
  (
    312,
    '140928',
    '五寨县',
    '140900'
  ),
  (
    313,
    '140929',
    '岢岚县',
    '140900'
  ),
  (
    314,
    '140930',
    '河曲县',
    '140900'
  ),
  (
    315,
    '140931',
    '保德县',
    '140900'
  ),
  (
    316,
    '140932',
    '偏关县',
    '140900'
  ),
  (
    317,
    '140981',
    '原平市',
    '140900'
  ),
  (
    318,
    '141001',
    '市辖区',
    '141000'
  ),
  (
    319,
    '141002',
    '尧都区',
    '141000'
  ),
  (
    320,
    '141021',
    '曲沃县',
    '141000'
  ),
  (
    321,
    '141022',
    '翼城县',
    '141000'
  ),
  (
    322,
    '141023',
    '襄汾县',
    '141000'
  ),
  (
    323,
    '141024',
    '洪洞县',
    '141000'
  ),
  (
    324,
    '141025',
    '古　县',
    '141000'
  ),
  (
    325,
    '141026',
    '安泽县',
    '141000'
  ),
  (
    326,
    '141027',
    '浮山县',
    '141000'
  ),
  (
    327,
    '141028',
    '吉　县',
    '141000'
  ),
  (
    328,
    '141029',
    '乡宁县',
    '141000'
  ),
  (
    329,
    '141030',
    '大宁县',
    '141000'
  ),
  (
    330,
    '141031',
    '隰　县',
    '141000'
  ),
  (
    331,
    '141032',
    '永和县',
    '141000'
  ),
  (
    332,
    '141033',
    '蒲　县',
    '141000'
  ),
  (
    333,
    '141034',
    '汾西县',
    '141000'
  ),
  (
    334,
    '141081',
    '侯马市',
    '141000'
  ),
  (
    335,
    '141082',
    '霍州市',
    '141000'
  ),
  (
    336,
    '141101',
    '市辖区',
    '141100'
  ),
  (
    337,
    '141102',
    '离石区',
    '141100'
  ),
  (
    338,
    '141121',
    '文水县',
    '141100'
  ),
  (
    339,
    '141122',
    '交城县',
    '141100'
  ),
  (
    340,
    '141123',
    '兴　县',
    '141100'
  ),
  (
    341,
    '141124',
    '临　县',
    '141100'
  ),
  (
    342,
    '141125',
    '柳林县',
    '141100'
  ),
  (
    343,
    '141126',
    '石楼县',
    '141100'
  ),
  (
    344,
    '141127',
    '岚　县',
    '141100'
  ),
  (
    345,
    '141128',
    '方山县',
    '141100'
  ),
  (
    346,
    '141129',
    '中阳县',
    '141100'
  ),
  (
    347,
    '141130',
    '交口县',
    '141100'
  ),
  (
    348,
    '141181',
    '孝义市',
    '141100'
  ),
  (
    349,
    '141182',
    '汾阳市',
    '141100'
  ),
  (
    350,
    '150101',
    '市辖区',
    '150100'
  ),
  (
    351,
    '150102',
    '新城区',
    '150100'
  ),
  (
    352,
    '150103',
    '回民区',
    '150100'
  ),
  (
    353,
    '150104',
    '玉泉区',
    '150100'
  ),
  (
    354,
    '150105',
    '赛罕区',
    '150100'
  ),
  (
    355,
    '150121',
    '土默特左旗',
    '150100'
  ),
  (
    356,
    '150122',
    '托克托县',
    '150100'
  ),
  (
    357,
    '150123',
    '和林格尔县',
    '150100'
  ),
  (
    358,
    '150124',
    '清水河县',
    '150100'
  ),
  (
    359,
    '150125',
    '武川县',
    '150100'
  ),
  (
    360,
    '150201',
    '市辖区',
    '150200'
  ),
  (
    361,
    '150202',
    '东河区',
    '150200'
  ),
  (
    362,
    '150203',
    '昆都仑区',
    '150200'
  ),
  (
    363,
    '150204',
    '青山区',
    '150200'
  ),
  (
    364,
    '150205',
    '石拐区',
    '150200'
  ),
  (
    365,
    '150206',
    '白云矿区',
    '150200'
  ),
  (
    366,
    '150207',
    '九原区',
    '150200'
  ),
  (
    367,
    '150221',
    '土默特右旗',
    '150200'
  ),
  (
    368,
    '150222',
    '固阳县',
    '150200'
  ),
  (
    369,
    '150223',
    '达尔罕茂明安联合旗',
    '150200'
  ),
  (
    370,
    '150301',
    '市辖区',
    '150300'
  ),
  (
    371,
    '150302',
    '海勃湾区',
    '150300'
  ),
  (
    372,
    '150303',
    '海南区',
    '150300'
  ),
  (
    373,
    '150304',
    '乌达区',
    '150300'
  ),
  (
    374,
    '150401',
    '市辖区',
    '150400'
  ),
  (
    375,
    '150402',
    '红山区',
    '150400'
  ),
  (
    376,
    '150403',
    '元宝山区',
    '150400'
  ),
  (
    377,
    '150404',
    '松山区',
    '150400'
  ),
  (
    378,
    '150421',
    '阿鲁科尔沁旗',
    '150400'
  ),
  (
    379,
    '150422',
    '巴林左旗',
    '150400'
  ),
  (
    380,
    '150423',
    '巴林右旗',
    '150400'
  ),
  (
    381,
    '150424',
    '林西县',
    '150400'
  ),
  (
    382,
    '150425',
    '克什克腾旗',
    '150400'
  ),
  (
    383,
    '150426',
    '翁牛特旗',
    '150400'
  ),
  (
    384,
    '150428',
    '喀喇沁旗',
    '150400'
  ),
  (
    385,
    '150429',
    '宁城县',
    '150400'
  ),
  (
    386,
    '150430',
    '敖汉旗',
    '150400'
  ),
  (
    387,
    '150501',
    '市辖区',
    '150500'
  ),
  (
    388,
    '150502',
    '科尔沁区',
    '150500'
  ),
  (
    389,
    '150521',
    '科尔沁左翼中旗',
    '150500'
  ),
  (
    390,
    '150522',
    '科尔沁左翼后旗',
    '150500'
  ),
  (
    391,
    '150523',
    '开鲁县',
    '150500'
  ),
  (
    392,
    '150524',
    '库伦旗',
    '150500'
  ),
  (
    393,
    '150525',
    '奈曼旗',
    '150500'
  ),
  (
    394,
    '150526',
    '扎鲁特旗',
    '150500'
  ),
  (
    395,
    '150581',
    '霍林郭勒市',
    '150500'
  ),
  (
    396,
    '150602',
    '东胜区',
    '150600'
  ),
  (
    397,
    '150621',
    '达拉特旗',
    '150600'
  ),
  (
    398,
    '150622',
    '准格尔旗',
    '150600'
  ),
  (
    399,
    '150623',
    '鄂托克前旗',
    '150600'
  ),
  (
    400,
    '150624',
    '鄂托克旗',
    '150600'
  ),
  (
    401,
    '150625',
    '杭锦旗',
    '150600'
  ),
  (
    402,
    '150626',
    '乌审旗',
    '150600'
  ),
  (
    403,
    '150627',
    '伊金霍洛旗',
    '150600'
  ),
  (
    404,
    '150701',
    '市辖区',
    '150700'
  ),
  (
    405,
    '150702',
    '海拉尔区',
    '150700'
  ),
  (
    406,
    '150721',
    '阿荣旗',
    '150700'
  ),
  (
    407,
    '150722',
    '莫力达瓦达斡尔族自治旗',
    '150700'
  ),
  (
    408,
    '150723',
    '鄂伦春自治旗',
    '150700'
  ),
  (
    409,
    '150724',
    '鄂温克族自治旗',
    '150700'
  ),
  (
    410,
    '150725',
    '陈巴尔虎旗',
    '150700'
  ),
  (
    411,
    '150726',
    '新巴尔虎左旗',
    '150700'
  ),
  (
    412,
    '150727',
    '新巴尔虎右旗',
    '150700'
  ),
  (
    413,
    '150781',
    '满洲里市',
    '150700'
  ),
  (
    414,
    '150782',
    '牙克石市',
    '150700'
  ),
  (
    415,
    '150783',
    '扎兰屯市',
    '150700'
  ),
  (
    416,
    '150784',
    '额尔古纳市',
    '150700'
  ),
  (
    417,
    '150785',
    '根河市',
    '150700'
  ),
  (
    418,
    '150801',
    '市辖区',
    '150800'
  ),
  (
    419,
    '150802',
    '临河区',
    '150800'
  ),
  (
    420,
    '150821',
    '五原县',
    '150800'
  ),
  (
    421,
    '150822',
    '磴口县',
    '150800'
  ),
  (
    422,
    '150823',
    '乌拉特前旗',
    '150800'
  ),
  (
    423,
    '150824',
    '乌拉特中旗',
    '150800'
  ),
  (
    424,
    '150825',
    '乌拉特后旗',
    '150800'
  ),
  (
    425,
    '150826',
    '杭锦后旗',
    '150800'
  ),
  (
    426,
    '150901',
    '市辖区',
    '150900'
  ),
  (
    427,
    '150902',
    '集宁区',
    '150900'
  ),
  (
    428,
    '150921',
    '卓资县',
    '150900'
  ),
  (
    429,
    '150922',
    '化德县',
    '150900'
  ),
  (
    430,
    '150923',
    '商都县',
    '150900'
  ),
  (
    431,
    '150924',
    '兴和县',
    '150900'
  ),
  (
    432,
    '150925',
    '凉城县',
    '150900'
  ),
  (
    433,
    '150926',
    '察哈尔右翼前旗',
    '150900'
  ),
  (
    434,
    '150927',
    '察哈尔右翼中旗',
    '150900'
  ),
  (
    435,
    '150928',
    '察哈尔右翼后旗',
    '150900'
  ),
  (
    436,
    '150929',
    '四子王旗',
    '150900'
  ),
  (
    437,
    '150981',
    '丰镇市',
    '150900'
  ),
  (
    438,
    '152201',
    '乌兰浩特市',
    '152200'
  ),
  (
    439,
    '152202',
    '阿尔山市',
    '152200'
  ),
  (
    440,
    '152221',
    '科尔沁右翼前旗',
    '152200'
  ),
  (
    441,
    '152222',
    '科尔沁右翼中旗',
    '152200'
  ),
  (
    442,
    '152223',
    '扎赉特旗',
    '152200'
  ),
  (
    443,
    '152224',
    '突泉县',
    '152200'
  ),
  (
    444,
    '152501',
    '二连浩特市',
    '152500'
  ),
  (
    445,
    '152502',
    '锡林浩特市',
    '152500'
  ),
  (
    446,
    '152522',
    '阿巴嘎旗',
    '152500'
  ),
  (
    447,
    '152523',
    '苏尼特左旗',
    '152500'
  ),
  (
    448,
    '152524',
    '苏尼特右旗',
    '152500'
  ),
  (
    449,
    '152525',
    '东乌珠穆沁旗',
    '152500'
  ),
  (
    450,
    '152526',
    '西乌珠穆沁旗',
    '152500'
  ),
  (
    451,
    '152527',
    '太仆寺旗',
    '152500'
  ),
  (
    452,
    '152528',
    '镶黄旗',
    '152500'
  ),
  (
    453,
    '152529',
    '正镶白旗',
    '152500'
  ),
  (
    454,
    '152530',
    '正蓝旗',
    '152500'
  ),
  (
    455,
    '152531',
    '多伦县',
    '152500'
  ),
  (
    456,
    '152921',
    '阿拉善左旗',
    '152900'
  ),
  (
    457,
    '152922',
    '阿拉善右旗',
    '152900'
  ),
  (
    458,
    '152923',
    '额济纳旗',
    '152900'
  ),
  (
    459,
    '210101',
    '市辖区',
    '210100'
  ),
  (
    460,
    '210102',
    '和平区',
    '210100'
  ),
  (
    461,
    '210103',
    '沈河区',
    '210100'
  ),
  (
    462,
    '210104',
    '大东区',
    '210100'
  ),
  (
    463,
    '210105',
    '皇姑区',
    '210100'
  ),
  (
    464,
    '210106',
    '铁西区',
    '210100'
  ),
  (
    465,
    '210111',
    '苏家屯区',
    '210100'
  ),
  (
    466,
    '210112',
    '东陵区',
    '210100'
  ),
  (
    467,
    '210113',
    '新城子区',
    '210100'
  ),
  (
    468,
    '210114',
    '于洪区',
    '210100'
  ),
  (
    469,
    '210122',
    '辽中县',
    '210100'
  ),
  (
    470,
    '210123',
    '康平县',
    '210100'
  ),
  (
    471,
    '210124',
    '法库县',
    '210100'
  ),
  (
    472,
    '210181',
    '新民市',
    '210100'
  ),
  (
    473,
    '210201',
    '市辖区',
    '210200'
  ),
  (
    474,
    '210202',
    '中山区',
    '210200'
  ),
  (
    475,
    '210203',
    '西岗区',
    '210200'
  ),
  (
    476,
    '210204',
    '沙河口区',
    '210200'
  ),
  (
    477,
    '210211',
    '甘井子区',
    '210200'
  ),
  (
    478,
    '210212',
    '旅顺口区',
    '210200'
  ),
  (
    479,
    '210213',
    '金州区',
    '210200'
  ),
  (
    480,
    '210224',
    '长海县',
    '210200'
  ),
  (
    481,
    '210281',
    '瓦房店市',
    '210200'
  ),
  (
    482,
    '210282',
    '普兰店市',
    '210200'
  ),
  (
    483,
    '210283',
    '庄河市',
    '210200'
  ),
  (
    484,
    '210301',
    '市辖区',
    '210300'
  ),
  (
    485,
    '210302',
    '铁东区',
    '210300'
  ),
  (
    486,
    '210303',
    '铁西区',
    '210300'
  ),
  (
    487,
    '210304',
    '立山区',
    '210300'
  ),
  (
    488,
    '210311',
    '千山区',
    '210300'
  ),
  (
    489,
    '210321',
    '台安县',
    '210300'
  ),
  (
    490,
    '210323',
    '岫岩满族自治县',
    '210300'
  ),
  (
    491,
    '210381',
    '海城市',
    '210300'
  ),
  (
    492,
    '210401',
    '市辖区',
    '210400'
  ),
  (
    493,
    '210402',
    '新抚区',
    '210400'
  ),
  (
    494,
    '210403',
    '东洲区',
    '210400'
  ),
  (
    495,
    '210404',
    '望花区',
    '210400'
  ),
  (
    496,
    '210411',
    '顺城区',
    '210400'
  ),
  (
    497,
    '210421',
    '抚顺县',
    '210400'
  ),
  (
    498,
    '210422',
    '新宾满族自治县',
    '210400'
  ),
  (
    499,
    '210423',
    '清原满族自治县',
    '210400'
  ),
  (
    500,
    '210501',
    '市辖区',
    '210500'
  ),
  (
    501,
    '210502',
    '平山区',
    '210500'
  ),
  (
    502,
    '210503',
    '溪湖区',
    '210500'
  ),
  (
    503,
    '210504',
    '明山区',
    '210500'
  ),
  (
    504,
    '210505',
    '南芬区',
    '210500'
  ),
  (
    505,
    '210521',
    '本溪满族自治县',
    '210500'
  ),
  (
    506,
    '210522',
    '桓仁满族自治县',
    '210500'
  ),
  (
    507,
    '210601',
    '市辖区',
    '210600'
  ),
  (
    508,
    '210602',
    '元宝区',
    '210600'
  ),
  (
    509,
    '210603',
    '振兴区',
    '210600'
  ),
  (
    510,
    '210604',
    '振安区',
    '210600'
  ),
  (
    511,
    '210624',
    '宽甸满族自治县',
    '210600'
  ),
  (
    512,
    '210681',
    '东港市',
    '210600'
  ),
  (
    513,
    '210682',
    '凤城市',
    '210600'
  ),
  (
    514,
    '210701',
    '市辖区',
    '210700'
  ),
  (
    515,
    '210702',
    '古塔区',
    '210700'
  ),
  (
    516,
    '210703',
    '凌河区',
    '210700'
  ),
  (
    517,
    '210711',
    '太和区',
    '210700'
  ),
  (
    518,
    '210726',
    '黑山县',
    '210700'
  ),
  (
    519,
    '210727',
    '义　县',
    '210700'
  ),
  (
    520,
    '210781',
    '凌海市',
    '210700'
  ),
  (
    521,
    '210782',
    '北宁市',
    '210700'
  ),
  (
    522,
    '210801',
    '市辖区',
    '210800'
  ),
  (
    523,
    '210802',
    '站前区',
    '210800'
  ),
  (
    524,
    '210803',
    '西市区',
    '210800'
  ),
  (
    525,
    '210804',
    '鲅鱼圈区',
    '210800'
  ),
  (
    526,
    '210811',
    '老边区',
    '210800'
  ),
  (
    527,
    '210881',
    '盖州市',
    '210800'
  ),
  (
    528,
    '210882',
    '大石桥市',
    '210800'
  ),
  (
    529,
    '210901',
    '市辖区',
    '210900'
  ),
  (
    530,
    '210902',
    '海州区',
    '210900'
  ),
  (
    531,
    '210903',
    '新邱区',
    '210900'
  ),
  (
    532,
    '210904',
    '太平区',
    '210900'
  ),
  (
    533,
    '210905',
    '清河门区',
    '210900'
  ),
  (
    534,
    '210911',
    '细河区',
    '210900'
  ),
  (
    535,
    '210921',
    '阜新蒙古族自治县',
    '210900'
  ),
  (
    536,
    '210922',
    '彰武县',
    '210900'
  ),
  (
    537,
    '211001',
    '市辖区',
    '211000'
  ),
  (
    538,
    '211002',
    '白塔区',
    '211000'
  ),
  (
    539,
    '211003',
    '文圣区',
    '211000'
  ),
  (
    540,
    '211004',
    '宏伟区',
    '211000'
  ),
  (
    541,
    '211005',
    '弓长岭区',
    '211000'
  ),
  (
    542,
    '211011',
    '太子河区',
    '211000'
  ),
  (
    543,
    '211021',
    '辽阳县',
    '211000'
  ),
  (
    544,
    '211081',
    '灯塔市',
    '211000'
  ),
  (
    545,
    '211101',
    '市辖区',
    '211100'
  ),
  (
    546,
    '211102',
    '双台子区',
    '211100'
  ),
  (
    547,
    '211103',
    '兴隆台区',
    '211100'
  ),
  (
    548,
    '211121',
    '大洼县',
    '211100'
  ),
  (
    549,
    '211122',
    '盘山县',
    '211100'
  ),
  (
    550,
    '211201',
    '市辖区',
    '211200'
  ),
  (
    551,
    '211202',
    '银州区',
    '211200'
  ),
  (
    552,
    '211204',
    '清河区',
    '211200'
  ),
  (
    553,
    '211221',
    '铁岭县',
    '211200'
  ),
  (
    554,
    '211223',
    '西丰县',
    '211200'
  ),
  (
    555,
    '211224',
    '昌图县',
    '211200'
  ),
  (
    556,
    '211281',
    '调兵山市',
    '211200'
  ),
  (
    557,
    '211282',
    '开原市',
    '211200'
  ),
  (
    558,
    '211301',
    '市辖区',
    '211300'
  ),
  (
    559,
    '211302',
    '双塔区',
    '211300'
  ),
  (
    560,
    '211303',
    '龙城区',
    '211300'
  ),
  (
    561,
    '211321',
    '朝阳县',
    '211300'
  ),
  (
    562,
    '211322',
    '建平县',
    '211300'
  ),
  (
    563,
    '211324',
    '喀喇沁左翼蒙古族自治县',
    '211300'
  ),
  (
    564,
    '211381',
    '北票市',
    '211300'
  ),
  (
    565,
    '211382',
    '凌源市',
    '211300'
  ),
  (
    566,
    '211401',
    '市辖区',
    '211400'
  ),
  (
    567,
    '211402',
    '连山区',
    '211400'
  ),
  (
    568,
    '211403',
    '龙港区',
    '211400'
  ),
  (
    569,
    '211404',
    '南票区',
    '211400'
  ),
  (
    570,
    '211421',
    '绥中县',
    '211400'
  ),
  (
    571,
    '211422',
    '建昌县',
    '211400'
  ),
  (
    572,
    '211481',
    '兴城市',
    '211400'
  ),
  (
    573,
    '220101',
    '市辖区',
    '220100'
  ),
  (
    574,
    '220102',
    '南关区',
    '220100'
  ),
  (
    575,
    '220103',
    '宽城区',
    '220100'
  ),
  (
    576,
    '220104',
    '朝阳区',
    '220100'
  ),
  (
    577,
    '220105',
    '二道区',
    '220100'
  ),
  (
    578,
    '220106',
    '绿园区',
    '220100'
  ),
  (
    579,
    '220112',
    '双阳区',
    '220100'
  ),
  (
    580,
    '220122',
    '农安县',
    '220100'
  ),
  (
    581,
    '220181',
    '九台市',
    '220100'
  ),
  (
    582,
    '220182',
    '榆树市',
    '220100'
  ),
  (
    583,
    '220183',
    '德惠市',
    '220100'
  ),
  (
    584,
    '220201',
    '市辖区',
    '220200'
  ),
  (
    585,
    '220202',
    '昌邑区',
    '220200'
  ),
  (
    586,
    '220203',
    '龙潭区',
    '220200'
  ),
  (
    587,
    '220204',
    '船营区',
    '220200'
  ),
  (
    588,
    '220211',
    '丰满区',
    '220200'
  ),
  (
    589,
    '220221',
    '永吉县',
    '220200'
  ),
  (
    590,
    '220281',
    '蛟河市',
    '220200'
  ),
  (
    591,
    '220282',
    '桦甸市',
    '220200'
  ),
  (
    592,
    '220283',
    '舒兰市',
    '220200'
  ),
  (
    593,
    '220284',
    '磐石市',
    '220200'
  ),
  (
    594,
    '220301',
    '市辖区',
    '220300'
  ),
  (
    595,
    '220302',
    '铁西区',
    '220300'
  ),
  (
    596,
    '220303',
    '铁东区',
    '220300'
  ),
  (
    597,
    '220322',
    '梨树县',
    '220300'
  ),
  (
    598,
    '220323',
    '伊通满族自治县',
    '220300'
  ),
  (
    599,
    '220381',
    '公主岭市',
    '220300'
  ),
  (
    600,
    '220382',
    '双辽市',
    '220300'
  ),
  (
    601,
    '220401',
    '市辖区',
    '220400'
  ),
  (
    602,
    '220402',
    '龙山区',
    '220400'
  ),
  (
    603,
    '220403',
    '西安区',
    '220400'
  ),
  (
    604,
    '220421',
    '东丰县',
    '220400'
  ),
  (
    605,
    '220422',
    '东辽县',
    '220400'
  ),
  (
    606,
    '220501',
    '市辖区',
    '220500'
  ),
  (
    607,
    '220502',
    '东昌区',
    '220500'
  ),
  (
    608,
    '220503',
    '二道江区',
    '220500'
  ),
  (
    609,
    '220521',
    '通化县',
    '220500'
  ),
  (
    610,
    '220523',
    '辉南县',
    '220500'
  ),
  (
    611,
    '220524',
    '柳河县',
    '220500'
  ),
  (
    612,
    '220581',
    '梅河口市',
    '220500'
  ),
  (
    613,
    '220582',
    '集安市',
    '220500'
  ),
  (
    614,
    '220601',
    '市辖区',
    '220600'
  ),
  (
    615,
    '220602',
    '八道江区',
    '220600'
  ),
  (
    616,
    '220621',
    '抚松县',
    '220600'
  ),
  (
    617,
    '220622',
    '靖宇县',
    '220600'
  ),
  (
    618,
    '220623',
    '长白朝鲜族自治县',
    '220600'
  ),
  (
    619,
    '220625',
    '江源县',
    '220600'
  ),
  (
    620,
    '220681',
    '临江市',
    '220600'
  ),
  (
    621,
    '220701',
    '市辖区',
    '220700'
  ),
  (
    622,
    '220702',
    '宁江区',
    '220700'
  ),
  (
    623,
    '220721',
    '前郭尔罗斯蒙古族自治县',
    '220700'
  ),
  (
    624,
    '220722',
    '长岭县',
    '220700'
  ),
  (
    625,
    '220723',
    '乾安县',
    '220700'
  ),
  (
    626,
    '220724',
    '扶余县',
    '220700'
  ),
  (
    627,
    '220801',
    '市辖区',
    '220800'
  ),
  (
    628,
    '220802',
    '洮北区',
    '220800'
  ),
  (
    629,
    '220821',
    '镇赉县',
    '220800'
  ),
  (
    630,
    '220822',
    '通榆县',
    '220800'
  ),
  (
    631,
    '220881',
    '洮南市',
    '220800'
  ),
  (
    632,
    '220882',
    '大安市',
    '220800'
  ),
  (
    633,
    '222401',
    '延吉市',
    '222400'
  ),
  (
    634,
    '222402',
    '图们市',
    '222400'
  ),
  (
    635,
    '222403',
    '敦化市',
    '222400'
  ),
  (
    636,
    '222404',
    '珲春市',
    '222400'
  ),
  (
    637,
    '222405',
    '龙井市',
    '222400'
  ),
  (
    638,
    '222406',
    '和龙市',
    '222400'
  ),
  (
    639,
    '222424',
    '汪清县',
    '222400'
  ),
  (
    640,
    '222426',
    '安图县',
    '222400'
  ),
  (
    641,
    '230101',
    '市辖区',
    '230100'
  ),
  (
    642,
    '230102',
    '道里区',
    '230100'
  ),
  (
    643,
    '230103',
    '南岗区',
    '230100'
  ),
  (
    644,
    '230104',
    '道外区',
    '230100'
  ),
  (
    645,
    '230106',
    '香坊区',
    '230100'
  ),
  (
    646,
    '230107',
    '动力区',
    '230100'
  ),
  (
    647,
    '230108',
    '平房区',
    '230100'
  ),
  (
    648,
    '230109',
    '松北区',
    '230100'
  ),
  (
    649,
    '230111',
    '呼兰区',
    '230100'
  ),
  (
    650,
    '230123',
    '依兰县',
    '230100'
  ),
  (
    651,
    '230124',
    '方正县',
    '230100'
  ),
  (
    652,
    '230125',
    '宾　县',
    '230100'
  ),
  (
    653,
    '230126',
    '巴彦县',
    '230100'
  ),
  (
    654,
    '230127',
    '木兰县',
    '230100'
  ),
  (
    655,
    '230128',
    '通河县',
    '230100'
  ),
  (
    656,
    '230129',
    '延寿县',
    '230100'
  ),
  (
    657,
    '230181',
    '阿城市',
    '230100'
  ),
  (
    658,
    '230182',
    '双城市',
    '230100'
  ),
  (
    659,
    '230183',
    '尚志市',
    '230100'
  ),
  (
    660,
    '230184',
    '五常市',
    '230100'
  ),
  (
    661,
    '230201',
    '市辖区',
    '230200'
  ),
  (
    662,
    '230202',
    '龙沙区',
    '230200'
  ),
  (
    663,
    '230203',
    '建华区',
    '230200'
  ),
  (
    664,
    '230204',
    '铁锋区',
    '230200'
  ),
  (
    665,
    '230205',
    '昂昂溪区',
    '230200'
  ),
  (
    666,
    '230206',
    '富拉尔基区',
    '230200'
  ),
  (
    667,
    '230207',
    '碾子山区',
    '230200'
  ),
  (
    668,
    '230208',
    '梅里斯达斡尔族区',
    '230200'
  ),
  (
    669,
    '230221',
    '龙江县',
    '230200'
  ),
  (
    670,
    '230223',
    '依安县',
    '230200'
  ),
  (
    671,
    '230224',
    '泰来县',
    '230200'
  ),
  (
    672,
    '230225',
    '甘南县',
    '230200'
  ),
  (
    673,
    '230227',
    '富裕县',
    '230200'
  ),
  (
    674,
    '230229',
    '克山县',
    '230200'
  ),
  (
    675,
    '230230',
    '克东县',
    '230200'
  ),
  (
    676,
    '230231',
    '拜泉县',
    '230200'
  ),
  (
    677,
    '230281',
    '讷河市',
    '230200'
  ),
  (
    678,
    '230301',
    '市辖区',
    '230300'
  ),
  (
    679,
    '230302',
    '鸡冠区',
    '230300'
  ),
  (
    680,
    '230303',
    '恒山区',
    '230300'
  ),
  (
    681,
    '230304',
    '滴道区',
    '230300'
  ),
  (
    682,
    '230305',
    '梨树区',
    '230300'
  ),
  (
    683,
    '230306',
    '城子河区',
    '230300'
  ),
  (
    684,
    '230307',
    '麻山区',
    '230300'
  ),
  (
    685,
    '230321',
    '鸡东县',
    '230300'
  ),
  (
    686,
    '230381',
    '虎林市',
    '230300'
  ),
  (
    687,
    '230382',
    '密山市',
    '230300'
  ),
  (
    688,
    '230401',
    '市辖区',
    '230400'
  ),
  (
    689,
    '230402',
    '向阳区',
    '230400'
  ),
  (
    690,
    '230403',
    '工农区',
    '230400'
  ),
  (
    691,
    '230404',
    '南山区',
    '230400'
  ),
  (
    692,
    '230405',
    '兴安区',
    '230400'
  ),
  (
    693,
    '230406',
    '东山区',
    '230400'
  ),
  (
    694,
    '230407',
    '兴山区',
    '230400'
  ),
  (
    695,
    '230421',
    '萝北县',
    '230400'
  ),
  (
    696,
    '230422',
    '绥滨县',
    '230400'
  ),
  (
    697,
    '230501',
    '市辖区',
    '230500'
  ),
  (
    698,
    '230502',
    '尖山区',
    '230500'
  ),
  (
    699,
    '230503',
    '岭东区',
    '230500'
  ),
  (
    700,
    '230505',
    '四方台区',
    '230500'
  ),
  (
    701,
    '230506',
    '宝山区',
    '230500'
  ),
  (
    702,
    '230521',
    '集贤县',
    '230500'
  ),
  (
    703,
    '230522',
    '友谊县',
    '230500'
  ),
  (
    704,
    '230523',
    '宝清县',
    '230500'
  ),
  (
    705,
    '230524',
    '饶河县',
    '230500'
  ),
  (
    706,
    '230601',
    '市辖区',
    '230600'
  ),
  (
    707,
    '230602',
    '萨尔图区',
    '230600'
  ),
  (
    708,
    '230603',
    '龙凤区',
    '230600'
  ),
  (
    709,
    '230604',
    '让胡路区',
    '230600'
  ),
  (
    710,
    '230605',
    '红岗区',
    '230600'
  ),
  (
    711,
    '230606',
    '大同区',
    '230600'
  ),
  (
    712,
    '230621',
    '肇州县',
    '230600'
  ),
  (
    713,
    '230622',
    '肇源县',
    '230600'
  ),
  (
    714,
    '230623',
    '林甸县',
    '230600'
  ),
  (
    715,
    '230624',
    '杜尔伯特蒙古族自治县',
    '230600'
  ),
  (
    716,
    '230701',
    '市辖区',
    '230700'
  ),
  (
    717,
    '230702',
    '伊春区',
    '230700'
  ),
  (
    718,
    '230703',
    '南岔区',
    '230700'
  ),
  (
    719,
    '230704',
    '友好区',
    '230700'
  ),
  (
    720,
    '230705',
    '西林区',
    '230700'
  ),
  (
    721,
    '230706',
    '翠峦区',
    '230700'
  ),
  (
    722,
    '230707',
    '新青区',
    '230700'
  ),
  (
    723,
    '230708',
    '美溪区',
    '230700'
  ),
  (
    724,
    '230709',
    '金山屯区',
    '230700'
  ),
  (
    725,
    '230710',
    '五营区',
    '230700'
  ),
  (
    726,
    '230711',
    '乌马河区',
    '230700'
  ),
  (
    727,
    '230712',
    '汤旺河区',
    '230700'
  ),
  (
    728,
    '230713',
    '带岭区',
    '230700'
  ),
  (
    729,
    '230714',
    '乌伊岭区',
    '230700'
  ),
  (
    730,
    '230715',
    '红星区',
    '230700'
  ),
  (
    731,
    '230716',
    '上甘岭区',
    '230700'
  ),
  (
    732,
    '230722',
    '嘉荫县',
    '230700'
  ),
  (
    733,
    '230781',
    '铁力市',
    '230700'
  ),
  (
    734,
    '230801',
    '市辖区',
    '230800'
  ),
  (
    735,
    '230802',
    '永红区',
    '230800'
  ),
  (
    736,
    '230803',
    '向阳区',
    '230800'
  ),
  (
    737,
    '230804',
    '前进区',
    '230800'
  ),
  (
    738,
    '230805',
    '东风区',
    '230800'
  ),
  (
    739,
    '230811',
    '郊　区',
    '230800'
  ),
  (
    740,
    '230822',
    '桦南县',
    '230800'
  ),
  (
    741,
    '230826',
    '桦川县',
    '230800'
  ),
  (
    742,
    '230828',
    '汤原县',
    '230800'
  ),
  (
    743,
    '230833',
    '抚远县',
    '230800'
  ),
  (
    744,
    '230881',
    '同江市',
    '230800'
  ),
  (
    745,
    '230882',
    '富锦市',
    '230800'
  ),
  (
    746,
    '230901',
    '市辖区',
    '230900'
  ),
  (
    747,
    '230902',
    '新兴区',
    '230900'
  ),
  (
    748,
    '230903',
    '桃山区',
    '230900'
  ),
  (
    749,
    '230904',
    '茄子河区',
    '230900'
  ),
  (
    750,
    '230921',
    '勃利县',
    '230900'
  ),
  (
    751,
    '231001',
    '市辖区',
    '231000'
  ),
  (
    752,
    '231002',
    '东安区',
    '231000'
  ),
  (
    753,
    '231003',
    '阳明区',
    '231000'
  ),
  (
    754,
    '231004',
    '爱民区',
    '231000'
  ),
  (
    755,
    '231005',
    '西安区',
    '231000'
  ),
  (
    756,
    '231024',
    '东宁县',
    '231000'
  ),
  (
    757,
    '231025',
    '林口县',
    '231000'
  ),
  (
    758,
    '231081',
    '绥芬河市',
    '231000'
  ),
  (
    759,
    '231083',
    '海林市',
    '231000'
  ),
  (
    760,
    '231084',
    '宁安市',
    '231000'
  ),
  (
    761,
    '231085',
    '穆棱市',
    '231000'
  ),
  (
    762,
    '231101',
    '市辖区',
    '231100'
  ),
  (
    763,
    '231102',
    '爱辉区',
    '231100'
  ),
  (
    764,
    '231121',
    '嫩江县',
    '231100'
  ),
  (
    765,
    '231123',
    '逊克县',
    '231100'
  ),
  (
    766,
    '231124',
    '孙吴县',
    '231100'
  ),
  (
    767,
    '231181',
    '北安市',
    '231100'
  ),
  (
    768,
    '231182',
    '五大连池市',
    '231100'
  ),
  (
    769,
    '231201',
    '市辖区',
    '231200'
  ),
  (
    770,
    '231202',
    '北林区',
    '231200'
  ),
  (
    771,
    '231221',
    '望奎县',
    '231200'
  ),
  (
    772,
    '231222',
    '兰西县',
    '231200'
  ),
  (
    773,
    '231223',
    '青冈县',
    '231200'
  ),
  (
    774,
    '231224',
    '庆安县',
    '231200'
  ),
  (
    775,
    '231225',
    '明水县',
    '231200'
  ),
  (
    776,
    '231226',
    '绥棱县',
    '231200'
  ),
  (
    777,
    '231281',
    '安达市',
    '231200'
  ),
  (
    778,
    '231282',
    '肇东市',
    '231200'
  ),
  (
    779,
    '231283',
    '海伦市',
    '231200'
  ),
  (
    780,
    '232721',
    '呼玛县',
    '232700'
  ),
  (
    781,
    '232722',
    '塔河县',
    '232700'
  ),
  (
    782,
    '232723',
    '漠河县',
    '232700'
  ),
  (
    783,
    '310101',
    '黄浦区',
    '310100'
  ),
  (
    784,
    '310103',
    '卢湾区',
    '310100'
  ),
  (
    785,
    '310104',
    '徐汇区',
    '310100'
  ),
  (
    786,
    '310105',
    '长宁区',
    '310100'
  ),
  (
    787,
    '310106',
    '静安区',
    '310100'
  ),
  (
    788,
    '310107',
    '普陀区',
    '310100'
  ),
  (
    789,
    '310108',
    '闸北区',
    '310100'
  ),
  (
    790,
    '310109',
    '虹口区',
    '310100'
  ),
  (
    791,
    '310110',
    '杨浦区',
    '310100'
  ),
  (
    792,
    '310112',
    '闵行区',
    '310100'
  ),
  (
    793,
    '310113',
    '宝山区',
    '310100'
  ),
  (
    794,
    '310114',
    '嘉定区',
    '310100'
  ),
  (
    795,
    '310115',
    '浦东新区',
    '310100'
  ),
  (
    796,
    '310116',
    '金山区',
    '310100'
  ),
  (
    797,
    '310117',
    '松江区',
    '310100'
  ),
  (
    798,
    '310118',
    '青浦区',
    '310100'
  ),
  (
    799,
    '310119',
    '南汇区',
    '310100'
  ),
  (
    800,
    '310120',
    '奉贤区',
    '310100'
  ),
  (
    801,
    '310230',
    '崇明县',
    '310100'
  ),
  (
    802,
    '320101',
    '市辖区',
    '320100'
  ),
  (
    803,
    '320102',
    '玄武区',
    '320100'
  ),
  (
    804,
    '320103',
    '白下区',
    '320100'
  ),
  (
    805,
    '320104',
    '秦淮区',
    '320100'
  ),
  (
    806,
    '320105',
    '建邺区',
    '320100'
  ),
  (
    807,
    '320106',
    '鼓楼区',
    '320100'
  ),
  (
    808,
    '320107',
    '下关区',
    '320100'
  ),
  (
    809,
    '320111',
    '浦口区',
    '320100'
  ),
  (
    810,
    '320113',
    '栖霞区',
    '320100'
  ),
  (
    811,
    '320114',
    '雨花台区',
    '320100'
  ),
  (
    812,
    '320115',
    '江宁区',
    '320100'
  ),
  (
    813,
    '320116',
    '六合区',
    '320100'
  ),
  (
    814,
    '320124',
    '溧水县',
    '320100'
  ),
  (
    815,
    '320125',
    '高淳县',
    '320100'
  ),
  (
    816,
    '320201',
    '市辖区',
    '320200'
  ),
  (
    817,
    '320202',
    '崇安区',
    '320200'
  ),
  (
    818,
    '320203',
    '南长区',
    '320200'
  ),
  (
    819,
    '320204',
    '北塘区',
    '320200'
  ),
  (
    820,
    '320205',
    '锡山区',
    '320200'
  ),
  (
    821,
    '320206',
    '惠山区',
    '320200'
  ),
  (
    822,
    '320211',
    '滨湖区',
    '320200'
  ),
  (
    823,
    '320281',
    '江阴市',
    '320200'
  ),
  (
    824,
    '320282',
    '宜兴市',
    '320200'
  ),
  (
    825,
    '320301',
    '市辖区',
    '320300'
  ),
  (
    826,
    '320302',
    '鼓楼区',
    '320300'
  ),
  (
    827,
    '320303',
    '云龙区',
    '320300'
  ),
  (
    828,
    '320304',
    '九里区',
    '320300'
  ),
  (
    829,
    '320305',
    '贾汪区',
    '320300'
  ),
  (
    830,
    '320311',
    '泉山区',
    '320300'
  ),
  (
    831,
    '320321',
    '丰　县',
    '320300'
  ),
  (
    832,
    '320322',
    '沛　县',
    '320300'
  ),
  (
    833,
    '320323',
    '铜山县',
    '320300'
  ),
  (
    834,
    '320324',
    '睢宁县',
    '320300'
  ),
  (
    835,
    '320381',
    '新沂市',
    '320300'
  ),
  (
    836,
    '320382',
    '邳州市',
    '320300'
  ),
  (
    837,
    '320401',
    '市辖区',
    '320400'
  ),
  (
    838,
    '320402',
    '天宁区',
    '320400'
  ),
  (
    839,
    '320404',
    '钟楼区',
    '320400'
  ),
  (
    840,
    '320405',
    '戚墅堰区',
    '320400'
  ),
  (
    841,
    '320411',
    '新北区',
    '320400'
  ),
  (
    842,
    '320412',
    '武进区',
    '320400'
  ),
  (
    843,
    '320481',
    '溧阳市',
    '320400'
  ),
  (
    844,
    '320482',
    '金坛市',
    '320400'
  ),
  (
    845,
    '320501',
    '市辖区',
    '320500'
  ),
  (
    846,
    '320502',
    '沧浪区',
    '320500'
  ),
  (
    847,
    '320503',
    '平江区',
    '320500'
  ),
  (
    848,
    '320504',
    '金阊区',
    '320500'
  ),
  (
    849,
    '320505',
    '虎丘区',
    '320500'
  ),
  (
    850,
    '320506',
    '吴中区',
    '320500'
  ),
  (
    851,
    '320507',
    '相城区',
    '320500'
  ),
  (
    852,
    '320581',
    '常熟市',
    '320500'
  ),
  (
    853,
    '320582',
    '张家港市',
    '320500'
  ),
  (
    854,
    '320583',
    '昆山市',
    '320500'
  ),
  (
    855,
    '320584',
    '吴江市',
    '320500'
  ),
  (
    856,
    '320585',
    '太仓市',
    '320500'
  ),
  (
    857,
    '320601',
    '市辖区',
    '320600'
  ),
  (
    858,
    '320602',
    '崇川区',
    '320600'
  ),
  (
    859,
    '320611',
    '港闸区',
    '320600'
  ),
  (
    860,
    '320621',
    '海安县',
    '320600'
  ),
  (
    861,
    '320623',
    '如东县',
    '320600'
  ),
  (
    862,
    '320681',
    '启东市',
    '320600'
  ),
  (
    863,
    '320682',
    '如皋市',
    '320600'
  ),
  (
    864,
    '320683',
    '通州市',
    '320600'
  ),
  (
    865,
    '320684',
    '海门市',
    '320600'
  ),
  (
    866,
    '320701',
    '市辖区',
    '320700'
  ),
  (
    867,
    '320703',
    '连云区',
    '320700'
  ),
  (
    868,
    '320705',
    '新浦区',
    '320700'
  ),
  (
    869,
    '320706',
    '海州区',
    '320700'
  ),
  (
    870,
    '320721',
    '赣榆县',
    '320700'
  ),
  (
    871,
    '320722',
    '东海县',
    '320700'
  ),
  (
    872,
    '320723',
    '灌云县',
    '320700'
  ),
  (
    873,
    '320724',
    '灌南县',
    '320700'
  ),
  (
    874,
    '320801',
    '市辖区',
    '320800'
  ),
  (
    875,
    '320802',
    '清河区',
    '320800'
  ),
  (
    876,
    '320803',
    '楚州区',
    '320800'
  ),
  (
    877,
    '320804',
    '淮阴区',
    '320800'
  ),
  (
    878,
    '320811',
    '清浦区',
    '320800'
  ),
  (
    879,
    '320826',
    '涟水县',
    '320800'
  ),
  (
    880,
    '320829',
    '洪泽县',
    '320800'
  ),
  (
    881,
    '320830',
    '盱眙县',
    '320800'
  ),
  (
    882,
    '320831',
    '金湖县',
    '320800'
  ),
  (
    883,
    '320901',
    '市辖区',
    '320900'
  ),
  (
    884,
    '320902',
    '亭湖区',
    '320900'
  ),
  (
    885,
    '320903',
    '盐都区',
    '320900'
  ),
  (
    886,
    '320921',
    '响水县',
    '320900'
  ),
  (
    887,
    '320922',
    '滨海县',
    '320900'
  ),
  (
    888,
    '320923',
    '阜宁县',
    '320900'
  ),
  (
    889,
    '320924',
    '射阳县',
    '320900'
  ),
  (
    890,
    '320925',
    '建湖县',
    '320900'
  ),
  (
    891,
    '320981',
    '东台市',
    '320900'
  ),
  (
    892,
    '320982',
    '大丰市',
    '320900'
  ),
  (
    893,
    '321001',
    '市辖区',
    '321000'
  ),
  (
    894,
    '321002',
    '广陵区',
    '321000'
  ),
  (
    895,
    '321003',
    '邗江区',
    '321000'
  ),
  (
    896,
    '321011',
    '郊　区',
    '321000'
  ),
  (
    897,
    '321023',
    '宝应县',
    '321000'
  ),
  (
    898,
    '321081',
    '仪征市',
    '321000'
  ),
  (
    899,
    '321084',
    '高邮市',
    '321000'
  ),
  (
    900,
    '321088',
    '江都市',
    '321000'
  ),
  (
    901,
    '321101',
    '市辖区',
    '321100'
  ),
  (
    902,
    '321102',
    '京口区',
    '321100'
  ),
  (
    903,
    '321111',
    '润州区',
    '321100'
  ),
  (
    904,
    '321112',
    '丹徒区',
    '321100'
  ),
  (
    905,
    '321181',
    '丹阳市',
    '321100'
  ),
  (
    906,
    '321182',
    '扬中市',
    '321100'
  ),
  (
    907,
    '321183',
    '句容市',
    '321100'
  ),
  (
    908,
    '321201',
    '市辖区',
    '321200'
  ),
  (
    909,
    '321202',
    '海陵区',
    '321200'
  ),
  (
    910,
    '321203',
    '高港区',
    '321200'
  ),
  (
    911,
    '321281',
    '兴化市',
    '321200'
  ),
  (
    912,
    '321282',
    '靖江市',
    '321200'
  ),
  (
    913,
    '321283',
    '泰兴市',
    '321200'
  ),
  (
    914,
    '321284',
    '姜堰市',
    '321200'
  ),
  (
    915,
    '321301',
    '市辖区',
    '321300'
  ),
  (
    916,
    '321302',
    '宿城区',
    '321300'
  ),
  (
    917,
    '321311',
    '宿豫区',
    '321300'
  ),
  (
    918,
    '321322',
    '沭阳县',
    '321300'
  ),
  (
    919,
    '321323',
    '泗阳县',
    '321300'
  ),
  (
    920,
    '321324',
    '泗洪县',
    '321300'
  ),
  (
    921,
    '330101',
    '市辖区',
    '330100'
  ),
  (
    922,
    '330102',
    '上城区',
    '330100'
  ),
  (
    923,
    '330103',
    '下城区',
    '330100'
  ),
  (
    924,
    '330104',
    '江干区',
    '330100'
  ),
  (
    925,
    '330105',
    '拱墅区',
    '330100'
  ),
  (
    926,
    '330106',
    '西湖区',
    '330100'
  ),
  (
    927,
    '330108',
    '滨江区',
    '330100'
  ),
  (
    928,
    '330109',
    '萧山区',
    '330100'
  ),
  (
    929,
    '330110',
    '余杭区',
    '330100'
  ),
  (
    930,
    '330122',
    '桐庐县',
    '330100'
  ),
  (
    931,
    '330127',
    '淳安县',
    '330100'
  ),
  (
    932,
    '330182',
    '建德市',
    '330100'
  ),
  (
    933,
    '330183',
    '富阳市',
    '330100'
  ),
  (
    934,
    '330185',
    '临安市',
    '330100'
  ),
  (
    935,
    '330201',
    '市辖区',
    '330200'
  ),
  (
    936,
    '330203',
    '海曙区',
    '330200'
  ),
  (
    937,
    '330204',
    '江东区',
    '330200'
  ),
  (
    938,
    '330205',
    '江北区',
    '330200'
  ),
  (
    939,
    '330206',
    '北仑区',
    '330200'
  ),
  (
    940,
    '330211',
    '镇海区',
    '330200'
  ),
  (
    941,
    '330212',
    '鄞州区',
    '330200'
  ),
  (
    942,
    '330225',
    '象山县',
    '330200'
  ),
  (
    943,
    '330226',
    '宁海县',
    '330200'
  ),
  (
    944,
    '330281',
    '余姚市',
    '330200'
  ),
  (
    945,
    '330282',
    '慈溪市',
    '330200'
  ),
  (
    946,
    '330283',
    '奉化市',
    '330200'
  ),
  (
    947,
    '330301',
    '市辖区',
    '330300'
  ),
  (
    948,
    '330302',
    '鹿城区',
    '330300'
  ),
  (
    949,
    '330303',
    '龙湾区',
    '330300'
  ),
  (
    950,
    '330304',
    '瓯海区',
    '330300'
  ),
  (
    951,
    '330322',
    '洞头县',
    '330300'
  ),
  (
    952,
    '330324',
    '永嘉县',
    '330300'
  ),
  (
    953,
    '330326',
    '平阳县',
    '330300'
  ),
  (
    954,
    '330327',
    '苍南县',
    '330300'
  ),
  (
    955,
    '330328',
    '文成县',
    '330300'
  ),
  (
    956,
    '330329',
    '泰顺县',
    '330300'
  ),
  (
    957,
    '330381',
    '瑞安市',
    '330300'
  ),
  (
    958,
    '330382',
    '乐清市',
    '330300'
  ),
  (
    959,
    '330401',
    '市辖区',
    '330400'
  ),
  (
    960,
    '330402',
    '秀城区',
    '330400'
  ),
  (
    961,
    '330411',
    '秀洲区',
    '330400'
  ),
  (
    962,
    '330421',
    '嘉善县',
    '330400'
  ),
  (
    963,
    '330424',
    '海盐县',
    '330400'
  ),
  (
    964,
    '330481',
    '海宁市',
    '330400'
  ),
  (
    965,
    '330482',
    '平湖市',
    '330400'
  ),
  (
    966,
    '330483',
    '桐乡市',
    '330400'
  ),
  (
    967,
    '330501',
    '市辖区',
    '330500'
  ),
  (
    968,
    '330502',
    '吴兴区',
    '330500'
  ),
  (
    969,
    '330503',
    '南浔区',
    '330500'
  ),
  (
    970,
    '330521',
    '德清县',
    '330500'
  ),
  (
    971,
    '330522',
    '长兴县',
    '330500'
  ),
  (
    972,
    '330523',
    '安吉县',
    '330500'
  ),
  (
    973,
    '330601',
    '市辖区',
    '330600'
  ),
  (
    974,
    '330602',
    '越城区',
    '330600'
  ),
  (
    975,
    '330621',
    '绍兴县',
    '330600'
  ),
  (
    976,
    '330624',
    '新昌县',
    '330600'
  ),
  (
    977,
    '330681',
    '诸暨市',
    '330600'
  ),
  (
    978,
    '330682',
    '上虞市',
    '330600'
  ),
  (
    979,
    '330683',
    '嵊州市',
    '330600'
  ),
  (
    980,
    '330701',
    '市辖区',
    '330700'
  ),
  (
    981,
    '330702',
    '婺城区',
    '330700'
  ),
  (
    982,
    '330703',
    '金东区',
    '330700'
  ),
  (
    983,
    '330723',
    '武义县',
    '330700'
  ),
  (
    984,
    '330726',
    '浦江县',
    '330700'
  ),
  (
    985,
    '330727',
    '磐安县',
    '330700'
  ),
  (
    986,
    '330781',
    '兰溪市',
    '330700'
  ),
  (
    987,
    '330782',
    '义乌市',
    '330700'
  ),
  (
    988,
    '330783',
    '东阳市',
    '330700'
  ),
  (
    989,
    '330784',
    '永康市',
    '330700'
  ),
  (
    990,
    '330801',
    '市辖区',
    '330800'
  ),
  (
    991,
    '330802',
    '柯城区',
    '330800'
  ),
  (
    992,
    '330803',
    '衢江区',
    '330800'
  ),
  (
    993,
    '330822',
    '常山县',
    '330800'
  ),
  (
    994,
    '330824',
    '开化县',
    '330800'
  ),
  (
    995,
    '330825',
    '龙游县',
    '330800'
  ),
  (
    996,
    '330881',
    '江山市',
    '330800'
  ),
  (
    997,
    '330901',
    '市辖区',
    '330900'
  ),
  (
    998,
    '330902',
    '定海区',
    '330900'
  ),
  (
    999,
    '330903',
    '普陀区',
    '330900'
  ),
  (
    1000,
    '330921',
    '岱山县',
    '330900'
  ),
  (
    1001,
    '330922',
    '嵊泗县',
    '330900'
  ),
  (
    1002,
    '331001',
    '市辖区',
    '331000'
  ),
  (
    1003,
    '331002',
    '椒江区',
    '331000'
  ),
  (
    1004,
    '331003',
    '黄岩区',
    '331000'
  ),
  (
    1005,
    '331004',
    '路桥区',
    '331000'
  ),
  (
    1006,
    '331021',
    '玉环县',
    '331000'
  ),
  (
    1007,
    '331022',
    '三门县',
    '331000'
  ),
  (
    1008,
    '331023',
    '天台县',
    '331000'
  ),
  (
    1009,
    '331024',
    '仙居县',
    '331000'
  ),
  (
    1010,
    '331081',
    '温岭市',
    '331000'
  ),
  (
    1011,
    '331082',
    '临海市',
    '331000'
  ),
  (
    1012,
    '331101',
    '市辖区',
    '331100'
  ),
  (
    1013,
    '331102',
    '莲都区',
    '331100'
  ),
  (
    1014,
    '331121',
    '青田县',
    '331100'
  ),
  (
    1015,
    '331122',
    '缙云县',
    '331100'
  ),
  (
    1016,
    '331123',
    '遂昌县',
    '331100'
  ),
  (
    1017,
    '331124',
    '松阳县',
    '331100'
  ),
  (
    1018,
    '331125',
    '云和县',
    '331100'
  ),
  (
    1019,
    '331126',
    '庆元县',
    '331100'
  ),
  (
    1020,
    '331127',
    '景宁畲族自治县',
    '331100'
  ),
  (
    1021,
    '331181',
    '龙泉市',
    '331100'
  ),
  (
    1022,
    '340101',
    '市辖区',
    '340100'
  ),
  (
    1023,
    '340102',
    '瑶海区',
    '340100'
  ),
  (
    1024,
    '340103',
    '庐阳区',
    '340100'
  ),
  (
    1025,
    '340104',
    '蜀山区',
    '340100'
  ),
  (
    1026,
    '340111',
    '包河区',
    '340100'
  ),
  (
    1027,
    '340121',
    '长丰县',
    '340100'
  ),
  (
    1028,
    '340122',
    '肥东县',
    '340100'
  ),
  (
    1029,
    '340123',
    '肥西县',
    '340100'
  ),
  (
    1030,
    '340201',
    '市辖区',
    '340200'
  ),
  (
    1031,
    '340202',
    '镜湖区',
    '340200'
  ),
  (
    1032,
    '340203',
    '马塘区',
    '340200'
  ),
  (
    1033,
    '340204',
    '新芜区',
    '340200'
  ),
  (
    1034,
    '340207',
    '鸠江区',
    '340200'
  ),
  (
    1035,
    '340221',
    '芜湖县',
    '340200'
  ),
  (
    1036,
    '340222',
    '繁昌县',
    '340200'
  ),
  (
    1037,
    '340223',
    '南陵县',
    '340200'
  ),
  (
    1038,
    '340301',
    '市辖区',
    '340300'
  ),
  (
    1039,
    '340302',
    '龙子湖区',
    '340300'
  ),
  (
    1040,
    '340303',
    '蚌山区',
    '340300'
  ),
  (
    1041,
    '340304',
    '禹会区',
    '340300'
  ),
  (
    1042,
    '340311',
    '淮上区',
    '340300'
  ),
  (
    1043,
    '340321',
    '怀远县',
    '340300'
  ),
  (
    1044,
    '340322',
    '五河县',
    '340300'
  ),
  (
    1045,
    '340323',
    '固镇县',
    '340300'
  ),
  (
    1046,
    '340401',
    '市辖区',
    '340400'
  ),
  (
    1047,
    '340402',
    '大通区',
    '340400'
  ),
  (
    1048,
    '340403',
    '田家庵区',
    '340400'
  ),
  (
    1049,
    '340404',
    '谢家集区',
    '340400'
  ),
  (
    1050,
    '340405',
    '八公山区',
    '340400'
  ),
  (
    1051,
    '340406',
    '潘集区',
    '340400'
  ),
  (
    1052,
    '340421',
    '凤台县',
    '340400'
  ),
  (
    1053,
    '340501',
    '市辖区',
    '340500'
  ),
  (
    1054,
    '340502',
    '金家庄区',
    '340500'
  ),
  (
    1055,
    '340503',
    '花山区',
    '340500'
  ),
  (
    1056,
    '340504',
    '雨山区',
    '340500'
  ),
  (
    1057,
    '340521',
    '当涂县',
    '340500'
  ),
  (
    1058,
    '340601',
    '市辖区',
    '340600'
  ),
  (
    1059,
    '340602',
    '杜集区',
    '340600'
  ),
  (
    1060,
    '340603',
    '相山区',
    '340600'
  ),
  (
    1061,
    '340604',
    '烈山区',
    '340600'
  ),
  (
    1062,
    '340621',
    '濉溪县',
    '340600'
  ),
  (
    1063,
    '340701',
    '市辖区',
    '340700'
  ),
  (
    1064,
    '340702',
    '铜官山区',
    '340700'
  ),
  (
    1065,
    '340703',
    '狮子山区',
    '340700'
  ),
  (
    1066,
    '340711',
    '郊　区',
    '340700'
  ),
  (
    1067,
    '340721',
    '铜陵县',
    '340700'
  ),
  (
    1068,
    '340801',
    '市辖区',
    '340800'
  ),
  (
    1069,
    '340802',
    '迎江区',
    '340800'
  ),
  (
    1070,
    '340803',
    '大观区',
    '340800'
  ),
  (
    1071,
    '340811',
    '郊　区',
    '340800'
  ),
  (
    1072,
    '340822',
    '怀宁县',
    '340800'
  ),
  (
    1073,
    '340823',
    '枞阳县',
    '340800'
  ),
  (
    1074,
    '340824',
    '潜山县',
    '340800'
  ),
  (
    1075,
    '340825',
    '太湖县',
    '340800'
  ),
  (
    1076,
    '340826',
    '宿松县',
    '340800'
  ),
  (
    1077,
    '340827',
    '望江县',
    '340800'
  ),
  (
    1078,
    '340828',
    '岳西县',
    '340800'
  ),
  (
    1079,
    '340881',
    '桐城市',
    '340800'
  ),
  (
    1080,
    '341001',
    '市辖区',
    '341000'
  ),
  (
    1081,
    '341002',
    '屯溪区',
    '341000'
  ),
  (
    1082,
    '341003',
    '黄山区',
    '341000'
  ),
  (
    1083,
    '341004',
    '徽州区',
    '341000'
  ),
  (
    1084,
    '341021',
    '歙　县',
    '341000'
  ),
  (
    1085,
    '341022',
    '休宁县',
    '341000'
  ),
  (
    1086,
    '341023',
    '黟　县',
    '341000'
  ),
  (
    1087,
    '341024',
    '祁门县',
    '341000'
  ),
  (
    1088,
    '341101',
    '市辖区',
    '341100'
  ),
  (
    1089,
    '341102',
    '琅琊区',
    '341100'
  ),
  (
    1090,
    '341103',
    '南谯区',
    '341100'
  ),
  (
    1091,
    '341122',
    '来安县',
    '341100'
  ),
  (
    1092,
    '341124',
    '全椒县',
    '341100'
  ),
  (
    1093,
    '341125',
    '定远县',
    '341100'
  ),
  (
    1094,
    '341126',
    '凤阳县',
    '341100'
  ),
  (
    1095,
    '341181',
    '天长市',
    '341100'
  ),
  (
    1096,
    '341182',
    '明光市',
    '341100'
  ),
  (
    1097,
    '341201',
    '市辖区',
    '341200'
  ),
  (
    1098,
    '341202',
    '颍州区',
    '341200'
  ),
  (
    1099,
    '341203',
    '颍东区',
    '341200'
  ),
  (
    1100,
    '341204',
    '颍泉区',
    '341200'
  ),
  (
    1101,
    '341221',
    '临泉县',
    '341200'
  ),
  (
    1102,
    '341222',
    '太和县',
    '341200'
  ),
  (
    1103,
    '341225',
    '阜南县',
    '341200'
  ),
  (
    1104,
    '341226',
    '颍上县',
    '341200'
  ),
  (
    1105,
    '341282',
    '界首市',
    '341200'
  ),
  (
    1106,
    '341301',
    '市辖区',
    '341300'
  ),
  (
    1107,
    '341302',
    '墉桥区',
    '341300'
  ),
  (
    1108,
    '341321',
    '砀山县',
    '341300'
  ),
  (
    1109,
    '341322',
    '萧　县',
    '341300'
  ),
  (
    1110,
    '341323',
    '灵璧县',
    '341300'
  ),
  (
    1111,
    '341324',
    '泗　县',
    '341300'
  ),
  (
    1112,
    '341401',
    '市辖区',
    '341400'
  ),
  (
    1113,
    '341402',
    '居巢区',
    '341400'
  ),
  (
    1114,
    '341421',
    '庐江县',
    '341400'
  ),
  (
    1115,
    '341422',
    '无为县',
    '341400'
  ),
  (
    1116,
    '341423',
    '含山县',
    '341400'
  ),
  (
    1117,
    '341424',
    '和　县',
    '341400'
  ),
  (
    1118,
    '341501',
    '市辖区',
    '341500'
  ),
  (
    1119,
    '341502',
    '金安区',
    '341500'
  ),
  (
    1120,
    '341503',
    '裕安区',
    '341500'
  ),
  (
    1121,
    '341521',
    '寿　县',
    '341500'
  ),
  (
    1122,
    '341522',
    '霍邱县',
    '341500'
  ),
  (
    1123,
    '341523',
    '舒城县',
    '341500'
  ),
  (
    1124,
    '341524',
    '金寨县',
    '341500'
  ),
  (
    1125,
    '341525',
    '霍山县',
    '341500'
  ),
  (
    1126,
    '341601',
    '市辖区',
    '341600'
  ),
  (
    1127,
    '341602',
    '谯城区',
    '341600'
  ),
  (
    1128,
    '341621',
    '涡阳县',
    '341600'
  ),
  (
    1129,
    '341622',
    '蒙城县',
    '341600'
  ),
  (
    1130,
    '341623',
    '利辛县',
    '341600'
  ),
  (
    1131,
    '341701',
    '市辖区',
    '341700'
  ),
  (
    1132,
    '341702',
    '贵池区',
    '341700'
  ),
  (
    1133,
    '341721',
    '东至县',
    '341700'
  ),
  (
    1134,
    '341722',
    '石台县',
    '341700'
  ),
  (
    1135,
    '341723',
    '青阳县',
    '341700'
  ),
  (
    1136,
    '341801',
    '市辖区',
    '341800'
  ),
  (
    1137,
    '341802',
    '宣州区',
    '341800'
  ),
  (
    1138,
    '341821',
    '郎溪县',
    '341800'
  ),
  (
    1139,
    '341822',
    '广德县',
    '341800'
  ),
  (
    1140,
    '341823',
    '泾　县',
    '341800'
  ),
  (
    1141,
    '341824',
    '绩溪县',
    '341800'
  ),
  (
    1142,
    '341825',
    '旌德县',
    '341800'
  ),
  (
    1143,
    '341881',
    '宁国市',
    '341800'
  ),
  (
    1144,
    '350101',
    '市辖区',
    '350100'
  ),
  (
    1145,
    '350102',
    '鼓楼区',
    '350100'
  ),
  (
    1146,
    '350103',
    '台江区',
    '350100'
  ),
  (
    1147,
    '350104',
    '仓山区',
    '350100'
  ),
  (
    1148,
    '350105',
    '马尾区',
    '350100'
  ),
  (
    1149,
    '350111',
    '晋安区',
    '350100'
  ),
  (
    1150,
    '350121',
    '闽侯县',
    '350100'
  ),
  (
    1151,
    '350122',
    '连江县',
    '350100'
  ),
  (
    1152,
    '350123',
    '罗源县',
    '350100'
  ),
  (
    1153,
    '350124',
    '闽清县',
    '350100'
  ),
  (
    1154,
    '350125',
    '永泰县',
    '350100'
  ),
  (
    1155,
    '350128',
    '平潭县',
    '350100'
  ),
  (
    1156,
    '350181',
    '福清市',
    '350100'
  ),
  (
    1157,
    '350182',
    '长乐市',
    '350100'
  ),
  (
    1158,
    '350201',
    '市辖区',
    '350200'
  ),
  (
    1159,
    '350203',
    '思明区',
    '350200'
  ),
  (
    1160,
    '350205',
    '海沧区',
    '350200'
  ),
  (
    1161,
    '350206',
    '湖里区',
    '350200'
  ),
  (
    1162,
    '350211',
    '集美区',
    '350200'
  ),
  (
    1163,
    '350212',
    '同安区',
    '350200'
  ),
  (
    1164,
    '350213',
    '翔安区',
    '350200'
  ),
  (
    1165,
    '350301',
    '市辖区',
    '350300'
  ),
  (
    1166,
    '350302',
    '城厢区',
    '350300'
  ),
  (
    1167,
    '350303',
    '涵江区',
    '350300'
  ),
  (
    1168,
    '350304',
    '荔城区',
    '350300'
  ),
  (
    1169,
    '350305',
    '秀屿区',
    '350300'
  ),
  (
    1170,
    '350322',
    '仙游县',
    '350300'
  ),
  (
    1171,
    '350401',
    '市辖区',
    '350400'
  ),
  (
    1172,
    '350402',
    '梅列区',
    '350400'
  ),
  (
    1173,
    '350403',
    '三元区',
    '350400'
  ),
  (
    1174,
    '350421',
    '明溪县',
    '350400'
  ),
  (
    1175,
    '350423',
    '清流县',
    '350400'
  ),
  (
    1176,
    '350424',
    '宁化县',
    '350400'
  ),
  (
    1177,
    '350425',
    '大田县',
    '350400'
  ),
  (
    1178,
    '350426',
    '尤溪县',
    '350400'
  ),
  (
    1179,
    '350427',
    '沙　县',
    '350400'
  ),
  (
    1180,
    '350428',
    '将乐县',
    '350400'
  ),
  (
    1181,
    '350429',
    '泰宁县',
    '350400'
  ),
  (
    1182,
    '350430',
    '建宁县',
    '350400'
  ),
  (
    1183,
    '350481',
    '永安市',
    '350400'
  ),
  (
    1184,
    '350501',
    '市辖区',
    '350500'
  ),
  (
    1185,
    '350502',
    '鲤城区',
    '350500'
  ),
  (
    1186,
    '350503',
    '丰泽区',
    '350500'
  ),
  (
    1187,
    '350504',
    '洛江区',
    '350500'
  ),
  (
    1188,
    '350505',
    '泉港区',
    '350500'
  ),
  (
    1189,
    '350521',
    '惠安县',
    '350500'
  ),
  (
    1190,
    '350524',
    '安溪县',
    '350500'
  ),
  (
    1191,
    '350525',
    '永春县',
    '350500'
  ),
  (
    1192,
    '350526',
    '德化县',
    '350500'
  ),
  (
    1193,
    '350527',
    '金门县',
    '350500'
  ),
  (
    1194,
    '350581',
    '石狮市',
    '350500'
  ),
  (
    1195,
    '350582',
    '晋江市',
    '350500'
  ),
  (
    1196,
    '350583',
    '南安市',
    '350500'
  ),
  (
    1197,
    '350601',
    '市辖区',
    '350600'
  ),
  (
    1198,
    '350602',
    '芗城区',
    '350600'
  ),
  (
    1199,
    '350603',
    '龙文区',
    '350600'
  ),
  (
    1200,
    '350622',
    '云霄县',
    '350600'
  ),
  (
    1201,
    '350623',
    '漳浦县',
    '350600'
  ),
  (
    1202,
    '350624',
    '诏安县',
    '350600'
  ),
  (
    1203,
    '350625',
    '长泰县',
    '350600'
  ),
  (
    1204,
    '350626',
    '东山县',
    '350600'
  ),
  (
    1205,
    '350627',
    '南靖县',
    '350600'
  ),
  (
    1206,
    '350628',
    '平和县',
    '350600'
  ),
  (
    1207,
    '350629',
    '华安县',
    '350600'
  ),
  (
    1208,
    '350681',
    '龙海市',
    '350600'
  ),
  (
    1209,
    '350701',
    '市辖区',
    '350700'
  ),
  (
    1210,
    '350702',
    '延平区',
    '350700'
  ),
  (
    1211,
    '350721',
    '顺昌县',
    '350700'
  ),
  (
    1212,
    '350722',
    '浦城县',
    '350700'
  ),
  (
    1213,
    '350723',
    '光泽县',
    '350700'
  ),
  (
    1214,
    '350724',
    '松溪县',
    '350700'
  ),
  (
    1215,
    '350725',
    '政和县',
    '350700'
  ),
  (
    1216,
    '350781',
    '邵武市',
    '350700'
  ),
  (
    1217,
    '350782',
    '武夷山市',
    '350700'
  ),
  (
    1218,
    '350783',
    '建瓯市',
    '350700'
  ),
  (
    1219,
    '350784',
    '建阳市',
    '350700'
  ),
  (
    1220,
    '350801',
    '市辖区',
    '350800'
  ),
  (
    1221,
    '350802',
    '新罗区',
    '350800'
  ),
  (
    1222,
    '350821',
    '长汀县',
    '350800'
  ),
  (
    1223,
    '350822',
    '永定县',
    '350800'
  ),
  (
    1224,
    '350823',
    '上杭县',
    '350800'
  ),
  (
    1225,
    '350824',
    '武平县',
    '350800'
  ),
  (
    1226,
    '350825',
    '连城县',
    '350800'
  ),
  (
    1227,
    '350881',
    '漳平市',
    '350800'
  ),
  (
    1228,
    '350901',
    '市辖区',
    '350900'
  ),
  (
    1229,
    '350902',
    '蕉城区',
    '350900'
  ),
  (
    1230,
    '350921',
    '霞浦县',
    '350900'
  ),
  (
    1231,
    '350922',
    '古田县',
    '350900'
  ),
  (
    1232,
    '350923',
    '屏南县',
    '350900'
  ),
  (
    1233,
    '350924',
    '寿宁县',
    '350900'
  ),
  (
    1234,
    '350925',
    '周宁县',
    '350900'
  ),
  (
    1235,
    '350926',
    '柘荣县',
    '350900'
  ),
  (
    1236,
    '350981',
    '福安市',
    '350900'
  ),
  (
    1237,
    '350982',
    '福鼎市',
    '350900'
  ),
  (
    1238,
    '360101',
    '市辖区',
    '360100'
  ),
  (
    1239,
    '360102',
    '东湖区',
    '360100'
  ),
  (
    1240,
    '360103',
    '西湖区',
    '360100'
  ),
  (
    1241,
    '360104',
    '青云谱区',
    '360100'
  ),
  (
    1242,
    '360105',
    '湾里区',
    '360100'
  ),
  (
    1243,
    '360111',
    '青山湖区',
    '360100'
  ),
  (
    1244,
    '360121',
    '南昌县',
    '360100'
  ),
  (
    1245,
    '360122',
    '新建县',
    '360100'
  ),
  (
    1246,
    '360123',
    '安义县',
    '360100'
  ),
  (
    1247,
    '360124',
    '进贤县',
    '360100'
  ),
  (
    1248,
    '360201',
    '市辖区',
    '360200'
  ),
  (
    1249,
    '360202',
    '昌江区',
    '360200'
  ),
  (
    1250,
    '360203',
    '珠山区',
    '360200'
  ),
  (
    1251,
    '360222',
    '浮梁县',
    '360200'
  ),
  (
    1252,
    '360281',
    '乐平市',
    '360200'
  ),
  (
    1253,
    '360301',
    '市辖区',
    '360300'
  ),
  (
    1254,
    '360302',
    '安源区',
    '360300'
  ),
  (
    1255,
    '360313',
    '湘东区',
    '360300'
  ),
  (
    1256,
    '360321',
    '莲花县',
    '360300'
  ),
  (
    1257,
    '360322',
    '上栗县',
    '360300'
  ),
  (
    1258,
    '360323',
    '芦溪县',
    '360300'
  ),
  (
    1259,
    '360401',
    '市辖区',
    '360400'
  ),
  (
    1260,
    '360402',
    '庐山区',
    '360400'
  ),
  (
    1261,
    '360403',
    '浔阳区',
    '360400'
  ),
  (
    1262,
    '360421',
    '九江县',
    '360400'
  ),
  (
    1263,
    '360423',
    '武宁县',
    '360400'
  ),
  (
    1264,
    '360424',
    '修水县',
    '360400'
  ),
  (
    1265,
    '360425',
    '永修县',
    '360400'
  ),
  (
    1266,
    '360426',
    '德安县',
    '360400'
  ),
  (
    1267,
    '360427',
    '星子县',
    '360400'
  ),
  (
    1268,
    '360428',
    '都昌县',
    '360400'
  ),
  (
    1269,
    '360429',
    '湖口县',
    '360400'
  ),
  (
    1270,
    '360430',
    '彭泽县',
    '360400'
  ),
  (
    1271,
    '360481',
    '瑞昌市',
    '360400'
  ),
  (
    1272,
    '360501',
    '市辖区',
    '360500'
  ),
  (
    1273,
    '360502',
    '渝水区',
    '360500'
  ),
  (
    1274,
    '360521',
    '分宜县',
    '360500'
  ),
  (
    1275,
    '360601',
    '市辖区',
    '360600'
  ),
  (
    1276,
    '360602',
    '月湖区',
    '360600'
  ),
  (
    1277,
    '360622',
    '余江县',
    '360600'
  ),
  (
    1278,
    '360681',
    '贵溪市',
    '360600'
  ),
  (
    1279,
    '360701',
    '市辖区',
    '360700'
  ),
  (
    1280,
    '360702',
    '章贡区',
    '360700'
  ),
  (
    1281,
    '360721',
    '赣　县',
    '360700'
  ),
  (
    1282,
    '360722',
    '信丰县',
    '360700'
  ),
  (
    1283,
    '360723',
    '大余县',
    '360700'
  ),
  (
    1284,
    '360724',
    '上犹县',
    '360700'
  ),
  (
    1285,
    '360725',
    '崇义县',
    '360700'
  ),
  (
    1286,
    '360726',
    '安远县',
    '360700'
  ),
  (
    1287,
    '360727',
    '龙南县',
    '360700'
  ),
  (
    1288,
    '360728',
    '定南县',
    '360700'
  ),
  (
    1289,
    '360729',
    '全南县',
    '360700'
  ),
  (
    1290,
    '360730',
    '宁都县',
    '360700'
  ),
  (
    1291,
    '360731',
    '于都县',
    '360700'
  ),
  (
    1292,
    '360732',
    '兴国县',
    '360700'
  ),
  (
    1293,
    '360733',
    '会昌县',
    '360700'
  ),
  (
    1294,
    '360734',
    '寻乌县',
    '360700'
  ),
  (
    1295,
    '360735',
    '石城县',
    '360700'
  ),
  (
    1296,
    '360781',
    '瑞金市',
    '360700'
  ),
  (
    1297,
    '360782',
    '南康市',
    '360700'
  ),
  (
    1298,
    '360801',
    '市辖区',
    '360800'
  ),
  (
    1299,
    '360802',
    '吉州区',
    '360800'
  ),
  (
    1300,
    '360803',
    '青原区',
    '360800'
  ),
  (
    1301,
    '360821',
    '吉安县',
    '360800'
  ),
  (
    1302,
    '360822',
    '吉水县',
    '360800'
  ),
  (
    1303,
    '360823',
    '峡江县',
    '360800'
  ),
  (
    1304,
    '360824',
    '新干县',
    '360800'
  ),
  (
    1305,
    '360825',
    '永丰县',
    '360800'
  ),
  (
    1306,
    '360826',
    '泰和县',
    '360800'
  ),
  (
    1307,
    '360827',
    '遂川县',
    '360800'
  ),
  (
    1308,
    '360828',
    '万安县',
    '360800'
  ),
  (
    1309,
    '360829',
    '安福县',
    '360800'
  ),
  (
    1310,
    '360830',
    '永新县',
    '360800'
  ),
  (
    1311,
    '360881',
    '井冈山市',
    '360800'
  ),
  (
    1312,
    '360901',
    '市辖区',
    '360900'
  ),
  (
    1313,
    '360902',
    '袁州区',
    '360900'
  ),
  (
    1314,
    '360921',
    '奉新县',
    '360900'
  ),
  (
    1315,
    '360922',
    '万载县',
    '360900'
  ),
  (
    1316,
    '360923',
    '上高县',
    '360900'
  ),
  (
    1317,
    '360924',
    '宜丰县',
    '360900'
  ),
  (
    1318,
    '360925',
    '靖安县',
    '360900'
  ),
  (
    1319,
    '360926',
    '铜鼓县',
    '360900'
  ),
  (
    1320,
    '360981',
    '丰城市',
    '360900'
  ),
  (
    1321,
    '360982',
    '樟树市',
    '360900'
  ),
  (
    1322,
    '360983',
    '高安市',
    '360900'
  ),
  (
    1323,
    '361001',
    '市辖区',
    '361000'
  ),
  (
    1324,
    '361002',
    '临川区',
    '361000'
  ),
  (
    1325,
    '361021',
    '南城县',
    '361000'
  ),
  (
    1326,
    '361022',
    '黎川县',
    '361000'
  ),
  (
    1327,
    '361023',
    '南丰县',
    '361000'
  ),
  (
    1328,
    '361024',
    '崇仁县',
    '361000'
  ),
  (
    1329,
    '361025',
    '乐安县',
    '361000'
  ),
  (
    1330,
    '361026',
    '宜黄县',
    '361000'
  ),
  (
    1331,
    '361027',
    '金溪县',
    '361000'
  ),
  (
    1332,
    '361028',
    '资溪县',
    '361000'
  ),
  (
    1333,
    '361029',
    '东乡县',
    '361000'
  ),
  (
    1334,
    '361030',
    '广昌县',
    '361000'
  ),
  (
    1335,
    '361101',
    '市辖区',
    '361100'
  ),
  (
    1336,
    '361102',
    '信州区',
    '361100'
  ),
  (
    1337,
    '361121',
    '上饶县',
    '361100'
  ),
  (
    1338,
    '361122',
    '广丰县',
    '361100'
  ),
  (
    1339,
    '361123',
    '玉山县',
    '361100'
  ),
  (
    1340,
    '361124',
    '铅山县',
    '361100'
  ),
  (
    1341,
    '361125',
    '横峰县',
    '361100'
  ),
  (
    1342,
    '361126',
    '弋阳县',
    '361100'
  ),
  (
    1343,
    '361127',
    '余干县',
    '361100'
  ),
  (
    1344,
    '361128',
    '鄱阳县',
    '361100'
  ),
  (
    1345,
    '361129',
    '万年县',
    '361100'
  ),
  (
    1346,
    '361130',
    '婺源县',
    '361100'
  ),
  (
    1347,
    '361181',
    '德兴市',
    '361100'
  ),
  (
    1348,
    '370101',
    '市辖区',
    '370100'
  ),
  (
    1349,
    '370102',
    '历下区',
    '370100'
  ),
  (
    1350,
    '370103',
    '市中区',
    '370100'
  ),
  (
    1351,
    '370104',
    '槐荫区',
    '370100'
  ),
  (
    1352,
    '370105',
    '天桥区',
    '370100'
  ),
  (
    1353,
    '370112',
    '历城区',
    '370100'
  ),
  (
    1354,
    '370113',
    '长清区',
    '370100'
  ),
  (
    1355,
    '370124',
    '平阴县',
    '370100'
  ),
  (
    1356,
    '370125',
    '济阳县',
    '370100'
  ),
  (
    1357,
    '370126',
    '商河县',
    '370100'
  ),
  (
    1358,
    '370181',
    '章丘市',
    '370100'
  ),
  (
    1359,
    '370201',
    '市辖区',
    '370200'
  ),
  (
    1360,
    '370202',
    '市南区',
    '370200'
  ),
  (
    1361,
    '370203',
    '市北区',
    '370200'
  ),
  (
    1362,
    '370205',
    '四方区',
    '370200'
  ),
  (
    1363,
    '370211',
    '黄岛区',
    '370200'
  ),
  (
    1364,
    '370212',
    '崂山区',
    '370200'
  ),
  (
    1365,
    '370213',
    '李沧区',
    '370200'
  ),
  (
    1366,
    '370214',
    '城阳区',
    '370200'
  ),
  (
    1367,
    '370281',
    '胶州市',
    '370200'
  ),
  (
    1368,
    '370282',
    '即墨市',
    '370200'
  ),
  (
    1369,
    '370283',
    '平度市',
    '370200'
  ),
  (
    1370,
    '370284',
    '胶南市',
    '370200'
  ),
  (
    1371,
    '370285',
    '莱西市',
    '370200'
  ),
  (
    1372,
    '370301',
    '市辖区',
    '370300'
  ),
  (
    1373,
    '370302',
    '淄川区',
    '370300'
  ),
  (
    1374,
    '370303',
    '张店区',
    '370300'
  ),
  (
    1375,
    '370304',
    '博山区',
    '370300'
  ),
  (
    1376,
    '370305',
    '临淄区',
    '370300'
  ),
  (
    1377,
    '370306',
    '周村区',
    '370300'
  ),
  (
    1378,
    '370321',
    '桓台县',
    '370300'
  ),
  (
    1379,
    '370322',
    '高青县',
    '370300'
  ),
  (
    1380,
    '370323',
    '沂源县',
    '370300'
  ),
  (
    1381,
    '370401',
    '市辖区',
    '370400'
  ),
  (
    1382,
    '370402',
    '市中区',
    '370400'
  ),
  (
    1383,
    '370403',
    '薛城区',
    '370400'
  ),
  (
    1384,
    '370404',
    '峄城区',
    '370400'
  ),
  (
    1385,
    '370405',
    '台儿庄区',
    '370400'
  ),
  (
    1386,
    '370406',
    '山亭区',
    '370400'
  ),
  (
    1387,
    '370481',
    '滕州市',
    '370400'
  ),
  (
    1388,
    '370501',
    '市辖区',
    '370500'
  ),
  (
    1389,
    '370502',
    '东营区',
    '370500'
  ),
  (
    1390,
    '370503',
    '河口区',
    '370500'
  ),
  (
    1391,
    '370521',
    '垦利县',
    '370500'
  ),
  (
    1392,
    '370522',
    '利津县',
    '370500'
  ),
  (
    1393,
    '370523',
    '广饶县',
    '370500'
  ),
  (
    1394,
    '370601',
    '市辖区',
    '370600'
  ),
  (
    1395,
    '370602',
    '芝罘区',
    '370600'
  ),
  (
    1396,
    '370611',
    '福山区',
    '370600'
  ),
  (
    1397,
    '370612',
    '牟平区',
    '370600'
  ),
  (
    1398,
    '370613',
    '莱山区',
    '370600'
  ),
  (
    1399,
    '370634',
    '长岛县',
    '370600'
  ),
  (
    1400,
    '370681',
    '龙口市',
    '370600'
  ),
  (
    1401,
    '370682',
    '莱阳市',
    '370600'
  ),
  (
    1402,
    '370683',
    '莱州市',
    '370600'
  ),
  (
    1403,
    '370684',
    '蓬莱市',
    '370600'
  ),
  (
    1404,
    '370685',
    '招远市',
    '370600'
  ),
  (
    1405,
    '370686',
    '栖霞市',
    '370600'
  ),
  (
    1406,
    '370687',
    '海阳市',
    '370600'
  ),
  (
    1407,
    '370701',
    '市辖区',
    '370700'
  ),
  (
    1408,
    '370702',
    '潍城区',
    '370700'
  ),
  (
    1409,
    '370703',
    '寒亭区',
    '370700'
  ),
  (
    1410,
    '370704',
    '坊子区',
    '370700'
  ),
  (
    1411,
    '370705',
    '奎文区',
    '370700'
  ),
  (
    1412,
    '370724',
    '临朐县',
    '370700'
  ),
  (
    1413,
    '370725',
    '昌乐县',
    '370700'
  ),
  (
    1414,
    '370781',
    '青州市',
    '370700'
  ),
  (
    1415,
    '370782',
    '诸城市',
    '370700'
  ),
  (
    1416,
    '370783',
    '寿光市',
    '370700'
  ),
  (
    1417,
    '370784',
    '安丘市',
    '370700'
  ),
  (
    1418,
    '370785',
    '高密市',
    '370700'
  ),
  (
    1419,
    '370786',
    '昌邑市',
    '370700'
  ),
  (
    1420,
    '370801',
    '市辖区',
    '370800'
  ),
  (
    1421,
    '370802',
    '市中区',
    '370800'
  ),
  (
    1422,
    '370811',
    '任城区',
    '370800'
  ),
  (
    1423,
    '370826',
    '微山县',
    '370800'
  ),
  (
    1424,
    '370827',
    '鱼台县',
    '370800'
  ),
  (
    1425,
    '370828',
    '金乡县',
    '370800'
  ),
  (
    1426,
    '370829',
    '嘉祥县',
    '370800'
  ),
  (
    1427,
    '370830',
    '汶上县',
    '370800'
  ),
  (
    1428,
    '370831',
    '泗水县',
    '370800'
  ),
  (
    1429,
    '370832',
    '梁山县',
    '370800'
  ),
  (
    1430,
    '370881',
    '曲阜市',
    '370800'
  ),
  (
    1431,
    '370882',
    '兖州市',
    '370800'
  ),
  (
    1432,
    '370883',
    '邹城市',
    '370800'
  ),
  (
    1433,
    '370901',
    '市辖区',
    '370900'
  ),
  (
    1434,
    '370902',
    '泰山区',
    '370900'
  ),
  (
    1435,
    '370903',
    '岱岳区',
    '370900'
  ),
  (
    1436,
    '370921',
    '宁阳县',
    '370900'
  ),
  (
    1437,
    '370923',
    '东平县',
    '370900'
  ),
  (
    1438,
    '370982',
    '新泰市',
    '370900'
  ),
  (
    1439,
    '370983',
    '肥城市',
    '370900'
  ),
  (
    1440,
    '371001',
    '市辖区',
    '371000'
  ),
  (
    1441,
    '371002',
    '环翠区',
    '371000'
  ),
  (
    1442,
    '371081',
    '文登市',
    '371000'
  ),
  (
    1443,
    '371082',
    '荣成市',
    '371000'
  ),
  (
    1444,
    '371083',
    '乳山市',
    '371000'
  ),
  (
    1445,
    '371101',
    '市辖区',
    '371100'
  ),
  (
    1446,
    '371102',
    '东港区',
    '371100'
  ),
  (
    1447,
    '371103',
    '岚山区',
    '371100'
  ),
  (
    1448,
    '371121',
    '五莲县',
    '371100'
  ),
  (
    1449,
    '371122',
    '莒　县',
    '371100'
  ),
  (
    1450,
    '371201',
    '市辖区',
    '371200'
  ),
  (
    1451,
    '371202',
    '莱城区',
    '371200'
  ),
  (
    1452,
    '371203',
    '钢城区',
    '371200'
  ),
  (
    1453,
    '371301',
    '市辖区',
    '371300'
  ),
  (
    1454,
    '371302',
    '兰山区',
    '371300'
  ),
  (
    1455,
    '371311',
    '罗庄区',
    '371300'
  ),
  (
    1456,
    '371312',
    '河东区',
    '371300'
  ),
  (
    1457,
    '371321',
    '沂南县',
    '371300'
  ),
  (
    1458,
    '371322',
    '郯城县',
    '371300'
  ),
  (
    1459,
    '371323',
    '沂水县',
    '371300'
  ),
  (
    1460,
    '371324',
    '苍山县',
    '371300'
  ),
  (
    1461,
    '371325',
    '费　县',
    '371300'
  ),
  (
    1462,
    '371326',
    '平邑县',
    '371300'
  ),
  (
    1463,
    '371327',
    '莒南县',
    '371300'
  ),
  (
    1464,
    '371328',
    '蒙阴县',
    '371300'
  ),
  (
    1465,
    '371329',
    '临沭县',
    '371300'
  ),
  (
    1466,
    '371401',
    '市辖区',
    '371400'
  ),
  (
    1467,
    '371402',
    '德城区',
    '371400'
  ),
  (
    1468,
    '371421',
    '陵　县',
    '371400'
  ),
  (
    1469,
    '371422',
    '宁津县',
    '371400'
  ),
  (
    1470,
    '371423',
    '庆云县',
    '371400'
  ),
  (
    1471,
    '371424',
    '临邑县',
    '371400'
  ),
  (
    1472,
    '371425',
    '齐河县',
    '371400'
  ),
  (
    1473,
    '371426',
    '平原县',
    '371400'
  ),
  (
    1474,
    '371427',
    '夏津县',
    '371400'
  ),
  (
    1475,
    '371428',
    '武城县',
    '371400'
  ),
  (
    1476,
    '371481',
    '乐陵市',
    '371400'
  ),
  (
    1477,
    '371482',
    '禹城市',
    '371400'
  ),
  (
    1478,
    '371501',
    '市辖区',
    '371500'
  ),
  (
    1479,
    '371502',
    '东昌府区',
    '371500'
  ),
  (
    1480,
    '371521',
    '阳谷县',
    '371500'
  ),
  (
    1481,
    '371522',
    '莘　县',
    '371500'
  ),
  (
    1482,
    '371523',
    '茌平县',
    '371500'
  ),
  (
    1483,
    '371524',
    '东阿县',
    '371500'
  ),
  (
    1484,
    '371525',
    '冠　县',
    '371500'
  ),
  (
    1485,
    '371526',
    '高唐县',
    '371500'
  ),
  (
    1486,
    '371581',
    '临清市',
    '371500'
  ),
  (
    1487,
    '371601',
    '市辖区',
    '371600'
  ),
  (
    1488,
    '371602',
    '滨城区',
    '371600'
  ),
  (
    1489,
    '371621',
    '惠民县',
    '371600'
  ),
  (
    1490,
    '371622',
    '阳信县',
    '371600'
  ),
  (
    1491,
    '371623',
    '无棣县',
    '371600'
  ),
  (
    1492,
    '371624',
    '沾化县',
    '371600'
  ),
  (
    1493,
    '371625',
    '博兴县',
    '371600'
  ),
  (
    1494,
    '371626',
    '邹平县',
    '371600'
  ),
  (
    1495,
    '371701',
    '市辖区',
    '371700'
  ),
  (
    1496,
    '371702',
    '牡丹区',
    '371700'
  ),
  (
    1497,
    '371721',
    '曹　县',
    '371700'
  ),
  (
    1498,
    '371722',
    '单　县',
    '371700'
  ),
  (
    1499,
    '371723',
    '成武县',
    '371700'
  ),
  (
    1500,
    '371724',
    '巨野县',
    '371700'
  ),
  (
    1501,
    '371725',
    '郓城县',
    '371700'
  ),
  (
    1502,
    '371726',
    '鄄城县',
    '371700'
  ),
  (
    1503,
    '371727',
    '定陶县',
    '371700'
  ),
  (
    1504,
    '371728',
    '东明县',
    '371700'
  ),
  (
    1505,
    '410101',
    '市辖区',
    '410100'
  ),
  (
    1506,
    '410102',
    '中原区',
    '410100'
  ),
  (
    1507,
    '410103',
    '二七区',
    '410100'
  ),
  (
    1508,
    '410104',
    '管城回族区',
    '410100'
  ),
  (
    1509,
    '410105',
    '金水区',
    '410100'
  ),
  (
    1510,
    '410106',
    '上街区',
    '410100'
  ),
  (
    1511,
    '410108',
    '邙山区',
    '410100'
  ),
  (
    1512,
    '410122',
    '中牟县',
    '410100'
  ),
  (
    1513,
    '410181',
    '巩义市',
    '410100'
  ),
  (
    1514,
    '410182',
    '荥阳市',
    '410100'
  ),
  (
    1515,
    '410183',
    '新密市',
    '410100'
  ),
  (
    1516,
    '410184',
    '新郑市',
    '410100'
  ),
  (
    1517,
    '410185',
    '登封市',
    '410100'
  ),
  (
    1518,
    '410201',
    '市辖区',
    '410200'
  ),
  (
    1519,
    '410202',
    '龙亭区',
    '410200'
  ),
  (
    1520,
    '410203',
    '顺河回族区',
    '410200'
  ),
  (
    1521,
    '410204',
    '鼓楼区',
    '410200'
  ),
  (
    1522,
    '410205',
    '南关区',
    '410200'
  ),
  (
    1523,
    '410211',
    '郊　区',
    '410200'
  ),
  (
    1524,
    '410221',
    '杞　县',
    '410200'
  ),
  (
    1525,
    '410222',
    '通许县',
    '410200'
  ),
  (
    1526,
    '410223',
    '尉氏县',
    '410200'
  ),
  (
    1527,
    '410224',
    '开封县',
    '410200'
  ),
  (
    1528,
    '410225',
    '兰考县',
    '410200'
  ),
  (
    1529,
    '410301',
    '市辖区',
    '410300'
  ),
  (
    1530,
    '410302',
    '老城区',
    '410300'
  ),
  (
    1531,
    '410303',
    '西工区',
    '410300'
  ),
  (
    1532,
    '410304',
    '廛河回族区',
    '410300'
  ),
  (
    1533,
    '410305',
    '涧西区',
    '410300'
  ),
  (
    1534,
    '410306',
    '吉利区',
    '410300'
  ),
  (
    1535,
    '410307',
    '洛龙区',
    '410300'
  ),
  (
    1536,
    '410322',
    '孟津县',
    '410300'
  ),
  (
    1537,
    '410323',
    '新安县',
    '410300'
  ),
  (
    1538,
    '410324',
    '栾川县',
    '410300'
  ),
  (
    1539,
    '410325',
    '嵩　县',
    '410300'
  ),
  (
    1540,
    '410326',
    '汝阳县',
    '410300'
  ),
  (
    1541,
    '410327',
    '宜阳县',
    '410300'
  ),
  (
    1542,
    '410328',
    '洛宁县',
    '410300'
  ),
  (
    1543,
    '410329',
    '伊川县',
    '410300'
  ),
  (
    1544,
    '410381',
    '偃师市',
    '410300'
  ),
  (
    1545,
    '410401',
    '市辖区',
    '410400'
  ),
  (
    1546,
    '410402',
    '新华区',
    '410400'
  ),
  (
    1547,
    '410403',
    '卫东区',
    '410400'
  ),
  (
    1548,
    '410404',
    '石龙区',
    '410400'
  ),
  (
    1549,
    '410411',
    '湛河区',
    '410400'
  ),
  (
    1550,
    '410421',
    '宝丰县',
    '410400'
  ),
  (
    1551,
    '410422',
    '叶　县',
    '410400'
  ),
  (
    1552,
    '410423',
    '鲁山县',
    '410400'
  ),
  (
    1553,
    '410425',
    '郏　县',
    '410400'
  ),
  (
    1554,
    '410481',
    '舞钢市',
    '410400'
  ),
  (
    1555,
    '410482',
    '汝州市',
    '410400'
  ),
  (
    1556,
    '410501',
    '市辖区',
    '410500'
  ),
  (
    1557,
    '410502',
    '文峰区',
    '410500'
  ),
  (
    1558,
    '410503',
    '北关区',
    '410500'
  ),
  (
    1559,
    '410505',
    '殷都区',
    '410500'
  ),
  (
    1560,
    '410506',
    '龙安区',
    '410500'
  ),
  (
    1561,
    '410522',
    '安阳县',
    '410500'
  ),
  (
    1562,
    '410523',
    '汤阴县',
    '410500'
  ),
  (
    1563,
    '410526',
    '滑　县',
    '410500'
  ),
  (
    1564,
    '410527',
    '内黄县',
    '410500'
  ),
  (
    1565,
    '410581',
    '林州市',
    '410500'
  ),
  (
    1566,
    '410601',
    '市辖区',
    '410600'
  ),
  (
    1567,
    '410602',
    '鹤山区',
    '410600'
  ),
  (
    1568,
    '410603',
    '山城区',
    '410600'
  ),
  (
    1569,
    '410611',
    '淇滨区',
    '410600'
  ),
  (
    1570,
    '410621',
    '浚　县',
    '410600'
  ),
  (
    1571,
    '410622',
    '淇　县',
    '410600'
  ),
  (
    1572,
    '410701',
    '市辖区',
    '410700'
  ),
  (
    1573,
    '410702',
    '红旗区',
    '410700'
  ),
  (
    1574,
    '410703',
    '卫滨区',
    '410700'
  ),
  (
    1575,
    '410704',
    '凤泉区',
    '410700'
  ),
  (
    1576,
    '410711',
    '牧野区',
    '410700'
  ),
  (
    1577,
    '410721',
    '新乡县',
    '410700'
  ),
  (
    1578,
    '410724',
    '获嘉县',
    '410700'
  ),
  (
    1579,
    '410725',
    '原阳县',
    '410700'
  ),
  (
    1580,
    '410726',
    '延津县',
    '410700'
  ),
  (
    1581,
    '410727',
    '封丘县',
    '410700'
  ),
  (
    1582,
    '410728',
    '长垣县',
    '410700'
  ),
  (
    1583,
    '410781',
    '卫辉市',
    '410700'
  ),
  (
    1584,
    '410782',
    '辉县市',
    '410700'
  ),
  (
    1585,
    '410801',
    '市辖区',
    '410800'
  ),
  (
    1586,
    '410802',
    '解放区',
    '410800'
  ),
  (
    1587,
    '410803',
    '中站区',
    '410800'
  ),
  (
    1588,
    '410804',
    '马村区',
    '410800'
  ),
  (
    1589,
    '410811',
    '山阳区',
    '410800'
  ),
  (
    1590,
    '410821',
    '修武县',
    '410800'
  ),
  (
    1591,
    '410822',
    '博爱县',
    '410800'
  ),
  (
    1592,
    '410823',
    '武陟县',
    '410800'
  ),
  (
    1593,
    '410825',
    '温　县',
    '410800'
  ),
  (
    1594,
    '410881',
    '济源市',
    '410800'
  ),
  (
    1595,
    '410882',
    '沁阳市',
    '410800'
  ),
  (
    1596,
    '410883',
    '孟州市',
    '410800'
  ),
  (
    1597,
    '410901',
    '市辖区',
    '410900'
  ),
  (
    1598,
    '410902',
    '华龙区',
    '410900'
  ),
  (
    1599,
    '410922',
    '清丰县',
    '410900'
  ),
  (
    1600,
    '410923',
    '南乐县',
    '410900'
  ),
  (
    1601,
    '410926',
    '范　县',
    '410900'
  ),
  (
    1602,
    '410927',
    '台前县',
    '410900'
  ),
  (
    1603,
    '410928',
    '濮阳县',
    '410900'
  ),
  (
    1604,
    '411001',
    '市辖区',
    '411000'
  ),
  (
    1605,
    '411002',
    '魏都区',
    '411000'
  ),
  (
    1606,
    '411023',
    '许昌县',
    '411000'
  ),
  (
    1607,
    '411024',
    '鄢陵县',
    '411000'
  ),
  (
    1608,
    '411025',
    '襄城县',
    '411000'
  ),
  (
    1609,
    '411081',
    '禹州市',
    '411000'
  ),
  (
    1610,
    '411082',
    '长葛市',
    '411000'
  ),
  (
    1611,
    '411101',
    '市辖区',
    '411100'
  ),
  (
    1612,
    '411102',
    '源汇区',
    '411100'
  ),
  (
    1613,
    '411103',
    '郾城区',
    '411100'
  ),
  (
    1614,
    '411104',
    '召陵区',
    '411100'
  ),
  (
    1615,
    '411121',
    '舞阳县',
    '411100'
  ),
  (
    1616,
    '411122',
    '临颍县',
    '411100'
  ),
  (
    1617,
    '411201',
    '市辖区',
    '411200'
  ),
  (
    1618,
    '411202',
    '湖滨区',
    '411200'
  ),
  (
    1619,
    '411221',
    '渑池县',
    '411200'
  ),
  (
    1620,
    '411222',
    '陕　县',
    '411200'
  ),
  (
    1621,
    '411224',
    '卢氏县',
    '411200'
  ),
  (
    1622,
    '411281',
    '义马市',
    '411200'
  ),
  (
    1623,
    '411282',
    '灵宝市',
    '411200'
  ),
  (
    1624,
    '411301',
    '市辖区',
    '411300'
  ),
  (
    1625,
    '411302',
    '宛城区',
    '411300'
  ),
  (
    1626,
    '411303',
    '卧龙区',
    '411300'
  ),
  (
    1627,
    '411321',
    '南召县',
    '411300'
  ),
  (
    1628,
    '411322',
    '方城县',
    '411300'
  ),
  (
    1629,
    '411323',
    '西峡县',
    '411300'
  ),
  (
    1630,
    '411324',
    '镇平县',
    '411300'
  ),
  (
    1631,
    '411325',
    '内乡县',
    '411300'
  ),
  (
    1632,
    '411326',
    '淅川县',
    '411300'
  ),
  (
    1633,
    '411327',
    '社旗县',
    '411300'
  ),
  (
    1634,
    '411328',
    '唐河县',
    '411300'
  ),
  (
    1635,
    '411329',
    '新野县',
    '411300'
  ),
  (
    1636,
    '411330',
    '桐柏县',
    '411300'
  ),
  (
    1637,
    '411381',
    '邓州市',
    '411300'
  ),
  (
    1638,
    '411401',
    '市辖区',
    '411400'
  ),
  (
    1639,
    '411402',
    '梁园区',
    '411400'
  ),
  (
    1640,
    '411403',
    '睢阳区',
    '411400'
  ),
  (
    1641,
    '411421',
    '民权县',
    '411400'
  ),
  (
    1642,
    '411422',
    '睢　县',
    '411400'
  ),
  (
    1643,
    '411423',
    '宁陵县',
    '411400'
  ),
  (
    1644,
    '411424',
    '柘城县',
    '411400'
  ),
  (
    1645,
    '411425',
    '虞城县',
    '411400'
  ),
  (
    1646,
    '411426',
    '夏邑县',
    '411400'
  ),
  (
    1647,
    '411481',
    '永城市',
    '411400'
  ),
  (
    1648,
    '411501',
    '市辖区',
    '411500'
  ),
  (
    1649,
    '411502',
    '师河区',
    '411500'
  ),
  (
    1650,
    '411503',
    '平桥区',
    '411500'
  ),
  (
    1651,
    '411521',
    '罗山县',
    '411500'
  ),
  (
    1652,
    '411522',
    '光山县',
    '411500'
  ),
  (
    1653,
    '411523',
    '新　县',
    '411500'
  ),
  (
    1654,
    '411524',
    '商城县',
    '411500'
  ),
  (
    1655,
    '411525',
    '固始县',
    '411500'
  ),
  (
    1656,
    '411526',
    '潢川县',
    '411500'
  ),
  (
    1657,
    '411527',
    '淮滨县',
    '411500'
  ),
  (
    1658,
    '411528',
    '息　县',
    '411500'
  ),
  (
    1659,
    '411601',
    '市辖区',
    '411600'
  ),
  (
    1660,
    '411602',
    '川汇区',
    '411600'
  ),
  (
    1661,
    '411621',
    '扶沟县',
    '411600'
  ),
  (
    1662,
    '411622',
    '西华县',
    '411600'
  ),
  (
    1663,
    '411623',
    '商水县',
    '411600'
  ),
  (
    1664,
    '411624',
    '沈丘县',
    '411600'
  ),
  (
    1665,
    '411625',
    '郸城县',
    '411600'
  ),
  (
    1666,
    '411626',
    '淮阳县',
    '411600'
  ),
  (
    1667,
    '411627',
    '太康县',
    '411600'
  ),
  (
    1668,
    '411628',
    '鹿邑县',
    '411600'
  ),
  (
    1669,
    '411681',
    '项城市',
    '411600'
  ),
  (
    1670,
    '411701',
    '市辖区',
    '411700'
  ),
  (
    1671,
    '411702',
    '驿城区',
    '411700'
  ),
  (
    1672,
    '411721',
    '西平县',
    '411700'
  ),
  (
    1673,
    '411722',
    '上蔡县',
    '411700'
  ),
  (
    1674,
    '411723',
    '平舆县',
    '411700'
  ),
  (
    1675,
    '411724',
    '正阳县',
    '411700'
  ),
  (
    1676,
    '411725',
    '确山县',
    '411700'
  ),
  (
    1677,
    '411726',
    '泌阳县',
    '411700'
  ),
  (
    1678,
    '411727',
    '汝南县',
    '411700'
  ),
  (
    1679,
    '411728',
    '遂平县',
    '411700'
  ),
  (
    1680,
    '411729',
    '新蔡县',
    '411700'
  ),
  (
    1681,
    '420101',
    '市辖区',
    '420100'
  ),
  (
    1682,
    '420102',
    '江岸区',
    '420100'
  ),
  (
    1683,
    '420103',
    '江汉区',
    '420100'
  ),
  (
    1684,
    '420104',
    '乔口区',
    '420100'
  ),
  (
    1685,
    '420105',
    '汉阳区',
    '420100'
  ),
  (
    1686,
    '420106',
    '武昌区',
    '420100'
  ),
  (
    1687,
    '420107',
    '青山区',
    '420100'
  ),
  (
    1688,
    '420111',
    '洪山区',
    '420100'
  ),
  (
    1689,
    '420112',
    '东西湖区',
    '420100'
  ),
  (
    1690,
    '420113',
    '汉南区',
    '420100'
  ),
  (
    1691,
    '420114',
    '蔡甸区',
    '420100'
  ),
  (
    1692,
    '420115',
    '江夏区',
    '420100'
  ),
  (
    1693,
    '420116',
    '黄陂区',
    '420100'
  ),
  (
    1694,
    '420117',
    '新洲区',
    '420100'
  ),
  (
    1695,
    '420201',
    '市辖区',
    '420200'
  ),
  (
    1696,
    '420202',
    '黄石港区',
    '420200'
  ),
  (
    1697,
    '420203',
    '西塞山区',
    '420200'
  ),
  (
    1698,
    '420204',
    '下陆区',
    '420200'
  ),
  (
    1699,
    '420205',
    '铁山区',
    '420200'
  ),
  (
    1700,
    '420222',
    '阳新县',
    '420200'
  ),
  (
    1701,
    '420281',
    '大冶市',
    '420200'
  ),
  (
    1702,
    '420301',
    '市辖区',
    '420300'
  ),
  (
    1703,
    '420302',
    '茅箭区',
    '420300'
  ),
  (
    1704,
    '420303',
    '张湾区',
    '420300'
  ),
  (
    1705,
    '420321',
    '郧　县',
    '420300'
  ),
  (
    1706,
    '420322',
    '郧西县',
    '420300'
  ),
  (
    1707,
    '420323',
    '竹山县',
    '420300'
  ),
  (
    1708,
    '420324',
    '竹溪县',
    '420300'
  ),
  (
    1709,
    '420325',
    '房　县',
    '420300'
  ),
  (
    1710,
    '420381',
    '丹江口市',
    '420300'
  ),
  (
    1711,
    '420501',
    '市辖区',
    '420500'
  ),
  (
    1712,
    '420502',
    '西陵区',
    '420500'
  ),
  (
    1713,
    '420503',
    '伍家岗区',
    '420500'
  ),
  (
    1714,
    '420504',
    '点军区',
    '420500'
  ),
  (
    1715,
    '420505',
    '猇亭区',
    '420500'
  ),
  (
    1716,
    '420506',
    '夷陵区',
    '420500'
  ),
  (
    1717,
    '420525',
    '远安县',
    '420500'
  ),
  (
    1718,
    '420526',
    '兴山县',
    '420500'
  ),
  (
    1719,
    '420527',
    '秭归县',
    '420500'
  ),
  (
    1720,
    '420528',
    '长阳土家族自治县',
    '420500'
  ),
  (
    1721,
    '420529',
    '五峰土家族自治县',
    '420500'
  ),
  (
    1722,
    '420581',
    '宜都市',
    '420500'
  ),
  (
    1723,
    '420582',
    '当阳市',
    '420500'
  ),
  (
    1724,
    '420583',
    '枝江市',
    '420500'
  ),
  (
    1725,
    '420601',
    '市辖区',
    '420600'
  ),
  (
    1726,
    '420602',
    '襄城区',
    '420600'
  ),
  (
    1727,
    '420606',
    '樊城区',
    '420600'
  ),
  (
    1728,
    '420607',
    '襄阳区',
    '420600'
  ),
  (
    1729,
    '420624',
    '南漳县',
    '420600'
  ),
  (
    1730,
    '420625',
    '谷城县',
    '420600'
  ),
  (
    1731,
    '420626',
    '保康县',
    '420600'
  ),
  (
    1732,
    '420682',
    '老河口市',
    '420600'
  ),
  (
    1733,
    '420683',
    '枣阳市',
    '420600'
  ),
  (
    1734,
    '420684',
    '宜城市',
    '420600'
  ),
  (
    1735,
    '420701',
    '市辖区',
    '420700'
  ),
  (
    1736,
    '420702',
    '梁子湖区',
    '420700'
  ),
  (
    1737,
    '420703',
    '华容区',
    '420700'
  ),
  (
    1738,
    '420704',
    '鄂城区',
    '420700'
  ),
  (
    1739,
    '420801',
    '市辖区',
    '420800'
  ),
  (
    1740,
    '420802',
    '东宝区',
    '420800'
  ),
  (
    1741,
    '420804',
    '掇刀区',
    '420800'
  ),
  (
    1742,
    '420821',
    '京山县',
    '420800'
  ),
  (
    1743,
    '420822',
    '沙洋县',
    '420800'
  ),
  (
    1744,
    '420881',
    '钟祥市',
    '420800'
  ),
  (
    1745,
    '420901',
    '市辖区',
    '420900'
  ),
  (
    1746,
    '420902',
    '孝南区',
    '420900'
  ),
  (
    1747,
    '420921',
    '孝昌县',
    '420900'
  ),
  (
    1748,
    '420922',
    '大悟县',
    '420900'
  ),
  (
    1749,
    '420923',
    '云梦县',
    '420900'
  ),
  (
    1750,
    '420981',
    '应城市',
    '420900'
  ),
  (
    1751,
    '420982',
    '安陆市',
    '420900'
  ),
  (
    1752,
    '420984',
    '汉川市',
    '420900'
  ),
  (
    1753,
    '421001',
    '市辖区',
    '421000'
  ),
  (
    1754,
    '421002',
    '沙市区',
    '421000'
  ),
  (
    1755,
    '421003',
    '荆州区',
    '421000'
  ),
  (
    1756,
    '421022',
    '公安县',
    '421000'
  ),
  (
    1757,
    '421023',
    '监利县',
    '421000'
  ),
  (
    1758,
    '421024',
    '江陵县',
    '421000'
  ),
  (
    1759,
    '421081',
    '石首市',
    '421000'
  ),
  (
    1760,
    '421083',
    '洪湖市',
    '421000'
  ),
  (
    1761,
    '421087',
    '松滋市',
    '421000'
  ),
  (
    1762,
    '421101',
    '市辖区',
    '421100'
  ),
  (
    1763,
    '421102',
    '黄州区',
    '421100'
  ),
  (
    1764,
    '421121',
    '团风县',
    '421100'
  ),
  (
    1765,
    '421122',
    '红安县',
    '421100'
  ),
  (
    1766,
    '421123',
    '罗田县',
    '421100'
  ),
  (
    1767,
    '421124',
    '英山县',
    '421100'
  ),
  (
    1768,
    '421125',
    '浠水县',
    '421100'
  ),
  (
    1769,
    '421126',
    '蕲春县',
    '421100'
  ),
  (
    1770,
    '421127',
    '黄梅县',
    '421100'
  ),
  (
    1771,
    '421181',
    '麻城市',
    '421100'
  ),
  (
    1772,
    '421182',
    '武穴市',
    '421100'
  ),
  (
    1773,
    '421201',
    '市辖区',
    '421200'
  ),
  (
    1774,
    '421202',
    '咸安区',
    '421200'
  ),
  (
    1775,
    '421221',
    '嘉鱼县',
    '421200'
  ),
  (
    1776,
    '421222',
    '通城县',
    '421200'
  ),
  (
    1777,
    '421223',
    '崇阳县',
    '421200'
  ),
  (
    1778,
    '421224',
    '通山县',
    '421200'
  ),
  (
    1779,
    '421281',
    '赤壁市',
    '421200'
  ),
  (
    1780,
    '421301',
    '市辖区',
    '421300'
  ),
  (
    1781,
    '421302',
    '曾都区',
    '421300'
  ),
  (
    1782,
    '421381',
    '广水市',
    '421300'
  ),
  (
    1783,
    '422801',
    '恩施市',
    '422800'
  ),
  (
    1784,
    '422802',
    '利川市',
    '422800'
  ),
  (
    1785,
    '422822',
    '建始县',
    '422800'
  ),
  (
    1786,
    '422823',
    '巴东县',
    '422800'
  ),
  (
    1787,
    '422825',
    '宣恩县',
    '422800'
  ),
  (
    1788,
    '422826',
    '咸丰县',
    '422800'
  ),
  (
    1789,
    '422827',
    '来凤县',
    '422800'
  ),
  (
    1790,
    '422828',
    '鹤峰县',
    '422800'
  ),
  (
    1791,
    '429004',
    '仙桃市',
    '429000'
  ),
  (
    1792,
    '429005',
    '潜江市',
    '429000'
  ),
  (
    1793,
    '429006',
    '天门市',
    '429000'
  ),
  (
    1794,
    '429021',
    '神农架林区',
    '429000'
  ),
  (
    1795,
    '430101',
    '市辖区',
    '430100'
  ),
  (
    1796,
    '430102',
    '芙蓉区',
    '430100'
  ),
  (
    1797,
    '430103',
    '天心区',
    '430100'
  ),
  (
    1798,
    '430104',
    '岳麓区',
    '430100'
  ),
  (
    1799,
    '430105',
    '开福区',
    '430100'
  ),
  (
    1800,
    '430111',
    '雨花区',
    '430100'
  ),
  (
    1801,
    '430121',
    '长沙县',
    '430100'
  ),
  (
    1802,
    '430122',
    '望城县',
    '430100'
  ),
  (
    1803,
    '430124',
    '宁乡县',
    '430100'
  ),
  (
    1804,
    '430181',
    '浏阳市',
    '430100'
  ),
  (
    1805,
    '430201',
    '市辖区',
    '430200'
  ),
  (
    1806,
    '430202',
    '荷塘区',
    '430200'
  ),
  (
    1807,
    '430203',
    '芦淞区',
    '430200'
  ),
  (
    1808,
    '430204',
    '石峰区',
    '430200'
  ),
  (
    1809,
    '430211',
    '天元区',
    '430200'
  ),
  (
    1810,
    '430221',
    '株洲县',
    '430200'
  ),
  (
    1811,
    '430223',
    '攸　县',
    '430200'
  ),
  (
    1812,
    '430224',
    '茶陵县',
    '430200'
  ),
  (
    1813,
    '430225',
    '炎陵县',
    '430200'
  ),
  (
    1814,
    '430281',
    '醴陵市',
    '430200'
  ),
  (
    1815,
    '430301',
    '市辖区',
    '430300'
  ),
  (
    1816,
    '430302',
    '雨湖区',
    '430300'
  ),
  (
    1817,
    '430304',
    '岳塘区',
    '430300'
  ),
  (
    1818,
    '430321',
    '湘潭县',
    '430300'
  ),
  (
    1819,
    '430381',
    '湘乡市',
    '430300'
  ),
  (
    1820,
    '430382',
    '韶山市',
    '430300'
  ),
  (
    1821,
    '430401',
    '市辖区',
    '430400'
  ),
  (
    1822,
    '430405',
    '珠晖区',
    '430400'
  ),
  (
    1823,
    '430406',
    '雁峰区',
    '430400'
  ),
  (
    1824,
    '430407',
    '石鼓区',
    '430400'
  ),
  (
    1825,
    '430408',
    '蒸湘区',
    '430400'
  ),
  (
    1826,
    '430412',
    '南岳区',
    '430400'
  ),
  (
    1827,
    '430421',
    '衡阳县',
    '430400'
  ),
  (
    1828,
    '430422',
    '衡南县',
    '430400'
  ),
  (
    1829,
    '430423',
    '衡山县',
    '430400'
  ),
  (
    1830,
    '430424',
    '衡东县',
    '430400'
  ),
  (
    1831,
    '430426',
    '祁东县',
    '430400'
  ),
  (
    1832,
    '430481',
    '耒阳市',
    '430400'
  ),
  (
    1833,
    '430482',
    '常宁市',
    '430400'
  ),
  (
    1834,
    '430501',
    '市辖区',
    '430500'
  ),
  (
    1835,
    '430502',
    '双清区',
    '430500'
  ),
  (
    1836,
    '430503',
    '大祥区',
    '430500'
  ),
  (
    1837,
    '430511',
    '北塔区',
    '430500'
  ),
  (
    1838,
    '430521',
    '邵东县',
    '430500'
  ),
  (
    1839,
    '430522',
    '新邵县',
    '430500'
  ),
  (
    1840,
    '430523',
    '邵阳县',
    '430500'
  ),
  (
    1841,
    '430524',
    '隆回县',
    '430500'
  ),
  (
    1842,
    '430525',
    '洞口县',
    '430500'
  ),
  (
    1843,
    '430527',
    '绥宁县',
    '430500'
  ),
  (
    1844,
    '430528',
    '新宁县',
    '430500'
  ),
  (
    1845,
    '430529',
    '城步苗族自治县',
    '430500'
  ),
  (
    1846,
    '430581',
    '武冈市',
    '430500'
  ),
  (
    1847,
    '430601',
    '市辖区',
    '430600'
  ),
  (
    1848,
    '430602',
    '岳阳楼区',
    '430600'
  ),
  (
    1849,
    '430603',
    '云溪区',
    '430600'
  ),
  (
    1850,
    '430611',
    '君山区',
    '430600'
  ),
  (
    1851,
    '430621',
    '岳阳县',
    '430600'
  ),
  (
    1852,
    '430623',
    '华容县',
    '430600'
  ),
  (
    1853,
    '430624',
    '湘阴县',
    '430600'
  ),
  (
    1854,
    '430626',
    '平江县',
    '430600'
  ),
  (
    1855,
    '430681',
    '汨罗市',
    '430600'
  ),
  (
    1856,
    '430682',
    '临湘市',
    '430600'
  ),
  (
    1857,
    '430701',
    '市辖区',
    '430700'
  ),
  (
    1858,
    '430702',
    '武陵区',
    '430700'
  ),
  (
    1859,
    '430703',
    '鼎城区',
    '430700'
  ),
  (
    1860,
    '430721',
    '安乡县',
    '430700'
  ),
  (
    1861,
    '430722',
    '汉寿县',
    '430700'
  ),
  (
    1862,
    '430723',
    '澧　县',
    '430700'
  ),
  (
    1863,
    '430724',
    '临澧县',
    '430700'
  ),
  (
    1864,
    '430725',
    '桃源县',
    '430700'
  ),
  (
    1865,
    '430726',
    '石门县',
    '430700'
  ),
  (
    1866,
    '430781',
    '津市市',
    '430700'
  ),
  (
    1867,
    '430801',
    '市辖区',
    '430800'
  ),
  (
    1868,
    '430802',
    '永定区',
    '430800'
  ),
  (
    1869,
    '430811',
    '武陵源区',
    '430800'
  ),
  (
    1870,
    '430821',
    '慈利县',
    '430800'
  ),
  (
    1871,
    '430822',
    '桑植县',
    '430800'
  ),
  (
    1872,
    '430901',
    '市辖区',
    '430900'
  ),
  (
    1873,
    '430902',
    '资阳区',
    '430900'
  ),
  (
    1874,
    '430903',
    '赫山区',
    '430900'
  ),
  (
    1875,
    '430921',
    '南　县',
    '430900'
  ),
  (
    1876,
    '430922',
    '桃江县',
    '430900'
  ),
  (
    1877,
    '430923',
    '安化县',
    '430900'
  ),
  (
    1878,
    '430981',
    '沅江市',
    '430900'
  ),
  (
    1879,
    '431001',
    '市辖区',
    '431000'
  ),
  (
    1880,
    '431002',
    '北湖区',
    '431000'
  ),
  (
    1881,
    '431003',
    '苏仙区',
    '431000'
  ),
  (
    1882,
    '431021',
    '桂阳县',
    '431000'
  ),
  (
    1883,
    '431022',
    '宜章县',
    '431000'
  ),
  (
    1884,
    '431023',
    '永兴县',
    '431000'
  ),
  (
    1885,
    '431024',
    '嘉禾县',
    '431000'
  ),
  (
    1886,
    '431025',
    '临武县',
    '431000'
  ),
  (
    1887,
    '431026',
    '汝城县',
    '431000'
  ),
  (
    1888,
    '431027',
    '桂东县',
    '431000'
  ),
  (
    1889,
    '431028',
    '安仁县',
    '431000'
  ),
  (
    1890,
    '431081',
    '资兴市',
    '431000'
  ),
  (
    1891,
    '431101',
    '市辖区',
    '431100'
  ),
  (
    1892,
    '431102',
    '芝山区',
    '431100'
  ),
  (
    1893,
    '431103',
    '冷水滩区',
    '431100'
  ),
  (
    1894,
    '431121',
    '祁阳县',
    '431100'
  ),
  (
    1895,
    '431122',
    '东安县',
    '431100'
  ),
  (
    1896,
    '431123',
    '双牌县',
    '431100'
  ),
  (
    1897,
    '431124',
    '道　县',
    '431100'
  ),
  (
    1898,
    '431125',
    '江永县',
    '431100'
  ),
  (
    1899,
    '431126',
    '宁远县',
    '431100'
  ),
  (
    1900,
    '431127',
    '蓝山县',
    '431100'
  ),
  (
    1901,
    '431128',
    '新田县',
    '431100'
  ),
  (
    1902,
    '431129',
    '江华瑶族自治县',
    '431100'
  ),
  (
    1903,
    '431201',
    '市辖区',
    '431200'
  ),
  (
    1904,
    '431202',
    '鹤城区',
    '431200'
  ),
  (
    1905,
    '431221',
    '中方县',
    '431200'
  ),
  (
    1906,
    '431222',
    '沅陵县',
    '431200'
  ),
  (
    1907,
    '431223',
    '辰溪县',
    '431200'
  ),
  (
    1908,
    '431224',
    '溆浦县',
    '431200'
  ),
  (
    1909,
    '431225',
    '会同县',
    '431200'
  ),
  (
    1910,
    '431226',
    '麻阳苗族自治县',
    '431200'
  ),
  (
    1911,
    '431227',
    '新晃侗族自治县',
    '431200'
  ),
  (
    1912,
    '431228',
    '芷江侗族自治县',
    '431200'
  ),
  (
    1913,
    '431229',
    '靖州苗族侗族自治县',
    '431200'
  ),
  (
    1914,
    '431230',
    '通道侗族自治县',
    '431200'
  ),
  (
    1915,
    '431281',
    '洪江市',
    '431200'
  ),
  (
    1916,
    '431301',
    '市辖区',
    '431300'
  ),
  (
    1917,
    '431302',
    '娄星区',
    '431300'
  ),
  (
    1918,
    '431321',
    '双峰县',
    '431300'
  ),
  (
    1919,
    '431322',
    '新化县',
    '431300'
  ),
  (
    1920,
    '431381',
    '冷水江市',
    '431300'
  ),
  (
    1921,
    '431382',
    '涟源市',
    '431300'
  ),
  (
    1922,
    '433101',
    '吉首市',
    '433100'
  ),
  (
    1923,
    '433122',
    '泸溪县',
    '433100'
  ),
  (
    1924,
    '433123',
    '凤凰县',
    '433100'
  ),
  (
    1925,
    '433124',
    '花垣县',
    '433100'
  ),
  (
    1926,
    '433125',
    '保靖县',
    '433100'
  ),
  (
    1927,
    '433126',
    '古丈县',
    '433100'
  ),
  (
    1928,
    '433127',
    '永顺县',
    '433100'
  ),
  (
    1929,
    '433130',
    '龙山县',
    '433100'
  ),
  (
    1930,
    '440101',
    '市辖区',
    '440100'
  ),
  (
    1931,
    '440102',
    '东山区',
    '440100'
  ),
  (
    1932,
    '440103',
    '荔湾区',
    '440100'
  ),
  (
    1933,
    '440104',
    '越秀区',
    '440100'
  ),
  (
    1934,
    '440105',
    '海珠区',
    '440100'
  ),
  (
    1935,
    '440106',
    '天河区',
    '440100'
  ),
  (
    1936,
    '440107',
    '芳村区',
    '440100'
  ),
  (
    1937,
    '440111',
    '白云区',
    '440100'
  ),
  (
    1938,
    '440112',
    '黄埔区',
    '440100'
  ),
  (
    1939,
    '440113',
    '番禺区',
    '440100'
  ),
  (
    1940,
    '440114',
    '花都区',
    '440100'
  ),
  (
    1941,
    '440183',
    '增城市',
    '440100'
  ),
  (
    1942,
    '440184',
    '从化市',
    '440100'
  ),
  (
    1943,
    '440201',
    '市辖区',
    '440200'
  ),
  (
    1944,
    '440203',
    '武江区',
    '440200'
  ),
  (
    1945,
    '440204',
    '浈江区',
    '440200'
  ),
  (
    1946,
    '440205',
    '曲江区',
    '440200'
  ),
  (
    1947,
    '440222',
    '始兴县',
    '440200'
  ),
  (
    1948,
    '440224',
    '仁化县',
    '440200'
  ),
  (
    1949,
    '440229',
    '翁源县',
    '440200'
  ),
  (
    1950,
    '440232',
    '乳源瑶族自治县',
    '440200'
  ),
  (
    1951,
    '440233',
    '新丰县',
    '440200'
  ),
  (
    1952,
    '440281',
    '乐昌市',
    '440200'
  ),
  (
    1953,
    '440282',
    '南雄市',
    '440200'
  ),
  (
    1954,
    '440301',
    '市辖区',
    '440300'
  ),
  (
    1955,
    '440303',
    '罗湖区',
    '440300'
  ),
  (
    1956,
    '440304',
    '福田区',
    '440300'
  ),
  (
    1957,
    '440305',
    '南山区',
    '440300'
  ),
  (
    1958,
    '440306',
    '宝安区',
    '440300'
  ),
  (
    1959,
    '440307',
    '龙岗区',
    '440300'
  ),
  (
    1960,
    '440308',
    '盐田区',
    '440300'
  ),
  (
    1961,
    '440401',
    '市辖区',
    '440400'
  ),
  (
    1962,
    '440402',
    '香洲区',
    '440400'
  ),
  (
    1963,
    '440403',
    '斗门区',
    '440400'
  ),
  (
    1964,
    '440404',
    '金湾区',
    '440400'
  ),
  (
    1965,
    '440501',
    '市辖区',
    '440500'
  ),
  (
    1966,
    '440507',
    '龙湖区',
    '440500'
  ),
  (
    1967,
    '440511',
    '金平区',
    '440500'
  ),
  (
    1968,
    '440512',
    '濠江区',
    '440500'
  ),
  (
    1969,
    '440513',
    '潮阳区',
    '440500'
  ),
  (
    1970,
    '440514',
    '潮南区',
    '440500'
  ),
  (
    1971,
    '440515',
    '澄海区',
    '440500'
  ),
  (
    1972,
    '440523',
    '南澳县',
    '440500'
  ),
  (
    1973,
    '440601',
    '市辖区',
    '440600'
  ),
  (
    1974,
    '440604',
    '禅城区',
    '440600'
  ),
  (
    1975,
    '440605',
    '南海区',
    '440600'
  ),
  (
    1976,
    '440606',
    '顺德区',
    '440600'
  ),
  (
    1977,
    '440607',
    '三水区',
    '440600'
  ),
  (
    1978,
    '440608',
    '高明区',
    '440600'
  ),
  (
    1979,
    '440701',
    '市辖区',
    '440700'
  ),
  (
    1980,
    '440703',
    '蓬江区',
    '440700'
  ),
  (
    1981,
    '440704',
    '江海区',
    '440700'
  ),
  (
    1982,
    '440705',
    '新会区',
    '440700'
  ),
  (
    1983,
    '440781',
    '台山市',
    '440700'
  ),
  (
    1984,
    '440783',
    '开平市',
    '440700'
  ),
  (
    1985,
    '440784',
    '鹤山市',
    '440700'
  ),
  (
    1986,
    '440785',
    '恩平市',
    '440700'
  ),
  (
    1987,
    '440801',
    '市辖区',
    '440800'
  ),
  (
    1988,
    '440802',
    '赤坎区',
    '440800'
  ),
  (
    1989,
    '440803',
    '霞山区',
    '440800'
  ),
  (
    1990,
    '440804',
    '坡头区',
    '440800'
  ),
  (
    1991,
    '440811',
    '麻章区',
    '440800'
  ),
  (
    1992,
    '440823',
    '遂溪县',
    '440800'
  ),
  (
    1993,
    '440825',
    '徐闻县',
    '440800'
  ),
  (
    1994,
    '440881',
    '廉江市',
    '440800'
  ),
  (
    1995,
    '440882',
    '雷州市',
    '440800'
  ),
  (
    1996,
    '440883',
    '吴川市',
    '440800'
  ),
  (
    1997,
    '440901',
    '市辖区',
    '440900'
  ),
  (
    1998,
    '440902',
    '茂南区',
    '440900'
  ),
  (
    1999,
    '440903',
    '茂港区',
    '440900'
  ),
  (
    2000,
    '440923',
    '电白县',
    '440900'
  ),
  (
    2001,
    '440981',
    '高州市',
    '440900'
  ),
  (
    2002,
    '440982',
    '化州市',
    '440900'
  ),
  (
    2003,
    '440983',
    '信宜市',
    '440900'
  ),
  (
    2004,
    '441201',
    '市辖区',
    '441200'
  ),
  (
    2005,
    '441202',
    '端州区',
    '441200'
  ),
  (
    2006,
    '441203',
    '鼎湖区',
    '441200'
  ),
  (
    2007,
    '441223',
    '广宁县',
    '441200'
  ),
  (
    2008,
    '441224',
    '怀集县',
    '441200'
  ),
  (
    2009,
    '441225',
    '封开县',
    '441200'
  ),
  (
    2010,
    '441226',
    '德庆县',
    '441200'
  ),
  (
    2011,
    '441283',
    '高要市',
    '441200'
  ),
  (
    2012,
    '441284',
    '四会市',
    '441200'
  ),
  (
    2013,
    '441301',
    '市辖区',
    '441300'
  ),
  (
    2014,
    '441302',
    '惠城区',
    '441300'
  ),
  (
    2015,
    '441303',
    '惠阳区',
    '441300'
  ),
  (
    2016,
    '441322',
    '博罗县',
    '441300'
  ),
  (
    2017,
    '441323',
    '惠东县',
    '441300'
  ),
  (
    2018,
    '441324',
    '龙门县',
    '441300'
  ),
  (
    2019,
    '441401',
    '市辖区',
    '441400'
  ),
  (
    2020,
    '441402',
    '梅江区',
    '441400'
  ),
  (
    2021,
    '441421',
    '梅　县',
    '441400'
  ),
  (
    2022,
    '441422',
    '大埔县',
    '441400'
  ),
  (
    2023,
    '441423',
    '丰顺县',
    '441400'
  ),
  (
    2024,
    '441424',
    '五华县',
    '441400'
  ),
  (
    2025,
    '441426',
    '平远县',
    '441400'
  ),
  (
    2026,
    '441427',
    '蕉岭县',
    '441400'
  ),
  (
    2027,
    '441481',
    '兴宁市',
    '441400'
  ),
  (
    2028,
    '441501',
    '市辖区',
    '441500'
  ),
  (
    2029,
    '441502',
    '城　区',
    '441500'
  ),
  (
    2030,
    '441521',
    '海丰县',
    '441500'
  ),
  (
    2031,
    '441523',
    '陆河县',
    '441500'
  ),
  (
    2032,
    '441581',
    '陆丰市',
    '441500'
  ),
  (
    2033,
    '441601',
    '市辖区',
    '441600'
  ),
  (
    2034,
    '441602',
    '源城区',
    '441600'
  ),
  (
    2035,
    '441621',
    '紫金县',
    '441600'
  ),
  (
    2036,
    '441622',
    '龙川县',
    '441600'
  ),
  (
    2037,
    '441623',
    '连平县',
    '441600'
  ),
  (
    2038,
    '441624',
    '和平县',
    '441600'
  ),
  (
    2039,
    '441625',
    '东源县',
    '441600'
  ),
  (
    2040,
    '441701',
    '市辖区',
    '441700'
  ),
  (
    2041,
    '441702',
    '江城区',
    '441700'
  ),
  (
    2042,
    '441721',
    '阳西县',
    '441700'
  ),
  (
    2043,
    '441723',
    '阳东县',
    '441700'
  ),
  (
    2044,
    '441781',
    '阳春市',
    '441700'
  ),
  (
    2045,
    '441801',
    '市辖区',
    '441800'
  ),
  (
    2046,
    '441802',
    '清城区',
    '441800'
  ),
  (
    2047,
    '441821',
    '佛冈县',
    '441800'
  ),
  (
    2048,
    '441823',
    '阳山县',
    '441800'
  ),
  (
    2049,
    '441825',
    '连山壮族瑶族自治县',
    '441800'
  ),
  (
    2050,
    '441826',
    '连南瑶族自治县',
    '441800'
  ),
  (
    2051,
    '441827',
    '清新县',
    '441800'
  ),
  (
    2052,
    '441881',
    '英德市',
    '441800'
  ),
  (
    2053,
    '441882',
    '连州市',
    '441800'
  ),
  (
    2054,
    '445101',
    '市辖区',
    '445100'
  ),
  (
    2055,
    '445102',
    '湘桥区',
    '445100'
  ),
  (
    2056,
    '445121',
    '潮安县',
    '445100'
  ),
  (
    2057,
    '445122',
    '饶平县',
    '445100'
  ),
  (
    2058,
    '445201',
    '市辖区',
    '445200'
  ),
  (
    2059,
    '445202',
    '榕城区',
    '445200'
  ),
  (
    2060,
    '445221',
    '揭东县',
    '445200'
  ),
  (
    2061,
    '445222',
    '揭西县',
    '445200'
  ),
  (
    2062,
    '445224',
    '惠来县',
    '445200'
  ),
  (
    2063,
    '445281',
    '普宁市',
    '445200'
  ),
  (
    2064,
    '445301',
    '市辖区',
    '445300'
  ),
  (
    2065,
    '445302',
    '云城区',
    '445300'
  ),
  (
    2066,
    '445321',
    '新兴县',
    '445300'
  ),
  (
    2067,
    '445322',
    '郁南县',
    '445300'
  ),
  (
    2068,
    '445323',
    '云安县',
    '445300'
  ),
  (
    2069,
    '445381',
    '罗定市',
    '445300'
  ),
  (
    2070,
    '450101',
    '市辖区',
    '450100'
  ),
  (
    2071,
    '450102',
    '兴宁区',
    '450100'
  ),
  (
    2072,
    '450103',
    '青秀区',
    '450100'
  ),
  (
    2073,
    '450105',
    '江南区',
    '450100'
  ),
  (
    2074,
    '450107',
    '西乡塘区',
    '450100'
  ),
  (
    2075,
    '450108',
    '良庆区',
    '450100'
  ),
  (
    2076,
    '450109',
    '邕宁区',
    '450100'
  ),
  (
    2077,
    '450122',
    '武鸣县',
    '450100'
  ),
  (
    2078,
    '450123',
    '隆安县',
    '450100'
  ),
  (
    2079,
    '450124',
    '马山县',
    '450100'
  ),
  (
    2080,
    '450125',
    '上林县',
    '450100'
  ),
  (
    2081,
    '450126',
    '宾阳县',
    '450100'
  ),
  (
    2082,
    '450127',
    '横　县',
    '450100'
  ),
  (
    2083,
    '450201',
    '市辖区',
    '450200'
  ),
  (
    2084,
    '450202',
    '城中区',
    '450200'
  ),
  (
    2085,
    '450203',
    '鱼峰区',
    '450200'
  ),
  (
    2086,
    '450204',
    '柳南区',
    '450200'
  ),
  (
    2087,
    '450205',
    '柳北区',
    '450200'
  ),
  (
    2088,
    '450221',
    '柳江县',
    '450200'
  ),
  (
    2089,
    '450222',
    '柳城县',
    '450200'
  ),
  (
    2090,
    '450223',
    '鹿寨县',
    '450200'
  ),
  (
    2091,
    '450224',
    '融安县',
    '450200'
  ),
  (
    2092,
    '450225',
    '融水苗族自治县',
    '450200'
  ),
  (
    2093,
    '450226',
    '三江侗族自治县',
    '450200'
  ),
  (
    2094,
    '450301',
    '市辖区',
    '450300'
  ),
  (
    2095,
    '450302',
    '秀峰区',
    '450300'
  ),
  (
    2096,
    '450303',
    '叠彩区',
    '450300'
  ),
  (
    2097,
    '450304',
    '象山区',
    '450300'
  ),
  (
    2098,
    '450305',
    '七星区',
    '450300'
  ),
  (
    2099,
    '450311',
    '雁山区',
    '450300'
  ),
  (
    2100,
    '450321',
    '阳朔县',
    '450300'
  ),
  (
    2101,
    '450322',
    '临桂县',
    '450300'
  ),
  (
    2102,
    '450323',
    '灵川县',
    '450300'
  ),
  (
    2103,
    '450324',
    '全州县',
    '450300'
  ),
  (
    2104,
    '450325',
    '兴安县',
    '450300'
  ),
  (
    2105,
    '450326',
    '永福县',
    '450300'
  ),
  (
    2106,
    '450327',
    '灌阳县',
    '450300'
  ),
  (
    2107,
    '450328',
    '龙胜各族自治县',
    '450300'
  ),
  (
    2108,
    '450329',
    '资源县',
    '450300'
  ),
  (
    2109,
    '450330',
    '平乐县',
    '450300'
  ),
  (
    2110,
    '450331',
    '荔蒲县',
    '450300'
  ),
  (
    2111,
    '450332',
    '恭城瑶族自治县',
    '450300'
  ),
  (
    2112,
    '450401',
    '市辖区',
    '450400'
  ),
  (
    2113,
    '450403',
    '万秀区',
    '450400'
  ),
  (
    2114,
    '450404',
    '蝶山区',
    '450400'
  ),
  (
    2115,
    '450405',
    '长洲区',
    '450400'
  ),
  (
    2116,
    '450421',
    '苍梧县',
    '450400'
  ),
  (
    2117,
    '450422',
    '藤　县',
    '450400'
  ),
  (
    2118,
    '450423',
    '蒙山县',
    '450400'
  ),
  (
    2119,
    '450481',
    '岑溪市',
    '450400'
  ),
  (
    2120,
    '450501',
    '市辖区',
    '450500'
  ),
  (
    2121,
    '450502',
    '海城区',
    '450500'
  ),
  (
    2122,
    '450503',
    '银海区',
    '450500'
  ),
  (
    2123,
    '450512',
    '铁山港区',
    '450500'
  ),
  (
    2124,
    '450521',
    '合浦县',
    '450500'
  ),
  (
    2125,
    '450601',
    '市辖区',
    '450600'
  ),
  (
    2126,
    '450602',
    '港口区',
    '450600'
  ),
  (
    2127,
    '450603',
    '防城区',
    '450600'
  ),
  (
    2128,
    '450621',
    '上思县',
    '450600'
  ),
  (
    2129,
    '450681',
    '东兴市',
    '450600'
  ),
  (
    2130,
    '450701',
    '市辖区',
    '450700'
  ),
  (
    2131,
    '450702',
    '钦南区',
    '450700'
  ),
  (
    2132,
    '450703',
    '钦北区',
    '450700'
  ),
  (
    2133,
    '450721',
    '灵山县',
    '450700'
  ),
  (
    2134,
    '450722',
    '浦北县',
    '450700'
  ),
  (
    2135,
    '450801',
    '市辖区',
    '450800'
  ),
  (
    2136,
    '450802',
    '港北区',
    '450800'
  ),
  (
    2137,
    '450803',
    '港南区',
    '450800'
  ),
  (
    2138,
    '450804',
    '覃塘区',
    '450800'
  ),
  (
    2139,
    '450821',
    '平南县',
    '450800'
  ),
  (
    2140,
    '450881',
    '桂平市',
    '450800'
  ),
  (
    2141,
    '450901',
    '市辖区',
    '450900'
  ),
  (
    2142,
    '450902',
    '玉州区',
    '450900'
  ),
  (
    2143,
    '450921',
    '容　县',
    '450900'
  ),
  (
    2144,
    '450922',
    '陆川县',
    '450900'
  ),
  (
    2145,
    '450923',
    '博白县',
    '450900'
  ),
  (
    2146,
    '450924',
    '兴业县',
    '450900'
  ),
  (
    2147,
    '450981',
    '北流市',
    '450900'
  ),
  (
    2148,
    '451001',
    '市辖区',
    '451000'
  ),
  (
    2149,
    '451002',
    '右江区',
    '451000'
  ),
  (
    2150,
    '451021',
    '田阳县',
    '451000'
  ),
  (
    2151,
    '451022',
    '田东县',
    '451000'
  ),
  (
    2152,
    '451023',
    '平果县',
    '451000'
  ),
  (
    2153,
    '451024',
    '德保县',
    '451000'
  ),
  (
    2154,
    '451025',
    '靖西县',
    '451000'
  ),
  (
    2155,
    '451026',
    '那坡县',
    '451000'
  ),
  (
    2156,
    '451027',
    '凌云县',
    '451000'
  ),
  (
    2157,
    '451028',
    '乐业县',
    '451000'
  ),
  (
    2158,
    '451029',
    '田林县',
    '451000'
  ),
  (
    2159,
    '451030',
    '西林县',
    '451000'
  ),
  (
    2160,
    '451031',
    '隆林各族自治县',
    '451000'
  ),
  (
    2161,
    '451101',
    '市辖区',
    '451100'
  ),
  (
    2162,
    '451102',
    '八步区',
    '451100'
  ),
  (
    2163,
    '451121',
    '昭平县',
    '451100'
  ),
  (
    2164,
    '451122',
    '钟山县',
    '451100'
  ),
  (
    2165,
    '451123',
    '富川瑶族自治县',
    '451100'
  ),
  (
    2166,
    '451201',
    '市辖区',
    '451200'
  ),
  (
    2167,
    '451202',
    '金城江区',
    '451200'
  ),
  (
    2168,
    '451221',
    '南丹县',
    '451200'
  ),
  (
    2169,
    '451222',
    '天峨县',
    '451200'
  ),
  (
    2170,
    '451223',
    '凤山县',
    '451200'
  ),
  (
    2171,
    '451224',
    '东兰县',
    '451200'
  ),
  (
    2172,
    '451225',
    '罗城仫佬族自治县',
    '451200'
  ),
  (
    2173,
    '451226',
    '环江毛南族自治县',
    '451200'
  ),
  (
    2174,
    '451227',
    '巴马瑶族自治县',
    '451200'
  ),
  (
    2175,
    '451228',
    '都安瑶族自治县',
    '451200'
  ),
  (
    2176,
    '451229',
    '大化瑶族自治县',
    '451200'
  ),
  (
    2177,
    '451281',
    '宜州市',
    '451200'
  ),
  (
    2178,
    '451301',
    '市辖区',
    '451300'
  ),
  (
    2179,
    '451302',
    '兴宾区',
    '451300'
  ),
  (
    2180,
    '451321',
    '忻城县',
    '451300'
  ),
  (
    2181,
    '451322',
    '象州县',
    '451300'
  ),
  (
    2182,
    '451323',
    '武宣县',
    '451300'
  ),
  (
    2183,
    '451324',
    '金秀瑶族自治县',
    '451300'
  ),
  (
    2184,
    '451381',
    '合山市',
    '451300'
  ),
  (
    2185,
    '451401',
    '市辖区',
    '451400'
  ),
  (
    2186,
    '451402',
    '江洲区',
    '451400'
  ),
  (
    2187,
    '451421',
    '扶绥县',
    '451400'
  ),
  (
    2188,
    '451422',
    '宁明县',
    '451400'
  ),
  (
    2189,
    '451423',
    '龙州县',
    '451400'
  ),
  (
    2190,
    '451424',
    '大新县',
    '451400'
  ),
  (
    2191,
    '451425',
    '天等县',
    '451400'
  ),
  (
    2192,
    '451481',
    '凭祥市',
    '451400'
  ),
  (
    2193,
    '460101',
    '市辖区',
    '460100'
  ),
  (
    2194,
    '460105',
    '秀英区',
    '460100'
  ),
  (
    2195,
    '460106',
    '龙华区',
    '460100'
  ),
  (
    2196,
    '460107',
    '琼山区',
    '460100'
  ),
  (
    2197,
    '460108',
    '美兰区',
    '460100'
  ),
  (
    2198,
    '460201',
    '市辖区',
    '460200'
  ),
  (
    2199,
    '469001',
    '五指山市',
    '469000'
  ),
  (
    2200,
    '469002',
    '琼海市',
    '469000'
  ),
  (
    2201,
    '469003',
    '儋州市',
    '469000'
  ),
  (
    2202,
    '469005',
    '文昌市',
    '469000'
  ),
  (
    2203,
    '469006',
    '万宁市',
    '469000'
  ),
  (
    2204,
    '469007',
    '东方市',
    '469000'
  ),
  (
    2205,
    '469025',
    '定安县',
    '469000'
  ),
  (
    2206,
    '469026',
    '屯昌县',
    '469000'
  ),
  (
    2207,
    '469027',
    '澄迈县',
    '469000'
  ),
  (
    2208,
    '469028',
    '临高县',
    '469000'
  ),
  (
    2209,
    '469030',
    '白沙黎族自治县',
    '469000'
  ),
  (
    2210,
    '469031',
    '昌江黎族自治县',
    '469000'
  ),
  (
    2211,
    '469033',
    '乐东黎族自治县',
    '469000'
  ),
  (
    2212,
    '469034',
    '陵水黎族自治县',
    '469000'
  ),
  (
    2213,
    '469035',
    '保亭黎族苗族自治县',
    '469000'
  ),
  (
    2214,
    '469036',
    '琼中黎族苗族自治县',
    '469000'
  ),
  (
    2215,
    '469037',
    '西沙群岛',
    '469000'
  ),
  (
    2216,
    '469038',
    '南沙群岛',
    '469000'
  ),
  (
    2217,
    '469039',
    '中沙群岛的岛礁及其海域',
    '469000'
  ),
  (
    2218,
    '500101',
    '万州区',
    '500100'
  ),
  (
    2219,
    '500102',
    '涪陵区',
    '500100'
  ),
  (
    2220,
    '500103',
    '渝中区',
    '500100'
  ),
  (
    2221,
    '500104',
    '大渡口区',
    '500100'
  ),
  (
    2222,
    '500105',
    '江北区',
    '500100'
  ),
  (
    2223,
    '500106',
    '沙坪坝区',
    '500100'
  ),
  (
    2224,
    '500107',
    '九龙坡区',
    '500100'
  ),
  (
    2225,
    '500108',
    '南岸区',
    '500100'
  ),
  (
    2226,
    '500109',
    '北碚区',
    '500100'
  ),
  (
    2227,
    '500110',
    '万盛区',
    '500100'
  ),
  (
    2228,
    '500111',
    '双桥区',
    '500100'
  ),
  (
    2229,
    '500112',
    '渝北区',
    '500100'
  ),
  (
    2230,
    '500113',
    '巴南区',
    '500100'
  ),
  (
    2231,
    '500114',
    '黔江区',
    '500100'
  ),
  (
    2232,
    '500115',
    '长寿区',
    '500100'
  ),
  (
    2233,
    '500222',
    '綦江县',
    '500100'
  ),
  (
    2234,
    '500223',
    '潼南县',
    '500100'
  ),
  (
    2235,
    '500224',
    '铜梁县',
    '500100'
  ),
  (
    2236,
    '500225',
    '大足县',
    '500100'
  ),
  (
    2237,
    '500226',
    '荣昌县',
    '500100'
  ),
  (
    2238,
    '500227',
    '璧山县',
    '500100'
  ),
  (
    2239,
    '500228',
    '梁平县',
    '500100'
  ),
  (
    2240,
    '500229',
    '城口县',
    '500100'
  ),
  (
    2241,
    '500230',
    '丰都县',
    '500100'
  ),
  (
    2242,
    '500231',
    '垫江县',
    '500100'
  ),
  (
    2243,
    '500232',
    '武隆县',
    '500100'
  ),
  (
    2244,
    '500233',
    '忠　县',
    '500100'
  ),
  (
    2245,
    '500234',
    '开　县',
    '500100'
  ),
  (
    2246,
    '500235',
    '云阳县',
    '500100'
  ),
  (
    2247,
    '500236',
    '奉节县',
    '500100'
  ),
  (
    2248,
    '500237',
    '巫山县',
    '500100'
  ),
  (
    2249,
    '500238',
    '巫溪县',
    '500100'
  ),
  (
    2250,
    '500240',
    '石柱土家族自治县',
    '500100'
  ),
  (
    2251,
    '500241',
    '秀山土家族苗族自治县',
    '500100'
  ),
  (
    2252,
    '500242',
    '酉阳土家族苗族自治县',
    '500100'
  ),
  (
    2253,
    '500243',
    '彭水苗族土家族自治县',
    '500100'
  ),
  (
    2254,
    '500381',
    '江津市',
    '500100'
  ),
  (
    2255,
    '500382',
    '合川市',
    '500100'
  ),
  (
    2256,
    '500383',
    '永川市',
    '500100'
  ),
  (
    2257,
    '500384',
    '南川市',
    '500100'
  ),
  (
    2258,
    '510101',
    '市辖区',
    '510100'
  ),
  (
    2259,
    '510104',
    '锦江区',
    '510100'
  ),
  (
    2260,
    '510105',
    '青羊区',
    '510100'
  ),
  (
    2261,
    '510106',
    '金牛区',
    '510100'
  ),
  (
    2262,
    '510107',
    '武侯区',
    '510100'
  ),
  (
    2263,
    '510108',
    '成华区',
    '510100'
  ),
  (
    2264,
    '510112',
    '龙泉驿区',
    '510100'
  ),
  (
    2265,
    '510113',
    '青白江区',
    '510100'
  ),
  (
    2266,
    '510114',
    '新都区',
    '510100'
  ),
  (
    2267,
    '510115',
    '温江区',
    '510100'
  ),
  (
    2268,
    '510121',
    '金堂县',
    '510100'
  ),
  (
    2269,
    '510122',
    '双流县',
    '510100'
  ),
  (
    2270,
    '510124',
    '郫　县',
    '510100'
  ),
  (
    2271,
    '510129',
    '大邑县',
    '510100'
  ),
  (
    2272,
    '510131',
    '蒲江县',
    '510100'
  ),
  (
    2273,
    '510132',
    '新津县',
    '510100'
  ),
  (
    2274,
    '510181',
    '都江堰市',
    '510100'
  ),
  (
    2275,
    '510182',
    '彭州市',
    '510100'
  ),
  (
    2276,
    '510183',
    '邛崃市',
    '510100'
  ),
  (
    2277,
    '510184',
    '崇州市',
    '510100'
  ),
  (
    2278,
    '510301',
    '市辖区',
    '510300'
  ),
  (
    2279,
    '510302',
    '自流井区',
    '510300'
  ),
  (
    2280,
    '510303',
    '贡井区',
    '510300'
  ),
  (
    2281,
    '510304',
    '大安区',
    '510300'
  ),
  (
    2282,
    '510311',
    '沿滩区',
    '510300'
  ),
  (
    2283,
    '510321',
    '荣　县',
    '510300'
  ),
  (
    2284,
    '510322',
    '富顺县',
    '510300'
  ),
  (
    2285,
    '510401',
    '市辖区',
    '510400'
  ),
  (
    2286,
    '510402',
    '东　区',
    '510400'
  ),
  (
    2287,
    '510403',
    '西　区',
    '510400'
  ),
  (
    2288,
    '510411',
    '仁和区',
    '510400'
  ),
  (
    2289,
    '510421',
    '米易县',
    '510400'
  ),
  (
    2290,
    '510422',
    '盐边县',
    '510400'
  ),
  (
    2291,
    '510501',
    '市辖区',
    '510500'
  ),
  (
    2292,
    '510502',
    '江阳区',
    '510500'
  ),
  (
    2293,
    '510503',
    '纳溪区',
    '510500'
  ),
  (
    2294,
    '510504',
    '龙马潭区',
    '510500'
  ),
  (
    2295,
    '510521',
    '泸　县',
    '510500'
  ),
  (
    2296,
    '510522',
    '合江县',
    '510500'
  ),
  (
    2297,
    '510524',
    '叙永县',
    '510500'
  ),
  (
    2298,
    '510525',
    '古蔺县',
    '510500'
  ),
  (
    2299,
    '510601',
    '市辖区',
    '510600'
  ),
  (
    2300,
    '510603',
    '旌阳区',
    '510600'
  ),
  (
    2301,
    '510623',
    '中江县',
    '510600'
  ),
  (
    2302,
    '510626',
    '罗江县',
    '510600'
  ),
  (
    2303,
    '510681',
    '广汉市',
    '510600'
  ),
  (
    2304,
    '510682',
    '什邡市',
    '510600'
  ),
  (
    2305,
    '510683',
    '绵竹市',
    '510600'
  ),
  (
    2306,
    '510701',
    '市辖区',
    '510700'
  ),
  (
    2307,
    '510703',
    '涪城区',
    '510700'
  ),
  (
    2308,
    '510704',
    '游仙区',
    '510700'
  ),
  (
    2309,
    '510722',
    '三台县',
    '510700'
  ),
  (
    2310,
    '510723',
    '盐亭县',
    '510700'
  ),
  (
    2311,
    '510724',
    '安　县',
    '510700'
  ),
  (
    2312,
    '510725',
    '梓潼县',
    '510700'
  ),
  (
    2313,
    '510726',
    '北川羌族自治县',
    '510700'
  ),
  (
    2314,
    '510727',
    '平武县',
    '510700'
  ),
  (
    2315,
    '510781',
    '江油市',
    '510700'
  ),
  (
    2316,
    '510801',
    '市辖区',
    '510800'
  ),
  (
    2317,
    '510802',
    '市中区',
    '510800'
  ),
  (
    2318,
    '510811',
    '元坝区',
    '510800'
  ),
  (
    2319,
    '510812',
    '朝天区',
    '510800'
  ),
  (
    2320,
    '510821',
    '旺苍县',
    '510800'
  ),
  (
    2321,
    '510822',
    '青川县',
    '510800'
  ),
  (
    2322,
    '510823',
    '剑阁县',
    '510800'
  ),
  (
    2323,
    '510824',
    '苍溪县',
    '510800'
  ),
  (
    2324,
    '510901',
    '市辖区',
    '510900'
  ),
  (
    2325,
    '510903',
    '船山区',
    '510900'
  ),
  (
    2326,
    '510904',
    '安居区',
    '510900'
  ),
  (
    2327,
    '510921',
    '蓬溪县',
    '510900'
  ),
  (
    2328,
    '510922',
    '射洪县',
    '510900'
  ),
  (
    2329,
    '510923',
    '大英县',
    '510900'
  ),
  (
    2330,
    '511001',
    '市辖区',
    '511000'
  ),
  (
    2331,
    '511002',
    '市中区',
    '511000'
  ),
  (
    2332,
    '511011',
    '东兴区',
    '511000'
  ),
  (
    2333,
    '511024',
    '威远县',
    '511000'
  ),
  (
    2334,
    '511025',
    '资中县',
    '511000'
  ),
  (
    2335,
    '511028',
    '隆昌县',
    '511000'
  ),
  (
    2336,
    '511101',
    '市辖区',
    '511100'
  ),
  (
    2337,
    '511102',
    '市中区',
    '511100'
  ),
  (
    2338,
    '511111',
    '沙湾区',
    '511100'
  ),
  (
    2339,
    '511112',
    '五通桥区',
    '511100'
  ),
  (
    2340,
    '511113',
    '金口河区',
    '511100'
  ),
  (
    2341,
    '511123',
    '犍为县',
    '511100'
  ),
  (
    2342,
    '511124',
    '井研县',
    '511100'
  ),
  (
    2343,
    '511126',
    '夹江县',
    '511100'
  ),
  (
    2344,
    '511129',
    '沐川县',
    '511100'
  ),
  (
    2345,
    '511132',
    '峨边彝族自治县',
    '511100'
  ),
  (
    2346,
    '511133',
    '马边彝族自治县',
    '511100'
  ),
  (
    2347,
    '511181',
    '峨眉山市',
    '511100'
  ),
  (
    2348,
    '511301',
    '市辖区',
    '511300'
  ),
  (
    2349,
    '511302',
    '顺庆区',
    '511300'
  ),
  (
    2350,
    '511303',
    '高坪区',
    '511300'
  ),
  (
    2351,
    '511304',
    '嘉陵区',
    '511300'
  ),
  (
    2352,
    '511321',
    '南部县',
    '511300'
  ),
  (
    2353,
    '511322',
    '营山县',
    '511300'
  ),
  (
    2354,
    '511323',
    '蓬安县',
    '511300'
  ),
  (
    2355,
    '511324',
    '仪陇县',
    '511300'
  ),
  (
    2356,
    '511325',
    '西充县',
    '511300'
  ),
  (
    2357,
    '511381',
    '阆中市',
    '511300'
  ),
  (
    2358,
    '511401',
    '市辖区',
    '511400'
  ),
  (
    2359,
    '511402',
    '东坡区',
    '511400'
  ),
  (
    2360,
    '511421',
    '仁寿县',
    '511400'
  ),
  (
    2361,
    '511422',
    '彭山县',
    '511400'
  ),
  (
    2362,
    '511423',
    '洪雅县',
    '511400'
  ),
  (
    2363,
    '511424',
    '丹棱县',
    '511400'
  ),
  (
    2364,
    '511425',
    '青神县',
    '511400'
  ),
  (
    2365,
    '511501',
    '市辖区',
    '511500'
  ),
  (
    2366,
    '511502',
    '翠屏区',
    '511500'
  ),
  (
    2367,
    '511521',
    '宜宾县',
    '511500'
  ),
  (
    2368,
    '511522',
    '南溪县',
    '511500'
  ),
  (
    2369,
    '511523',
    '江安县',
    '511500'
  ),
  (
    2370,
    '511524',
    '长宁县',
    '511500'
  ),
  (
    2371,
    '511525',
    '高　县',
    '511500'
  ),
  (
    2372,
    '511526',
    '珙　县',
    '511500'
  ),
  (
    2373,
    '511527',
    '筠连县',
    '511500'
  ),
  (
    2374,
    '511528',
    '兴文县',
    '511500'
  ),
  (
    2375,
    '511529',
    '屏山县',
    '511500'
  ),
  (
    2376,
    '511601',
    '市辖区',
    '511600'
  ),
  (
    2377,
    '511602',
    '广安区',
    '511600'
  ),
  (
    2378,
    '511621',
    '岳池县',
    '511600'
  ),
  (
    2379,
    '511622',
    '武胜县',
    '511600'
  ),
  (
    2380,
    '511623',
    '邻水县',
    '511600'
  ),
  (
    2381,
    '511681',
    '华莹市',
    '511600'
  ),
  (
    2382,
    '511701',
    '市辖区',
    '511700'
  ),
  (
    2383,
    '511702',
    '通川区',
    '511700'
  ),
  (
    2384,
    '511721',
    '达　县',
    '511700'
  ),
  (
    2385,
    '511722',
    '宣汉县',
    '511700'
  ),
  (
    2386,
    '511723',
    '开江县',
    '511700'
  ),
  (
    2387,
    '511724',
    '大竹县',
    '511700'
  ),
  (
    2388,
    '511725',
    '渠　县',
    '511700'
  ),
  (
    2389,
    '511781',
    '万源市',
    '511700'
  ),
  (
    2390,
    '511801',
    '市辖区',
    '511800'
  ),
  (
    2391,
    '511802',
    '雨城区',
    '511800'
  ),
  (
    2392,
    '511821',
    '名山县',
    '511800'
  ),
  (
    2393,
    '511822',
    '荥经县',
    '511800'
  ),
  (
    2394,
    '511823',
    '汉源县',
    '511800'
  ),
  (
    2395,
    '511824',
    '石棉县',
    '511800'
  ),
  (
    2396,
    '511825',
    '天全县',
    '511800'
  ),
  (
    2397,
    '511826',
    '芦山县',
    '511800'
  ),
  (
    2398,
    '511827',
    '宝兴县',
    '511800'
  ),
  (
    2399,
    '511901',
    '市辖区',
    '511900'
  ),
  (
    2400,
    '511902',
    '巴州区',
    '511900'
  ),
  (
    2401,
    '511921',
    '通江县',
    '511900'
  ),
  (
    2402,
    '511922',
    '南江县',
    '511900'
  ),
  (
    2403,
    '511923',
    '平昌县',
    '511900'
  ),
  (
    2404,
    '512001',
    '市辖区',
    '512000'
  ),
  (
    2405,
    '512002',
    '雁江区',
    '512000'
  ),
  (
    2406,
    '512021',
    '安岳县',
    '512000'
  ),
  (
    2407,
    '512022',
    '乐至县',
    '512000'
  ),
  (
    2408,
    '512081',
    '简阳市',
    '512000'
  ),
  (
    2409,
    '513221',
    '汶川县',
    '513200'
  ),
  (
    2410,
    '513222',
    '理　县',
    '513200'
  ),
  (
    2411,
    '513223',
    '茂　县',
    '513200'
  ),
  (
    2412,
    '513224',
    '松潘县',
    '513200'
  ),
  (
    2413,
    '513225',
    '九寨沟县',
    '513200'
  ),
  (
    2414,
    '513226',
    '金川县',
    '513200'
  ),
  (
    2415,
    '513227',
    '小金县',
    '513200'
  ),
  (
    2416,
    '513228',
    '黑水县',
    '513200'
  ),
  (
    2417,
    '513229',
    '马尔康县',
    '513200'
  ),
  (
    2418,
    '513230',
    '壤塘县',
    '513200'
  ),
  (
    2419,
    '513231',
    '阿坝县',
    '513200'
  ),
  (
    2420,
    '513232',
    '若尔盖县',
    '513200'
  ),
  (
    2421,
    '513233',
    '红原县',
    '513200'
  ),
  (
    2422,
    '513321',
    '康定县',
    '513300'
  ),
  (
    2423,
    '513322',
    '泸定县',
    '513300'
  ),
  (
    2424,
    '513323',
    '丹巴县',
    '513300'
  ),
  (
    2425,
    '513324',
    '九龙县',
    '513300'
  ),
  (
    2426,
    '513325',
    '雅江县',
    '513300'
  ),
  (
    2427,
    '513326',
    '道孚县',
    '513300'
  ),
  (
    2428,
    '513327',
    '炉霍县',
    '513300'
  ),
  (
    2429,
    '513328',
    '甘孜县',
    '513300'
  ),
  (
    2430,
    '513329',
    '新龙县',
    '513300'
  ),
  (
    2431,
    '513330',
    '德格县',
    '513300'
  ),
  (
    2432,
    '513331',
    '白玉县',
    '513300'
  ),
  (
    2433,
    '513332',
    '石渠县',
    '513300'
  ),
  (
    2434,
    '513333',
    '色达县',
    '513300'
  ),
  (
    2435,
    '513334',
    '理塘县',
    '513300'
  ),
  (
    2436,
    '513335',
    '巴塘县',
    '513300'
  ),
  (
    2437,
    '513336',
    '乡城县',
    '513300'
  ),
  (
    2438,
    '513337',
    '稻城县',
    '513300'
  ),
  (
    2439,
    '513338',
    '得荣县',
    '513300'
  ),
  (
    2440,
    '513401',
    '西昌市',
    '513400'
  ),
  (
    2441,
    '513422',
    '木里藏族自治县',
    '513400'
  ),
  (
    2442,
    '513423',
    '盐源县',
    '513400'
  ),
  (
    2443,
    '513424',
    '德昌县',
    '513400'
  ),
  (
    2444,
    '513425',
    '会理县',
    '513400'
  ),
  (
    2445,
    '513426',
    '会东县',
    '513400'
  ),
  (
    2446,
    '513427',
    '宁南县',
    '513400'
  ),
  (
    2447,
    '513428',
    '普格县',
    '513400'
  ),
  (
    2448,
    '513429',
    '布拖县',
    '513400'
  ),
  (
    2449,
    '513430',
    '金阳县',
    '513400'
  ),
  (
    2450,
    '513431',
    '昭觉县',
    '513400'
  ),
  (
    2451,
    '513432',
    '喜德县',
    '513400'
  ),
  (
    2452,
    '513433',
    '冕宁县',
    '513400'
  ),
  (
    2453,
    '513434',
    '越西县',
    '513400'
  ),
  (
    2454,
    '513435',
    '甘洛县',
    '513400'
  ),
  (
    2455,
    '513436',
    '美姑县',
    '513400'
  ),
  (
    2456,
    '513437',
    '雷波县',
    '513400'
  ),
  (
    2457,
    '520101',
    '市辖区',
    '520100'
  ),
  (
    2458,
    '520102',
    '南明区',
    '520100'
  ),
  (
    2459,
    '520103',
    '云岩区',
    '520100'
  ),
  (
    2460,
    '520111',
    '花溪区',
    '520100'
  ),
  (
    2461,
    '520112',
    '乌当区',
    '520100'
  ),
  (
    2462,
    '520113',
    '白云区',
    '520100'
  ),
  (
    2463,
    '520114',
    '小河区',
    '520100'
  ),
  (
    2464,
    '520121',
    '开阳县',
    '520100'
  ),
  (
    2465,
    '520122',
    '息烽县',
    '520100'
  ),
  (
    2466,
    '520123',
    '修文县',
    '520100'
  ),
  (
    2467,
    '520181',
    '清镇市',
    '520100'
  ),
  (
    2468,
    '520201',
    '钟山区',
    '520200'
  ),
  (
    2469,
    '520203',
    '六枝特区',
    '520200'
  ),
  (
    2470,
    '520221',
    '水城县',
    '520200'
  ),
  (
    2471,
    '520222',
    '盘　县',
    '520200'
  ),
  (
    2472,
    '520301',
    '市辖区',
    '520300'
  ),
  (
    2473,
    '520302',
    '红花岗区',
    '520300'
  ),
  (
    2474,
    '520303',
    '汇川区',
    '520300'
  ),
  (
    2475,
    '520321',
    '遵义县',
    '520300'
  ),
  (
    2476,
    '520322',
    '桐梓县',
    '520300'
  ),
  (
    2477,
    '520323',
    '绥阳县',
    '520300'
  ),
  (
    2478,
    '520324',
    '正安县',
    '520300'
  ),
  (
    2479,
    '520325',
    '道真仡佬族苗族自治县',
    '520300'
  ),
  (
    2480,
    '520326',
    '务川仡佬族苗族自治县',
    '520300'
  ),
  (
    2481,
    '520327',
    '凤冈县',
    '520300'
  ),
  (
    2482,
    '520328',
    '湄潭县',
    '520300'
  ),
  (
    2483,
    '520329',
    '余庆县',
    '520300'
  ),
  (
    2484,
    '520330',
    '习水县',
    '520300'
  ),
  (
    2485,
    '520381',
    '赤水市',
    '520300'
  ),
  (
    2486,
    '520382',
    '仁怀市',
    '520300'
  ),
  (
    2487,
    '520401',
    '市辖区',
    '520400'
  ),
  (
    2488,
    '520402',
    '西秀区',
    '520400'
  ),
  (
    2489,
    '520421',
    '平坝县',
    '520400'
  ),
  (
    2490,
    '520422',
    '普定县',
    '520400'
  ),
  (
    2491,
    '520423',
    '镇宁布依族苗族自治县',
    '520400'
  ),
  (
    2492,
    '520424',
    '关岭布依族苗族自治县',
    '520400'
  ),
  (
    2493,
    '520425',
    '紫云苗族布依族自治县',
    '520400'
  ),
  (
    2494,
    '522201',
    '铜仁市',
    '522200'
  ),
  (
    2495,
    '522222',
    '江口县',
    '522200'
  ),
  (
    2496,
    '522223',
    '玉屏侗族自治县',
    '522200'
  ),
  (
    2497,
    '522224',
    '石阡县',
    '522200'
  ),
  (
    2498,
    '522225',
    '思南县',
    '522200'
  ),
  (
    2499,
    '522226',
    '印江土家族苗族自治县',
    '522200'
  ),
  (
    2500,
    '522227',
    '德江县',
    '522200'
  ),
  (
    2501,
    '522228',
    '沿河土家族自治县',
    '522200'
  ),
  (
    2502,
    '522229',
    '松桃苗族自治县',
    '522200'
  ),
  (
    2503,
    '522230',
    '万山特区',
    '522200'
  ),
  (
    2504,
    '522301',
    '兴义市',
    '522300'
  ),
  (
    2505,
    '522322',
    '兴仁县',
    '522300'
  ),
  (
    2506,
    '522323',
    '普安县',
    '522300'
  ),
  (
    2507,
    '522324',
    '晴隆县',
    '522300'
  ),
  (
    2508,
    '522325',
    '贞丰县',
    '522300'
  ),
  (
    2509,
    '522326',
    '望谟县',
    '522300'
  ),
  (
    2510,
    '522327',
    '册亨县',
    '522300'
  ),
  (
    2511,
    '522328',
    '安龙县',
    '522300'
  ),
  (
    2512,
    '522401',
    '毕节市',
    '522400'
  ),
  (
    2513,
    '522422',
    '大方县',
    '522400'
  ),
  (
    2514,
    '522423',
    '黔西县',
    '522400'
  ),
  (
    2515,
    '522424',
    '金沙县',
    '522400'
  ),
  (
    2516,
    '522425',
    '织金县',
    '522400'
  ),
  (
    2517,
    '522426',
    '纳雍县',
    '522400'
  ),
  (
    2518,
    '522427',
    '威宁彝族回族苗族自治县',
    '522400'
  ),
  (
    2519,
    '522428',
    '赫章县',
    '522400'
  ),
  (
    2520,
    '522601',
    '凯里市',
    '522600'
  ),
  (
    2521,
    '522622',
    '黄平县',
    '522600'
  ),
  (
    2522,
    '522623',
    '施秉县',
    '522600'
  ),
  (
    2523,
    '522624',
    '三穗县',
    '522600'
  ),
  (
    2524,
    '522625',
    '镇远县',
    '522600'
  ),
  (
    2525,
    '522626',
    '岑巩县',
    '522600'
  ),
  (
    2526,
    '522627',
    '天柱县',
    '522600'
  ),
  (
    2527,
    '522628',
    '锦屏县',
    '522600'
  ),
  (
    2528,
    '522629',
    '剑河县',
    '522600'
  ),
  (
    2529,
    '522630',
    '台江县',
    '522600'
  ),
  (
    2530,
    '522631',
    '黎平县',
    '522600'
  ),
  (
    2531,
    '522632',
    '榕江县',
    '522600'
  ),
  (
    2532,
    '522633',
    '从江县',
    '522600'
  ),
  (
    2533,
    '522634',
    '雷山县',
    '522600'
  ),
  (
    2534,
    '522635',
    '麻江县',
    '522600'
  ),
  (
    2535,
    '522636',
    '丹寨县',
    '522600'
  ),
  (
    2536,
    '522701',
    '都匀市',
    '522700'
  ),
  (
    2537,
    '522702',
    '福泉市',
    '522700'
  ),
  (
    2538,
    '522722',
    '荔波县',
    '522700'
  ),
  (
    2539,
    '522723',
    '贵定县',
    '522700'
  ),
  (
    2540,
    '522725',
    '瓮安县',
    '522700'
  ),
  (
    2541,
    '522726',
    '独山县',
    '522700'
  ),
  (
    2542,
    '522727',
    '平塘县',
    '522700'
  ),
  (
    2543,
    '522728',
    '罗甸县',
    '522700'
  ),
  (
    2544,
    '522729',
    '长顺县',
    '522700'
  ),
  (
    2545,
    '522730',
    '龙里县',
    '522700'
  ),
  (
    2546,
    '522731',
    '惠水县',
    '522700'
  ),
  (
    2547,
    '522732',
    '三都水族自治县',
    '522700'
  ),
  (
    2548,
    '530101',
    '市辖区',
    '530100'
  ),
  (
    2549,
    '530102',
    '五华区',
    '530100'
  ),
  (
    2550,
    '530103',
    '盘龙区',
    '530100'
  ),
  (
    2551,
    '530111',
    '官渡区',
    '530100'
  ),
  (
    2552,
    '530112',
    '西山区',
    '530100'
  ),
  (
    2553,
    '530113',
    '东川区',
    '530100'
  ),
  (
    2554,
    '530121',
    '呈贡县',
    '530100'
  ),
  (
    2555,
    '530122',
    '晋宁县',
    '530100'
  ),
  (
    2556,
    '530124',
    '富民县',
    '530100'
  ),
  (
    2557,
    '530125',
    '宜良县',
    '530100'
  ),
  (
    2558,
    '530126',
    '石林彝族自治县',
    '530100'
  ),
  (
    2559,
    '530127',
    '嵩明县',
    '530100'
  ),
  (
    2560,
    '530128',
    '禄劝彝族苗族自治县',
    '530100'
  ),
  (
    2561,
    '530129',
    '寻甸回族彝族自治县',
    '530100'
  ),
  (
    2562,
    '530181',
    '安宁市',
    '530100'
  ),
  (
    2563,
    '530301',
    '市辖区',
    '530300'
  ),
  (
    2564,
    '530302',
    '麒麟区',
    '530300'
  ),
  (
    2565,
    '530321',
    '马龙县',
    '530300'
  ),
  (
    2566,
    '530322',
    '陆良县',
    '530300'
  ),
  (
    2567,
    '530323',
    '师宗县',
    '530300'
  ),
  (
    2568,
    '530324',
    '罗平县',
    '530300'
  ),
  (
    2569,
    '530325',
    '富源县',
    '530300'
  ),
  (
    2570,
    '530326',
    '会泽县',
    '530300'
  ),
  (
    2571,
    '530328',
    '沾益县',
    '530300'
  ),
  (
    2572,
    '530381',
    '宣威市',
    '530300'
  ),
  (
    2573,
    '530401',
    '市辖区',
    '530400'
  ),
  (
    2574,
    '530402',
    '红塔区',
    '530400'
  ),
  (
    2575,
    '530421',
    '江川县',
    '530400'
  ),
  (
    2576,
    '530422',
    '澄江县',
    '530400'
  ),
  (
    2577,
    '530423',
    '通海县',
    '530400'
  ),
  (
    2578,
    '530424',
    '华宁县',
    '530400'
  ),
  (
    2579,
    '530425',
    '易门县',
    '530400'
  ),
  (
    2580,
    '530426',
    '峨山彝族自治县',
    '530400'
  ),
  (
    2581,
    '530427',
    '新平彝族傣族自治县',
    '530400'
  ),
  (
    2582,
    '530428',
    '元江哈尼族彝族傣族自治县',
    '530400'
  ),
  (
    2583,
    '530501',
    '市辖区',
    '530500'
  ),
  (
    2584,
    '530502',
    '隆阳区',
    '530500'
  ),
  (
    2585,
    '530521',
    '施甸县',
    '530500'
  ),
  (
    2586,
    '530522',
    '腾冲县',
    '530500'
  ),
  (
    2587,
    '530523',
    '龙陵县',
    '530500'
  ),
  (
    2588,
    '530524',
    '昌宁县',
    '530500'
  ),
  (
    2589,
    '530601',
    '市辖区',
    '530600'
  ),
  (
    2590,
    '530602',
    '昭阳区',
    '530600'
  ),
  (
    2591,
    '530621',
    '鲁甸县',
    '530600'
  ),
  (
    2592,
    '530622',
    '巧家县',
    '530600'
  ),
  (
    2593,
    '530623',
    '盐津县',
    '530600'
  ),
  (
    2594,
    '530624',
    '大关县',
    '530600'
  ),
  (
    2595,
    '530625',
    '永善县',
    '530600'
  ),
  (
    2596,
    '530626',
    '绥江县',
    '530600'
  ),
  (
    2597,
    '530627',
    '镇雄县',
    '530600'
  ),
  (
    2598,
    '530628',
    '彝良县',
    '530600'
  ),
  (
    2599,
    '530629',
    '威信县',
    '530600'
  ),
  (
    2600,
    '530630',
    '水富县',
    '530600'
  ),
  (
    2601,
    '530701',
    '市辖区',
    '530700'
  ),
  (
    2602,
    '530702',
    '古城区',
    '530700'
  ),
  (
    2603,
    '530721',
    '玉龙纳西族自治县',
    '530700'
  ),
  (
    2604,
    '530722',
    '永胜县',
    '530700'
  ),
  (
    2605,
    '530723',
    '华坪县',
    '530700'
  ),
  (
    2606,
    '530724',
    '宁蒗彝族自治县',
    '530700'
  ),
  (
    2607,
    '530801',
    '市辖区',
    '530800'
  ),
  (
    2608,
    '530802',
    '翠云区',
    '530800'
  ),
  (
    2609,
    '530821',
    '普洱哈尼族彝族自治县',
    '530800'
  ),
  (
    2610,
    '530822',
    '墨江哈尼族自治县',
    '530800'
  ),
  (
    2611,
    '530823',
    '景东彝族自治县',
    '530800'
  ),
  (
    2612,
    '530824',
    '景谷傣族彝族自治县',
    '530800'
  ),
  (
    2613,
    '530825',
    '镇沅彝族哈尼族拉祜族自治县',
    '530800'
  ),
  (
    2614,
    '530826',
    '江城哈尼族彝族自治县',
    '530800'
  ),
  (
    2615,
    '530827',
    '孟连傣族拉祜族佤族自治县',
    '530800'
  ),
  (
    2616,
    '530828',
    '澜沧拉祜族自治县',
    '530800'
  ),
  (
    2617,
    '530829',
    '西盟佤族自治县',
    '530800'
  ),
  (
    2618,
    '530901',
    '市辖区',
    '530900'
  ),
  (
    2619,
    '530902',
    '临翔区',
    '530900'
  ),
  (
    2620,
    '530921',
    '凤庆县',
    '530900'
  ),
  (
    2621,
    '530922',
    '云　县',
    '530900'
  ),
  (
    2622,
    '530923',
    '永德县',
    '530900'
  ),
  (
    2623,
    '530924',
    '镇康县',
    '530900'
  ),
  (
    2624,
    '530925',
    '双江拉祜族佤族布朗族傣族自治县',
    '530900'
  ),
  (
    2625,
    '530926',
    '耿马傣族佤族自治县',
    '530900'
  ),
  (
    2626,
    '530927',
    '沧源佤族自治县',
    '530900'
  ),
  (
    2627,
    '532301',
    '楚雄市',
    '532300'
  ),
  (
    2628,
    '532322',
    '双柏县',
    '532300'
  ),
  (
    2629,
    '532323',
    '牟定县',
    '532300'
  ),
  (
    2630,
    '532324',
    '南华县',
    '532300'
  ),
  (
    2631,
    '532325',
    '姚安县',
    '532300'
  ),
  (
    2632,
    '532326',
    '大姚县',
    '532300'
  ),
  (
    2633,
    '532327',
    '永仁县',
    '532300'
  ),
  (
    2634,
    '532328',
    '元谋县',
    '532300'
  ),
  (
    2635,
    '532329',
    '武定县',
    '532300'
  ),
  (
    2636,
    '532331',
    '禄丰县',
    '532300'
  ),
  (
    2637,
    '532501',
    '个旧市',
    '532500'
  ),
  (
    2638,
    '532502',
    '开远市',
    '532500'
  ),
  (
    2639,
    '532522',
    '蒙自县',
    '532500'
  ),
  (
    2640,
    '532523',
    '屏边苗族自治县',
    '532500'
  ),
  (
    2641,
    '532524',
    '建水县',
    '532500'
  ),
  (
    2642,
    '532525',
    '石屏县',
    '532500'
  ),
  (
    2643,
    '532526',
    '弥勒县',
    '532500'
  ),
  (
    2644,
    '532527',
    '泸西县',
    '532500'
  ),
  (
    2645,
    '532528',
    '元阳县',
    '532500'
  ),
  (
    2646,
    '532529',
    '红河县',
    '532500'
  ),
  (
    2647,
    '532530',
    '金平苗族瑶族傣族自治县',
    '532500'
  ),
  (
    2648,
    '532531',
    '绿春县',
    '532500'
  ),
  (
    2649,
    '532532',
    '河口瑶族自治县',
    '532500'
  ),
  (
    2650,
    '532621',
    '文山县',
    '532600'
  ),
  (
    2651,
    '532622',
    '砚山县',
    '532600'
  ),
  (
    2652,
    '532623',
    '西畴县',
    '532600'
  ),
  (
    2653,
    '532624',
    '麻栗坡县',
    '532600'
  ),
  (
    2654,
    '532625',
    '马关县',
    '532600'
  ),
  (
    2655,
    '532626',
    '丘北县',
    '532600'
  ),
  (
    2656,
    '532627',
    '广南县',
    '532600'
  ),
  (
    2657,
    '532628',
    '富宁县',
    '532600'
  ),
  (
    2658,
    '532801',
    '景洪市',
    '532800'
  ),
  (
    2659,
    '532822',
    '勐海县',
    '532800'
  ),
  (
    2660,
    '532823',
    '勐腊县',
    '532800'
  ),
  (
    2661,
    '532901',
    '大理市',
    '532900'
  ),
  (
    2662,
    '532922',
    '漾濞彝族自治县',
    '532900'
  ),
  (
    2663,
    '532923',
    '祥云县',
    '532900'
  ),
  (
    2664,
    '532924',
    '宾川县',
    '532900'
  ),
  (
    2665,
    '532925',
    '弥渡县',
    '532900'
  ),
  (
    2666,
    '532926',
    '南涧彝族自治县',
    '532900'
  ),
  (
    2667,
    '532927',
    '巍山彝族回族自治县',
    '532900'
  ),
  (
    2668,
    '532928',
    '永平县',
    '532900'
  ),
  (
    2669,
    '532929',
    '云龙县',
    '532900'
  ),
  (
    2670,
    '532930',
    '洱源县',
    '532900'
  ),
  (
    2671,
    '532931',
    '剑川县',
    '532900'
  ),
  (
    2672,
    '532932',
    '鹤庆县',
    '532900'
  ),
  (
    2673,
    '533102',
    '瑞丽市',
    '533100'
  ),
  (
    2674,
    '533103',
    '潞西市',
    '533100'
  ),
  (
    2675,
    '533122',
    '梁河县',
    '533100'
  ),
  (
    2676,
    '533123',
    '盈江县',
    '533100'
  ),
  (
    2677,
    '533124',
    '陇川县',
    '533100'
  ),
  (
    2678,
    '533321',
    '泸水县',
    '533300'
  ),
  (
    2679,
    '533323',
    '福贡县',
    '533300'
  ),
  (
    2680,
    '533324',
    '贡山独龙族怒族自治县',
    '533300'
  ),
  (
    2681,
    '533325',
    '兰坪白族普米族自治县',
    '533300'
  ),
  (
    2682,
    '533421',
    '香格里拉县',
    '533400'
  ),
  (
    2683,
    '533422',
    '德钦县',
    '533400'
  ),
  (
    2684,
    '533423',
    '维西傈僳族自治县',
    '533400'
  ),
  (
    2685,
    '540101',
    '市辖区',
    '540100'
  ),
  (
    2686,
    '540102',
    '城关区',
    '540100'
  ),
  (
    2687,
    '540121',
    '林周县',
    '540100'
  ),
  (
    2688,
    '540122',
    '当雄县',
    '540100'
  ),
  (
    2689,
    '540123',
    '尼木县',
    '540100'
  ),
  (
    2690,
    '540124',
    '曲水县',
    '540100'
  ),
  (
    2691,
    '540125',
    '堆龙德庆县',
    '540100'
  ),
  (
    2692,
    '540126',
    '达孜县',
    '540100'
  ),
  (
    2693,
    '540127',
    '墨竹工卡县',
    '540100'
  ),
  (
    2694,
    '542121',
    '昌都县',
    '542100'
  ),
  (
    2695,
    '542122',
    '江达县',
    '542100'
  ),
  (
    2696,
    '542123',
    '贡觉县',
    '542100'
  ),
  (
    2697,
    '542124',
    '类乌齐县',
    '542100'
  ),
  (
    2698,
    '542125',
    '丁青县',
    '542100'
  ),
  (
    2699,
    '542126',
    '察雅县',
    '542100'
  ),
  (
    2700,
    '542127',
    '八宿县',
    '542100'
  ),
  (
    2701,
    '542128',
    '左贡县',
    '542100'
  ),
  (
    2702,
    '542129',
    '芒康县',
    '542100'
  ),
  (
    2703,
    '542132',
    '洛隆县',
    '542100'
  ),
  (
    2704,
    '542133',
    '边坝县',
    '542100'
  ),
  (
    2705,
    '542221',
    '乃东县',
    '542200'
  ),
  (
    2706,
    '542222',
    '扎囊县',
    '542200'
  ),
  (
    2707,
    '542223',
    '贡嘎县',
    '542200'
  ),
  (
    2708,
    '542224',
    '桑日县',
    '542200'
  ),
  (
    2709,
    '542225',
    '琼结县',
    '542200'
  ),
  (
    2710,
    '542226',
    '曲松县',
    '542200'
  ),
  (
    2711,
    '542227',
    '措美县',
    '542200'
  ),
  (
    2712,
    '542228',
    '洛扎县',
    '542200'
  ),
  (
    2713,
    '542229',
    '加查县',
    '542200'
  ),
  (
    2714,
    '542231',
    '隆子县',
    '542200'
  ),
  (
    2715,
    '542232',
    '错那县',
    '542200'
  ),
  (
    2716,
    '542233',
    '浪卡子县',
    '542200'
  ),
  (
    2717,
    '542301',
    '日喀则市',
    '542300'
  ),
  (
    2718,
    '542322',
    '南木林县',
    '542300'
  ),
  (
    2719,
    '542323',
    '江孜县',
    '542300'
  ),
  (
    2720,
    '542324',
    '定日县',
    '542300'
  ),
  (
    2721,
    '542325',
    '萨迦县',
    '542300'
  ),
  (
    2722,
    '542326',
    '拉孜县',
    '542300'
  ),
  (
    2723,
    '542327',
    '昂仁县',
    '542300'
  ),
  (
    2724,
    '542328',
    '谢通门县',
    '542300'
  ),
  (
    2725,
    '542329',
    '白朗县',
    '542300'
  ),
  (
    2726,
    '542330',
    '仁布县',
    '542300'
  ),
  (
    2727,
    '542331',
    '康马县',
    '542300'
  ),
  (
    2728,
    '542332',
    '定结县',
    '542300'
  ),
  (
    2729,
    '542333',
    '仲巴县',
    '542300'
  ),
  (
    2730,
    '542334',
    '亚东县',
    '542300'
  ),
  (
    2731,
    '542335',
    '吉隆县',
    '542300'
  ),
  (
    2732,
    '542336',
    '聂拉木县',
    '542300'
  ),
  (
    2733,
    '542337',
    '萨嘎县',
    '542300'
  ),
  (
    2734,
    '542338',
    '岗巴县',
    '542300'
  ),
  (
    2735,
    '542421',
    '那曲县',
    '542400'
  ),
  (
    2736,
    '542422',
    '嘉黎县',
    '542400'
  ),
  (
    2737,
    '542423',
    '比如县',
    '542400'
  ),
  (
    2738,
    '542424',
    '聂荣县',
    '542400'
  ),
  (
    2739,
    '542425',
    '安多县',
    '542400'
  ),
  (
    2740,
    '542426',
    '申扎县',
    '542400'
  ),
  (
    2741,
    '542427',
    '索　县',
    '542400'
  ),
  (
    2742,
    '542428',
    '班戈县',
    '542400'
  ),
  (
    2743,
    '542429',
    '巴青县',
    '542400'
  ),
  (
    2744,
    '542430',
    '尼玛县',
    '542400'
  ),
  (
    2745,
    '542521',
    '普兰县',
    '542500'
  ),
  (
    2746,
    '542522',
    '札达县',
    '542500'
  ),
  (
    2747,
    '542523',
    '噶尔县',
    '542500'
  ),
  (
    2748,
    '542524',
    '日土县',
    '542500'
  ),
  (
    2749,
    '542525',
    '革吉县',
    '542500'
  ),
  (
    2750,
    '542526',
    '改则县',
    '542500'
  ),
  (
    2751,
    '542527',
    '措勤县',
    '542500'
  ),
  (
    2752,
    '542621',
    '林芝县',
    '542600'
  ),
  (
    2753,
    '542622',
    '工布江达县',
    '542600'
  ),
  (
    2754,
    '542623',
    '米林县',
    '542600'
  ),
  (
    2755,
    '542624',
    '墨脱县',
    '542600'
  ),
  (
    2756,
    '542625',
    '波密县',
    '542600'
  ),
  (
    2757,
    '542626',
    '察隅县',
    '542600'
  ),
  (
    2758,
    '542627',
    '朗　县',
    '542600'
  ),
  (
    2759,
    '610101',
    '市辖区',
    '610100'
  ),
  (
    2760,
    '610102',
    '新城区',
    '610100'
  ),
  (
    2761,
    '610103',
    '碑林区',
    '610100'
  ),
  (
    2762,
    '610104',
    '莲湖区',
    '610100'
  ),
  (
    2763,
    '610111',
    '灞桥区',
    '610100'
  ),
  (
    2764,
    '610112',
    '未央区',
    '610100'
  ),
  (
    2765,
    '610113',
    '雁塔区',
    '610100'
  ),
  (
    2766,
    '610114',
    '阎良区',
    '610100'
  ),
  (
    2767,
    '610115',
    '临潼区',
    '610100'
  ),
  (
    2768,
    '610116',
    '长安区',
    '610100'
  ),
  (
    2769,
    '610122',
    '蓝田县',
    '610100'
  ),
  (
    2770,
    '610124',
    '周至县',
    '610100'
  ),
  (
    2771,
    '610125',
    '户　县',
    '610100'
  ),
  (
    2772,
    '610126',
    '高陵县',
    '610100'
  ),
  (
    2773,
    '610201',
    '市辖区',
    '610200'
  ),
  (
    2774,
    '610202',
    '王益区',
    '610200'
  ),
  (
    2775,
    '610203',
    '印台区',
    '610200'
  ),
  (
    2776,
    '610204',
    '耀州区',
    '610200'
  ),
  (
    2777,
    '610222',
    '宜君县',
    '610200'
  ),
  (
    2778,
    '610301',
    '市辖区',
    '610300'
  ),
  (
    2779,
    '610302',
    '渭滨区',
    '610300'
  ),
  (
    2780,
    '610303',
    '金台区',
    '610300'
  ),
  (
    2781,
    '610304',
    '陈仓区',
    '610300'
  ),
  (
    2782,
    '610322',
    '凤翔县',
    '610300'
  ),
  (
    2783,
    '610323',
    '岐山县',
    '610300'
  ),
  (
    2784,
    '610324',
    '扶风县',
    '610300'
  ),
  (
    2785,
    '610326',
    '眉　县',
    '610300'
  ),
  (
    2786,
    '610327',
    '陇　县',
    '610300'
  ),
  (
    2787,
    '610328',
    '千阳县',
    '610300'
  ),
  (
    2788,
    '610329',
    '麟游县',
    '610300'
  ),
  (
    2789,
    '610330',
    '凤　县',
    '610300'
  ),
  (
    2790,
    '610331',
    '太白县',
    '610300'
  ),
  (
    2791,
    '610401',
    '市辖区',
    '610400'
  ),
  (
    2792,
    '610402',
    '秦都区',
    '610400'
  ),
  (
    2793,
    '610403',
    '杨凌区',
    '610400'
  ),
  (
    2794,
    '610404',
    '渭城区',
    '610400'
  ),
  (
    2795,
    '610422',
    '三原县',
    '610400'
  ),
  (
    2796,
    '610423',
    '泾阳县',
    '610400'
  ),
  (
    2797,
    '610424',
    '乾　县',
    '610400'
  ),
  (
    2798,
    '610425',
    '礼泉县',
    '610400'
  ),
  (
    2799,
    '610426',
    '永寿县',
    '610400'
  ),
  (
    2800,
    '610427',
    '彬　县',
    '610400'
  ),
  (
    2801,
    '610428',
    '长武县',
    '610400'
  ),
  (
    2802,
    '610429',
    '旬邑县',
    '610400'
  ),
  (
    2803,
    '610430',
    '淳化县',
    '610400'
  ),
  (
    2804,
    '610431',
    '武功县',
    '610400'
  ),
  (
    2805,
    '610481',
    '兴平市',
    '610400'
  ),
  (
    2806,
    '610501',
    '市辖区',
    '610500'
  ),
  (
    2807,
    '610502',
    '临渭区',
    '610500'
  ),
  (
    2808,
    '610521',
    '华　县',
    '610500'
  ),
  (
    2809,
    '610522',
    '潼关县',
    '610500'
  ),
  (
    2810,
    '610523',
    '大荔县',
    '610500'
  ),
  (
    2811,
    '610524',
    '合阳县',
    '610500'
  ),
  (
    2812,
    '610525',
    '澄城县',
    '610500'
  ),
  (
    2813,
    '610526',
    '蒲城县',
    '610500'
  ),
  (
    2814,
    '610527',
    '白水县',
    '610500'
  ),
  (
    2815,
    '610528',
    '富平县',
    '610500'
  ),
  (
    2816,
    '610581',
    '韩城市',
    '610500'
  ),
  (
    2817,
    '610582',
    '华阴市',
    '610500'
  ),
  (
    2818,
    '610601',
    '市辖区',
    '610600'
  ),
  (
    2819,
    '610602',
    '宝塔区',
    '610600'
  ),
  (
    2820,
    '610621',
    '延长县',
    '610600'
  ),
  (
    2821,
    '610622',
    '延川县',
    '610600'
  ),
  (
    2822,
    '610623',
    '子长县',
    '610600'
  ),
  (
    2823,
    '610624',
    '安塞县',
    '610600'
  ),
  (
    2824,
    '610625',
    '志丹县',
    '610600'
  ),
  (
    2825,
    '610626',
    '吴旗县',
    '610600'
  ),
  (
    2826,
    '610627',
    '甘泉县',
    '610600'
  ),
  (
    2827,
    '610628',
    '富　县',
    '610600'
  ),
  (
    2828,
    '610629',
    '洛川县',
    '610600'
  ),
  (
    2829,
    '610630',
    '宜川县',
    '610600'
  ),
  (
    2830,
    '610631',
    '黄龙县',
    '610600'
  ),
  (
    2831,
    '610632',
    '黄陵县',
    '610600'
  ),
  (
    2832,
    '610701',
    '市辖区',
    '610700'
  ),
  (
    2833,
    '610702',
    '汉台区',
    '610700'
  ),
  (
    2834,
    '610721',
    '南郑县',
    '610700'
  ),
  (
    2835,
    '610722',
    '城固县',
    '610700'
  ),
  (
    2836,
    '610723',
    '洋　县',
    '610700'
  ),
  (
    2837,
    '610724',
    '西乡县',
    '610700'
  ),
  (
    2838,
    '610725',
    '勉　县',
    '610700'
  ),
  (
    2839,
    '610726',
    '宁强县',
    '610700'
  ),
  (
    2840,
    '610727',
    '略阳县',
    '610700'
  ),
  (
    2841,
    '610728',
    '镇巴县',
    '610700'
  ),
  (
    2842,
    '610729',
    '留坝县',
    '610700'
  ),
  (
    2843,
    '610730',
    '佛坪县',
    '610700'
  ),
  (
    2844,
    '610801',
    '市辖区',
    '610800'
  ),
  (
    2845,
    '610802',
    '榆阳区',
    '610800'
  ),
  (
    2846,
    '610821',
    '神木县',
    '610800'
  ),
  (
    2847,
    '610822',
    '府谷县',
    '610800'
  ),
  (
    2848,
    '610823',
    '横山县',
    '610800'
  ),
  (
    2849,
    '610824',
    '靖边县',
    '610800'
  ),
  (
    2850,
    '610825',
    '定边县',
    '610800'
  ),
  (
    2851,
    '610826',
    '绥德县',
    '610800'
  ),
  (
    2852,
    '610827',
    '米脂县',
    '610800'
  ),
  (
    2853,
    '610828',
    '佳　县',
    '610800'
  ),
  (
    2854,
    '610829',
    '吴堡县',
    '610800'
  ),
  (
    2855,
    '610830',
    '清涧县',
    '610800'
  ),
  (
    2856,
    '610831',
    '子洲县',
    '610800'
  ),
  (
    2857,
    '610901',
    '市辖区',
    '610900'
  ),
  (
    2858,
    '610902',
    '汉滨区',
    '610900'
  ),
  (
    2859,
    '610921',
    '汉阴县',
    '610900'
  ),
  (
    2860,
    '610922',
    '石泉县',
    '610900'
  ),
  (
    2861,
    '610923',
    '宁陕县',
    '610900'
  ),
  (
    2862,
    '610924',
    '紫阳县',
    '610900'
  ),
  (
    2863,
    '610925',
    '岚皋县',
    '610900'
  ),
  (
    2864,
    '610926',
    '平利县',
    '610900'
  ),
  (
    2865,
    '610927',
    '镇坪县',
    '610900'
  ),
  (
    2866,
    '610928',
    '旬阳县',
    '610900'
  ),
  (
    2867,
    '610929',
    '白河县',
    '610900'
  ),
  (
    2868,
    '611001',
    '市辖区',
    '611000'
  ),
  (
    2869,
    '611002',
    '商州区',
    '611000'
  ),
  (
    2870,
    '611021',
    '洛南县',
    '611000'
  ),
  (
    2871,
    '611022',
    '丹凤县',
    '611000'
  ),
  (
    2872,
    '611023',
    '商南县',
    '611000'
  ),
  (
    2873,
    '611024',
    '山阳县',
    '611000'
  ),
  (
    2874,
    '611025',
    '镇安县',
    '611000'
  ),
  (
    2875,
    '611026',
    '柞水县',
    '611000'
  ),
  (
    2876,
    '620101',
    '市辖区',
    '620100'
  ),
  (
    2877,
    '620102',
    '城关区',
    '620100'
  ),
  (
    2878,
    '620103',
    '七里河区',
    '620100'
  ),
  (
    2879,
    '620104',
    '西固区',
    '620100'
  ),
  (
    2880,
    '620105',
    '安宁区',
    '620100'
  ),
  (
    2881,
    '620111',
    '红古区',
    '620100'
  ),
  (
    2882,
    '620121',
    '永登县',
    '620100'
  ),
  (
    2883,
    '620122',
    '皋兰县',
    '620100'
  ),
  (
    2884,
    '620123',
    '榆中县',
    '620100'
  ),
  (
    2885,
    '620201',
    '市辖区',
    '620200'
  ),
  (
    2886,
    '620301',
    '市辖区',
    '620300'
  ),
  (
    2887,
    '620302',
    '金川区',
    '620300'
  ),
  (
    2888,
    '620321',
    '永昌县',
    '620300'
  ),
  (
    2889,
    '620401',
    '市辖区',
    '620400'
  ),
  (
    2890,
    '620402',
    '白银区',
    '620400'
  ),
  (
    2891,
    '620403',
    '平川区',
    '620400'
  ),
  (
    2892,
    '620421',
    '靖远县',
    '620400'
  ),
  (
    2893,
    '620422',
    '会宁县',
    '620400'
  ),
  (
    2894,
    '620423',
    '景泰县',
    '620400'
  ),
  (
    2895,
    '620501',
    '市辖区',
    '620500'
  ),
  (
    2896,
    '620502',
    '秦城区',
    '620500'
  ),
  (
    2897,
    '620503',
    '北道区',
    '620500'
  ),
  (
    2898,
    '620521',
    '清水县',
    '620500'
  ),
  (
    2899,
    '620522',
    '秦安县',
    '620500'
  ),
  (
    2900,
    '620523',
    '甘谷县',
    '620500'
  ),
  (
    2901,
    '620524',
    '武山县',
    '620500'
  ),
  (
    2902,
    '620525',
    '张家川回族自治县',
    '620500'
  ),
  (
    2903,
    '620601',
    '市辖区',
    '620600'
  ),
  (
    2904,
    '620602',
    '凉州区',
    '620600'
  ),
  (
    2905,
    '620621',
    '民勤县',
    '620600'
  ),
  (
    2906,
    '620622',
    '古浪县',
    '620600'
  ),
  (
    2907,
    '620623',
    '天祝藏族自治县',
    '620600'
  ),
  (
    2908,
    '620701',
    '市辖区',
    '620700'
  ),
  (
    2909,
    '620702',
    '甘州区',
    '620700'
  ),
  (
    2910,
    '620721',
    '肃南裕固族自治县',
    '620700'
  ),
  (
    2911,
    '620722',
    '民乐县',
    '620700'
  ),
  (
    2912,
    '620723',
    '临泽县',
    '620700'
  ),
  (
    2913,
    '620724',
    '高台县',
    '620700'
  ),
  (
    2914,
    '620725',
    '山丹县',
    '620700'
  ),
  (
    2915,
    '620801',
    '市辖区',
    '620800'
  ),
  (
    2916,
    '620802',
    '崆峒区',
    '620800'
  ),
  (
    2917,
    '620821',
    '泾川县',
    '620800'
  ),
  (
    2918,
    '620822',
    '灵台县',
    '620800'
  ),
  (
    2919,
    '620823',
    '崇信县',
    '620800'
  ),
  (
    2920,
    '620824',
    '华亭县',
    '620800'
  ),
  (
    2921,
    '620825',
    '庄浪县',
    '620800'
  ),
  (
    2922,
    '620826',
    '静宁县',
    '620800'
  ),
  (
    2923,
    '620901',
    '市辖区',
    '620900'
  ),
  (
    2924,
    '620902',
    '肃州区',
    '620900'
  ),
  (
    2925,
    '620921',
    '金塔县',
    '620900'
  ),
  (
    2926,
    '620922',
    '安西县',
    '620900'
  ),
  (
    2927,
    '620923',
    '肃北蒙古族自治县',
    '620900'
  ),
  (
    2928,
    '620924',
    '阿克塞哈萨克族自治县',
    '620900'
  ),
  (
    2929,
    '620981',
    '玉门市',
    '620900'
  ),
  (
    2930,
    '620982',
    '敦煌市',
    '620900'
  ),
  (
    2931,
    '621001',
    '市辖区',
    '621000'
  ),
  (
    2932,
    '621002',
    '西峰区',
    '621000'
  ),
  (
    2933,
    '621021',
    '庆城县',
    '621000'
  ),
  (
    2934,
    '621022',
    '环　县',
    '621000'
  ),
  (
    2935,
    '621023',
    '华池县',
    '621000'
  ),
  (
    2936,
    '621024',
    '合水县',
    '621000'
  ),
  (
    2937,
    '621025',
    '正宁县',
    '621000'
  ),
  (
    2938,
    '621026',
    '宁　县',
    '621000'
  ),
  (
    2939,
    '621027',
    '镇原县',
    '621000'
  ),
  (
    2940,
    '621101',
    '市辖区',
    '621100'
  ),
  (
    2941,
    '621102',
    '安定区',
    '621100'
  ),
  (
    2942,
    '621121',
    '通渭县',
    '621100'
  ),
  (
    2943,
    '621122',
    '陇西县',
    '621100'
  ),
  (
    2944,
    '621123',
    '渭源县',
    '621100'
  ),
  (
    2945,
    '621124',
    '临洮县',
    '621100'
  ),
  (
    2946,
    '621125',
    '漳　县',
    '621100'
  ),
  (
    2947,
    '621126',
    '岷　县',
    '621100'
  ),
  (
    2948,
    '621201',
    '市辖区',
    '621200'
  ),
  (
    2949,
    '621202',
    '武都区',
    '621200'
  ),
  (
    2950,
    '621221',
    '成　县',
    '621200'
  ),
  (
    2951,
    '621222',
    '文　县',
    '621200'
  ),
  (
    2952,
    '621223',
    '宕昌县',
    '621200'
  ),
  (
    2953,
    '621224',
    '康　县',
    '621200'
  ),
  (
    2954,
    '621225',
    '西和县',
    '621200'
  ),
  (
    2955,
    '621226',
    '礼　县',
    '621200'
  ),
  (
    2956,
    '621227',
    '徽　县',
    '621200'
  ),
  (
    2957,
    '621228',
    '两当县',
    '621200'
  ),
  (
    2958,
    '622901',
    '临夏市',
    '622900'
  ),
  (
    2959,
    '622921',
    '临夏县',
    '622900'
  ),
  (
    2960,
    '622922',
    '康乐县',
    '622900'
  ),
  (
    2961,
    '622923',
    '永靖县',
    '622900'
  ),
  (
    2962,
    '622924',
    '广河县',
    '622900'
  ),
  (
    2963,
    '622925',
    '和政县',
    '622900'
  ),
  (
    2964,
    '622926',
    '东乡族自治县',
    '622900'
  ),
  (
    2965,
    '622927',
    '积石山保安族东乡族撒拉族自治县',
    '622900'
  ),
  (
    2966,
    '623001',
    '合作市',
    '623000'
  ),
  (
    2967,
    '623021',
    '临潭县',
    '623000'
  ),
  (
    2968,
    '623022',
    '卓尼县',
    '623000'
  ),
  (
    2969,
    '623023',
    '舟曲县',
    '623000'
  ),
  (
    2970,
    '623024',
    '迭部县',
    '623000'
  ),
  (
    2971,
    '623025',
    '玛曲县',
    '623000'
  ),
  (
    2972,
    '623026',
    '碌曲县',
    '623000'
  ),
  (
    2973,
    '623027',
    '夏河县',
    '623000'
  ),
  (
    2974,
    '630101',
    '市辖区',
    '630100'
  ),
  (
    2975,
    '630102',
    '城东区',
    '630100'
  ),
  (
    2976,
    '630103',
    '城中区',
    '630100'
  ),
  (
    2977,
    '630104',
    '城西区',
    '630100'
  ),
  (
    2978,
    '630105',
    '城北区',
    '630100'
  ),
  (
    2979,
    '630121',
    '大通回族土族自治县',
    '630100'
  ),
  (
    2980,
    '630122',
    '湟中县',
    '630100'
  ),
  (
    2981,
    '630123',
    '湟源县',
    '630100'
  ),
  (
    2982,
    '632121',
    '平安县',
    '632100'
  ),
  (
    2983,
    '632122',
    '民和回族土族自治县',
    '632100'
  ),
  (
    2984,
    '632123',
    '乐都县',
    '632100'
  ),
  (
    2985,
    '632126',
    '互助土族自治县',
    '632100'
  ),
  (
    2986,
    '632127',
    '化隆回族自治县',
    '632100'
  ),
  (
    2987,
    '632128',
    '循化撒拉族自治县',
    '632100'
  ),
  (
    2988,
    '632221',
    '门源回族自治县',
    '632200'
  ),
  (
    2989,
    '632222',
    '祁连县',
    '632200'
  ),
  (
    2990,
    '632223',
    '海晏县',
    '632200'
  ),
  (
    2991,
    '632224',
    '刚察县',
    '632200'
  ),
  (
    2992,
    '632321',
    '同仁县',
    '632300'
  ),
  (
    2993,
    '632322',
    '尖扎县',
    '632300'
  ),
  (
    2994,
    '632323',
    '泽库县',
    '632300'
  ),
  (
    2995,
    '632324',
    '河南蒙古族自治县',
    '632300'
  ),
  (
    2996,
    '632521',
    '共和县',
    '632500'
  ),
  (
    2997,
    '632522',
    '同德县',
    '632500'
  ),
  (
    2998,
    '632523',
    '贵德县',
    '632500'
  ),
  (
    2999,
    '632524',
    '兴海县',
    '632500'
  ),
  (
    3000,
    '632525',
    '贵南县',
    '632500'
  ),
  (
    3001,
    '632621',
    '玛沁县',
    '632600'
  ),
  (
    3002,
    '632622',
    '班玛县',
    '632600'
  ),
  (
    3003,
    '632623',
    '甘德县',
    '632600'
  ),
  (
    3004,
    '632624',
    '达日县',
    '632600'
  ),
  (
    3005,
    '632625',
    '久治县',
    '632600'
  ),
  (
    3006,
    '632626',
    '玛多县',
    '632600'
  ),
  (
    3007,
    '632721',
    '玉树县',
    '632700'
  ),
  (
    3008,
    '632722',
    '杂多县',
    '632700'
  ),
  (
    3009,
    '632723',
    '称多县',
    '632700'
  ),
  (
    3010,
    '632724',
    '治多县',
    '632700'
  ),
  (
    3011,
    '632725',
    '囊谦县',
    '632700'
  ),
  (
    3012,
    '632726',
    '曲麻莱县',
    '632700'
  ),
  (
    3013,
    '632801',
    '格尔木市',
    '632800'
  ),
  (
    3014,
    '632802',
    '德令哈市',
    '632800'
  ),
  (
    3015,
    '632821',
    '乌兰县',
    '632800'
  ),
  (
    3016,
    '632822',
    '都兰县',
    '632800'
  ),
  (
    3017,
    '632823',
    '天峻县',
    '632800'
  ),
  (
    3018,
    '640101',
    '市辖区',
    '640100'
  ),
  (
    3019,
    '640104',
    '兴庆区',
    '640100'
  ),
  (
    3020,
    '640105',
    '西夏区',
    '640100'
  ),
  (
    3021,
    '640106',
    '金凤区',
    '640100'
  ),
  (
    3022,
    '640121',
    '永宁县',
    '640100'
  ),
  (
    3023,
    '640122',
    '贺兰县',
    '640100'
  ),
  (
    3024,
    '640181',
    '灵武市',
    '640100'
  ),
  (
    3025,
    '640201',
    '市辖区',
    '640200'
  ),
  (
    3026,
    '640202',
    '大武口区',
    '640200'
  ),
  (
    3027,
    '640205',
    '惠农区',
    '640200'
  ),
  (
    3028,
    '640221',
    '平罗县',
    '640200'
  ),
  (
    3029,
    '640301',
    '市辖区',
    '640300'
  ),
  (
    3030,
    '640302',
    '利通区',
    '640300'
  ),
  (
    3031,
    '640323',
    '盐池县',
    '640300'
  ),
  (
    3032,
    '640324',
    '同心县',
    '640300'
  ),
  (
    3033,
    '640381',
    '青铜峡市',
    '640300'
  ),
  (
    3034,
    '640401',
    '市辖区',
    '640400'
  ),
  (
    3035,
    '640402',
    '原州区',
    '640400'
  ),
  (
    3036,
    '640422',
    '西吉县',
    '640400'
  ),
  (
    3037,
    '640423',
    '隆德县',
    '640400'
  ),
  (
    3038,
    '640424',
    '泾源县',
    '640400'
  ),
  (
    3039,
    '640425',
    '彭阳县',
    '640400'
  ),
  (
    3040,
    '640501',
    '市辖区',
    '640500'
  ),
  (
    3041,
    '640502',
    '沙坡头区',
    '640500'
  ),
  (
    3042,
    '640521',
    '中宁县',
    '640500'
  ),
  (
    3043,
    '640522',
    '海原县',
    '640500'
  ),
  (
    3044,
    '650101',
    '市辖区',
    '650100'
  ),
  (
    3045,
    '650102',
    '天山区',
    '650100'
  ),
  (
    3046,
    '650103',
    '沙依巴克区',
    '650100'
  ),
  (
    3047,
    '650104',
    '新市区',
    '650100'
  ),
  (
    3048,
    '650105',
    '水磨沟区',
    '650100'
  ),
  (
    3049,
    '650106',
    '头屯河区',
    '650100'
  ),
  (
    3050,
    '650107',
    '达坂城区',
    '650100'
  ),
  (
    3051,
    '650108',
    '东山区',
    '650100'
  ),
  (
    3052,
    '650121',
    '乌鲁木齐县',
    '650100'
  ),
  (
    3053,
    '650201',
    '市辖区',
    '650200'
  ),
  (
    3054,
    '650202',
    '独山子区',
    '650200'
  ),
  (
    3055,
    '650203',
    '克拉玛依区',
    '650200'
  ),
  (
    3056,
    '650204',
    '白碱滩区',
    '650200'
  ),
  (
    3057,
    '650205',
    '乌尔禾区',
    '650200'
  ),
  (
    3058,
    '652101',
    '吐鲁番市',
    '652100'
  ),
  (
    3059,
    '652122',
    '鄯善县',
    '652100'
  ),
  (
    3060,
    '652123',
    '托克逊县',
    '652100'
  ),
  (
    3061,
    '652201',
    '哈密市',
    '652200'
  ),
  (
    3062,
    '652222',
    '巴里坤哈萨克自治县',
    '652200'
  ),
  (
    3063,
    '652223',
    '伊吾县',
    '652200'
  ),
  (
    3064,
    '652301',
    '昌吉市',
    '652300'
  ),
  (
    3065,
    '652302',
    '阜康市',
    '652300'
  ),
  (
    3066,
    '652303',
    '米泉市',
    '652300'
  ),
  (
    3067,
    '652323',
    '呼图壁县',
    '652300'
  ),
  (
    3068,
    '652324',
    '玛纳斯县',
    '652300'
  ),
  (
    3069,
    '652325',
    '奇台县',
    '652300'
  ),
  (
    3070,
    '652327',
    '吉木萨尔县',
    '652300'
  ),
  (
    3071,
    '652328',
    '木垒哈萨克自治县',
    '652300'
  ),
  (
    3072,
    '652701',
    '博乐市',
    '652700'
  ),
  (
    3073,
    '652722',
    '精河县',
    '652700'
  ),
  (
    3074,
    '652723',
    '温泉县',
    '652700'
  ),
  (
    3075,
    '652801',
    '库尔勒市',
    '652800'
  ),
  (
    3076,
    '652822',
    '轮台县',
    '652800'
  ),
  (
    3077,
    '652823',
    '尉犁县',
    '652800'
  ),
  (
    3078,
    '652824',
    '若羌县',
    '652800'
  ),
  (
    3079,
    '652825',
    '且末县',
    '652800'
  ),
  (
    3080,
    '652826',
    '焉耆回族自治县',
    '652800'
  ),
  (
    3081,
    '652827',
    '和静县',
    '652800'
  ),
  (
    3082,
    '652828',
    '和硕县',
    '652800'
  ),
  (
    3083,
    '652829',
    '博湖县',
    '652800'
  ),
  (
    3084,
    '652901',
    '阿克苏市',
    '652900'
  ),
  (
    3085,
    '652922',
    '温宿县',
    '652900'
  ),
  (
    3086,
    '652923',
    '库车县',
    '652900'
  ),
  (
    3087,
    '652924',
    '沙雅县',
    '652900'
  ),
  (
    3088,
    '652925',
    '新和县',
    '652900'
  ),
  (
    3089,
    '652926',
    '拜城县',
    '652900'
  ),
  (
    3090,
    '652927',
    '乌什县',
    '652900'
  ),
  (
    3091,
    '652928',
    '阿瓦提县',
    '652900'
  ),
  (
    3092,
    '652929',
    '柯坪县',
    '652900'
  ),
  (
    3093,
    '653001',
    '阿图什市',
    '653000'
  ),
  (
    3094,
    '653022',
    '阿克陶县',
    '653000'
  ),
  (
    3095,
    '653023',
    '阿合奇县',
    '653000'
  ),
  (
    3096,
    '653024',
    '乌恰县',
    '653000'
  ),
  (
    3097,
    '653101',
    '喀什市',
    '653100'
  ),
  (
    3098,
    '653121',
    '疏附县',
    '653100'
  ),
  (
    3099,
    '653122',
    '疏勒县',
    '653100'
  ),
  (
    3100,
    '653123',
    '英吉沙县',
    '653100'
  ),
  (
    3101,
    '653124',
    '泽普县',
    '653100'
  ),
  (
    3102,
    '653125',
    '莎车县',
    '653100'
  ),
  (
    3103,
    '653126',
    '叶城县',
    '653100'
  ),
  (
    3104,
    '653127',
    '麦盖提县',
    '653100'
  ),
  (
    3105,
    '653128',
    '岳普湖县',
    '653100'
  ),
  (
    3106,
    '653129',
    '伽师县',
    '653100'
  ),
  (
    3107,
    '653130',
    '巴楚县',
    '653100'
  ),
  (
    3108,
    '653131',
    '塔什库尔干塔吉克自治县',
    '653100'
  ),
  (
    3109,
    '653201',
    '和田市',
    '653200'
  ),
  (
    3110,
    '653221',
    '和田县',
    '653200'
  ),
  (
    3111,
    '653222',
    '墨玉县',
    '653200'
  ),
  (
    3112,
    '653223',
    '皮山县',
    '653200'
  ),
  (
    3113,
    '653224',
    '洛浦县',
    '653200'
  ),
  (
    3114,
    '653225',
    '策勒县',
    '653200'
  ),
  (
    3115,
    '653226',
    '于田县',
    '653200'
  ),
  (
    3116,
    '653227',
    '民丰县',
    '653200'
  ),
  (
    3117,
    '654002',
    '伊宁市',
    '654000'
  ),
  (
    3118,
    '654003',
    '奎屯市',
    '654000'
  ),
  (
    3119,
    '654021',
    '伊宁县',
    '654000'
  ),
  (
    3120,
    '654022',
    '察布查尔锡伯自治县',
    '654000'
  ),
  (
    3121,
    '654023',
    '霍城县',
    '654000'
  ),
  (
    3122,
    '654024',
    '巩留县',
    '654000'
  ),
  (
    3123,
    '654025',
    '新源县',
    '654000'
  ),
  (
    3124,
    '654026',
    '昭苏县',
    '654000'
  ),
  (
    3125,
    '654027',
    '特克斯县',
    '654000'
  ),
  (
    3126,
    '654028',
    '尼勒克县',
    '654000'
  ),
  (
    3127,
    '654201',
    '塔城市',
    '654200'
  ),
  (
    3128,
    '654202',
    '乌苏市',
    '654200'
  ),
  (
    3129,
    '654221',
    '额敏县',
    '654200'
  ),
  (
    3130,
    '654223',
    '沙湾县',
    '654200'
  ),
  (
    3131,
    '654224',
    '托里县',
    '654200'
  ),
  (
    3132,
    '654225',
    '裕民县',
    '654200'
  ),
  (
    3133,
    '654226',
    '和布克赛尔蒙古自治县',
    '654200'
  ),
  (
    3134,
    '654301',
    '阿勒泰市',
    '654300'
  ),
  (
    3135,
    '654321',
    '布尔津县',
    '654300'
  ),
  (
    3136,
    '654322',
    '富蕴县',
    '654300'
  ),
  (
    3137,
    '654323',
    '福海县',
    '654300'
  ),
  (
    3138,
    '654324',
    '哈巴河县',
    '654300'
  ),
  (
    3139,
    '654325',
    '青河县',
    '654300'
  ),
  (
    3140,
    '654326',
    '吉木乃县',
    '654300'
  ),
  (
    3141,
    '659001',
    '石河子市',
    '659000'
  ),
  (
    3142,
    '659002',
    '阿拉尔市',
    '659000'
  ),
  (
    3143,
    '659003',
    '图木舒克市',
    '659000'
  ),
  (
    3144,
    '659004',
    '五家渠市',
    '659000'
  ) ;

/*Table structure for table `t_adminlist` */
DROP TABLE IF EXISTS `t_adminlist` ;

CREATE TABLE `t_adminlist` (
  `id` INT (11) NOT NULL AUTO_INCREMENT,
  `a_name` VARCHAR (20) COLLATE utf8_bin DEFAULT NULL,
  `a_pwd` VARCHAR (20) COLLATE utf8_bin DEFAULT NULL,
  `a_tel` VARCHAR (20) COLLATE utf8_bin DEFAULT NULL,
  `a_imgSrc` VARCHAR (50) COLLATE utf8_bin DEFAULT NULL,
  `a_roleid` INT (11) NOT NULL,
  `a_joinTime` DATE DEFAULT NULL,
  `a_useState` INT (11) NOT NULL DEFAULT '12',
  PRIMARY KEY (`id`)
) ENGINE = INNODB AUTO_INCREMENT = 4 DEFAULT CHARSET = utf8 COLLATE = utf8_bin ;

/*Data for the table `t_adminlist` */
INSERT INTO `t_adminlist` (
  `id`,
  `a_name`,
  `a_pwd`,
  `a_tel`,
  `a_imgSrc`,
  `a_roleid`,
  `a_joinTime`,
  `a_useState`
) 
VALUES
  (
    1,
    'John',
    '123',
    '15258498546',
    'images/houTai/portrait/portrait-1.jpg',
    1,
    '2018-03-28',
    12
  ),
  (
    2,
    '冯政豪',
    '123',
    '18982546662',
    'images/houTai/portrait/portrait-2.jpg',
    2,
    '2018-03-29',
    12
  ),
  (
    3,
    '小豪豪',
    '123',
    '15988865666',
    'images/houTai/portrait/portrait-3.jpg',
    2,
    '2018-03-30',
    13
  ) ;

/*Table structure for table `t_cancel` */
DROP TABLE IF EXISTS `t_cancel` ;

CREATE TABLE `t_cancel` (
  `id` INT (11) NOT NULL AUTO_INCREMENT,
  `ca_name` VARCHAR (50) COLLATE utf8_bin NOT NULL,
  `ca_price` INT (11) NOT NULL,
  `ca_content` TEXT COLLATE utf8_bin,
  `ca_true` VARCHAR (10) COLLATE utf8_bin DEFAULT '8',
  PRIMARY KEY (`id`)
) ENGINE = INNODB AUTO_INCREMENT = 2 DEFAULT CHARSET = utf8 COLLATE = utf8_bin ;

/*Data for the table `t_cancel` */
INSERT INTO `t_cancel` (
  `id`,
  `ca_name`,
  `ca_price`,
  `ca_content`,
  `ca_true`
) 
VALUES
  (
    1,
    '太平洋旅程取消险计划D（因事取消行程，最高保险出赔70%）',
    75,
    '本产品由中国太平洋财产保险股份有限公司承保\r\n\r\n1、投保前请仔细阅读保险条款，尤其是“责任免除”部分。\r\n\r\n2、本产品承保年龄：出生28天-100周岁（含）。\r\n\r\n3、投保份数：限投1份。\r\n\r\n4、保障区域：具体承保地域以国家旅游局公布的中国旅游目的地国家为准，但不包含在被保险人出发前已处于战争状态或已被宣告为紧急状态的国家和地区。\r\n\r\n5、投保要求：投保人需为18周岁以上成年人；未成年人必须是其法定监护人作为投保人。\r\n\r\n6、本产品承保（特约）说明：退团后团费被扣除金额的30%。\r\n\r\n其中，86-90周岁（含），免赔金额为退团后被扣除金额的40%，保费不变；\r\n\r\n91-100周岁（含），免赔金额为退团后被扣除金额的50%,保费不变。\r\n\r\n7、投保人网上缴纳保费后，保险合同即成立，本保险产品仅提供电子保单。\r\n\r\n8、本产品保费支付方式为一次性支付。保单查询、验真、下载请登录【http://www.ecpic.com.cn/mall/policy/verifydownload/init】太平洋保险官网查询, 拨打咨询电话95500-1 。网上购买保险提供电子保单的查询和下载服务,电子保单与纸质保单具有同等法律效力,付款完成后,可以在我的订单中查询和下载电子保单。 保险公司将委托同程网在为有需要的客户提供保险发票以作报销，保险发票仅作报销凭证，不是保单凭证。具体配送方式及收费标准请与同程网联系（4007-777-777）。\r\n\r\n9、理赔：被保险人出险后，请在第一时间拨打（太平洋保险公司报案电话）95500-1 \r\n\r\n10、下列损失、费用和责任，保险人不负责赔偿：\r\n\r\n①任何间接损失；\r\n\r\n②被保险人的损失可以以旅游券等其他方式得到返还或补偿的部分；\r\n\r\n③本合同中载明的免赔额或按本合同载明的免赔率计算的免赔额。\r\n\r\n11、本保险产品销售服务方为：天圆地方（北京）保险代理有限公司。\r\n\r\n12、本产品适用条款：【本产品适用条款《（太保财险）（备—其他）[2015]（主）20号—旅程预定取消保险（B款）条款》】 。\r\n\r\n13、投保人及被保险人声明及确认：\r\n\r\n投保人、被保险人同意购买且认可保险金额，并已阅读保险条款的全部内容，了解并接受条款中责任免除、退保等在内的重要事项，且投保信息填写真实正确，如有隐瞒或不实告知，愿意承担由此带来的法律责任。\r\n\r\n14. 本保险不得退保: 但旅行社无法发团时，投保人可申请解除保险合同。合同解除后，保险人退还本保险的未满期保险费。\r\n\r\n\r\n\r\n本保险全国客服热线：95500-3，电子保单验证查询直接进入太平洋财产保险官网https://www.ecpic.com.cn/mall/policy/policyInfo/view 进行查询；',
    '8'
  ) ;

/*Table structure for table `t_collect` */
DROP TABLE IF EXISTS `t_collect` ;

CREATE TABLE `t_collect` (
  `id` INT (11) NOT NULL AUTO_INCREMENT,
  `c_userId` INT (11) NOT NULL,
  `c_shopsId` INT (11) NOT NULL,
  PRIMARY KEY (`id`)
) ENGINE = INNODB DEFAULT CHARSET = utf8 COLLATE = utf8_bin ;

/*Data for the table `t_collect` */
/*Table structure for table `t_comment` */
DROP TABLE IF EXISTS `t_comment` ;

CREATE TABLE `t_comment` (
  `id` INT (11) NOT NULL AUTO_INCREMENT,
  `t_content` VARCHAR (50) COLLATE utf8_bin DEFAULT NULL,
  `t_cdate` DATE DEFAULT NULL,
  `t_id` INT (11) DEFAULT NULL,
  `t_sid` INT (11) DEFAULT NULL,
  PRIMARY KEY (`id`)
) ENGINE = INNODB AUTO_INCREMENT = 18 DEFAULT CHARSET = utf8 COLLATE = utf8_bin ;

/*Data for the table `t_comment` */
INSERT INTO `t_comment` (
  `id`,
  `t_content`,
  `t_cdate`,
  `t_id`,
  `t_sid`
) 
VALUES
  (
    1,
    '真是一次难忘的旅行，好想也来一次说走就走的旅行',
    '2017-03-04',
    1,
    1
  ),
  (
    2,
    '希望博主推荐给我类似的套餐',
    '2017-03-04',
    2,
    1
  ),
  (3, 'so beatiful', '2017-03-04', 3, 1),
  (
    4,
    '哈哈好想也来一次说走就走的旅行',
    '2017-04-02',
    4,
    2
  ),
  (
    7,
    '哈哈好想也来一次说走就走的旅行套餐',
    '2017-04-05',
    2,
    3
  ),
  (16, '11', '2017-04-07', 2, 1),
  (17, 'asd', '2017-04-07', 2, 2) ;

/*Table structure for table `t_contient` */
DROP TABLE IF EXISTS `t_contient` ;

CREATE TABLE `t_contient` (
  `id` INT (11) NOT NULL AUTO_INCREMENT,
  `c_contientname` VARCHAR (50) COLLATE utf8_bin NOT NULL,
  PRIMARY KEY (`id`)
) ENGINE = INNODB AUTO_INCREMENT = 6 DEFAULT CHARSET = utf8 COLLATE = utf8_bin ;

/*Data for the table `t_contient` */
INSERT INTO `t_contient` (`id`, `c_contientname`) 
VALUES
  (1, '欧洲'),
  (2, '澳洲'),
  (3, '美洲'),
  (4, '东南亚'),
  (5, '中东') ;

/*Table structure for table `t_costomermsg` */
DROP TABLE IF EXISTS `t_costomermsg` ;

CREATE TABLE `t_costomermsg` (
  `id` INT (11) NOT NULL AUTO_INCREMENT,
  `co_id` VARCHAR (10) COLLATE utf8_bin NOT NULL,
  `co_chineseName` VARCHAR (10) COLLATE utf8_bin NOT NULL,
  `co_familyName` VARCHAR (10) COLLATE utf8_bin NOT NULL,
  `co_secondName` VARCHAR (10) COLLATE utf8_bin NOT NULL,
  `co_sex` VARCHAR (10) COLLATE utf8_bin NOT NULL,
  `co_cardType` VARCHAR (10) COLLATE utf8_bin NOT NULL,
  `co_cardNum` VARCHAR (50) COLLATE utf8_bin NOT NULL,
  `co_tel` INT (11) NOT NULL,
  `co_birth` DATE NOT NULL,
  `co_cardImg` VARCHAR (100) COLLATE utf8_bin NOT NULL,
  `co_isUsual` INT (11) NOT NULL DEFAULT '10',
  PRIMARY KEY (`id`)
) ENGINE = INNODB DEFAULT CHARSET = utf8 COLLATE = utf8_bin ;

/*Data for the table `t_costomermsg` */
/*Table structure for table `t_country` */
DROP TABLE IF EXISTS `t_country` ;

CREATE TABLE `t_country` (
  `id` INT (11) NOT NULL AUTO_INCREMENT,
  `c_countryname` VARCHAR (50) COLLATE utf8_bin NOT NULL,
  `c_remark` VARCHAR (200) COLLATE utf8_bin NOT NULL,
  `c_imgSrcbig` VARCHAR (100) COLLATE utf8_bin NOT NULL,
  `c_imgSrcsmall` VARCHAR (100) COLLATE utf8_bin NOT NULL,
  `c_continentid` INT (11) NOT NULL,
  `c_hot` INT (11) NOT NULL DEFAULT '17',
  PRIMARY KEY (`id`),
  UNIQUE KEY `c_countryname` (`c_countryname`)
) ENGINE = INNODB AUTO_INCREMENT = 21 DEFAULT CHARSET = utf8 COLLATE = utf8_bin ;

/*Data for the table `t_country` */
INSERT INTO `t_country` (
  `id`,
  `c_countryname`,
  `c_remark`,
  `c_imgSrcbig`,
  `c_imgSrcsmall`,
  `c_continentid`,
  `c_hot`
) 
VALUES
  (
    1,
    '英国',
    '位于欧洲大陆西北面的不列颠群岛，被北海、英吉利海峡、凯尔特海、爱尔兰海和大西洋包围',
    '../images/ZJ/county/Britain/da.jpg',
    '../images/ZJ/county/Britain/xiao.jpg',
    1,
    16
  ),
  (
    2,
    '法国',
    '位于西欧的半总统共和制国家，海外领土包括南美洲和南太平洋的一些地区',
    '../images/ZJ/county/France/da.jpg',
    '../images/ZJ/county/France/xiao.jpg',
    1,
    17
  ),
  (
    3,
    '俄罗斯',
    '位于欧亚大陆北部，地跨欧亚两大洲，国土面积为1707.54万平方公里，是世界上面积最大的国家',
    '../images/ZJ/county/Russia/da.jpg',
    '../images/ZJ/county/Russia/xiao.jpg',
    1,
    17
  ),
  (
    4,
    '意大利',
    '主要由南欧的亚平宁半岛及两个位于地中海中的岛屿西西里岛与萨丁岛所组成',
    '../images/ZJ/county/Ltalian/da.jpg',
    '../images/ZJ/county/Ltalian/xiao.jpg',
    1,
    17
  ),
  (
    5,
    '德国',
    '北邻丹麦，西部与荷兰、比利时、卢森堡和法国接壤，南邻瑞士和奥地利，东部与捷克和波兰接壤，该国由16个联邦州组成，首都为柏林',
    '../images/ZJ/county/Germany/da.jpg',
    '../images/ZJ/county/Germany/xiao.jpg',
    1,
    17
  ),
  (
    6,
    '西班牙',
    '位于欧洲西南部的伊比利亚半岛，[1]  地处欧洲与非洲的交界处，西邻葡萄牙，北濒比斯开湾，东北部与法国及安道尔接壤，南隔直布罗陀海峡与非洲的摩洛哥相望，领土还包括地中海中的巴利阿里群岛，大西洋的加那利群岛及非洲的休达和梅利利亚',
    '../images/ZJ/county/Spanish/da.jpg',
    '../images/ZJ/county/Spanish/xiao.jpg',
    1,
    17
  ),
  (
    7,
    '瑞士',
    '北邻德国，西邻法国，南邻意大利，东邻奥地利和列支敦士登。全境以高原和山地为主，有“欧洲屋脊”之称',
    '../images/ZJ/county/Swiss/da.jpg',
    '../images/ZJ/county/Swiss/xiao.jpg',
    1,
    17
  ),
  (
    8,
    '冰岛',
    '北欧五国之一,是欧洲人口密度最小的国家。首都是雷克雅未克',
    '../images/ZJ/county/Island/da.jpg',
    '../images/ZJ/county/Island/xiao.jpg',
    1,
    16
  ),
  (
    9,
    '澳大利亚',
    '拥有很多独特的动植物和自然景观的澳大利亚，是一个奉行多元文化的移民国家',
    '../images/ZJ/county/Australia/da.jpg',
    '../images/ZJ/county/Australia/xiao.jpg',
    2,
    17
  ),
  (
    10,
    '新西兰',
    '西兰位于太平洋西南部，领土由南岛、北岛两大岛屿组成，以库克海峡分隔，南岛邻近南极洲，北岛与斐济及汤加相望。首都惠灵顿以及最大城市奥克兰均位于北岛',
    '../images/ZJ/county/NewZealand/da.jpg',
    '../images/ZJ/county/NewZealand/xiao.jpg',
    2,
    17
  ),
  (
    11,
    '美国',
    '是由华盛顿哥伦比亚特区、50个州和关岛等众多海外领土组成',
    '../images/ZJ/county/America/da.jpg',
    '../images/ZJ/county/America/xiao.jpg',
    3,
    16
  ),
  (
    12,
    '加拿大',
    '位于北美洲最北端，英联邦国家之一，素有“枫叶之国”的美誉，首都是渥太华',
    '../images/ZJ/county/Canada/da.jpg',
    '../images/ZJ/county/Canada/xiao.jpg',
    3,
    17
  ),
  (
    13,
    '墨西哥',
    '北部同美国接壤，南侧和西侧滨临太平洋，东南濒临加勒比海，与伯利兹、危地马拉接壤，东部则为墨西哥湾',
    '../images/ZJ/county/Mexican/da.jpg',
    '../images/ZJ/county/Mexican/xiao.jpg',
    3,
    17
  ),
  (
    14,
    '日本',
    '位于东亚、国名意为“日出之国”，领土由北海道、本州、四国、九州四个大岛及7200多个小岛组成，总面积37.8万平方公里',
    '../images/ZJ/county/Japan/da.jpg',
    '../images/ZJ/county/Japan/xiao.jpg',
    4,
    16
  ),
  (
    15,
    '韩国',
    '位于东亚朝鲜半岛南部,首都为首尔',
    '../images/ZJ/county/Korean/da.jpg',
    '../images/ZJ/county/Korean/xiao.jpg',
    4,
    17
  ),
  (
    16,
    '马尔代夫',
    '是印度洋上的一个岛国，也是世界上最大的珊瑚岛国。由1200余个小珊瑚岛屿组成，其中202个岛屿有人居住',
    '../images/ZJ/county/Carter/da.jpg',
    '../images/ZJ/county/Carter/xiao.jpg',
    4,
    17
  ),
  (
    17,
    '泰国',
    '位于中南半岛中部，其西部与北部和缅甸、安达曼海接壤，东北边是老挝，东南是柬埔寨，南边狭长的半岛与马来西亚相连',
    '../images/ZJ/county/Thai/da.jpg',
    '../images/ZJ/county/Thai/xiao.jpg',
    4,
    17
  ),
  (
    18,
    '新加坡',
    '隔柔佛海峡与马来西亚为邻，南隔新加坡海峡与印度尼西亚相望，毗邻马六甲海峡南口',
    '../images/ZJ/county/New/da.jpg',
    '../images/ZJ/county/New/xiao.jpg',
    4,
    17
  ),
  (
    19,
    '迪拜',
    '是阿联酋人口最多的城市，中东地区的经济和金融中心，也是中东最富有的城市，被称为中东北非地区的“贸易之都”',
    '../images/ZJ/county/Worship/da.jpg',
    '../images/ZJ/county/Worship/xiao.jpg',
    5,
    17
  ),
  (
    20,
    '以色列',
    '位于西亚黎凡特地区的国家，地处地中海东南沿岸，北靠黎巴嫩、东临叙利亚和约旦、西南则为埃及',
    '../images/ZJ/county/Lsrael/da.jpg',
    '../images/ZJ/county/Lsrael/xiao.jpg',
    5,
    17
  ) ;

/*Table structure for table `t_customer` */
DROP TABLE IF EXISTS `t_customer` ;

CREATE TABLE `t_customer` (
  `id` INT (11) NOT NULL AUTO_INCREMENT,
  `cu_introduce` VARCHAR (200) COLLATE utf8_bin DEFAULT NULL,
  `cu_orderid` INT (11) DEFAULT NULL,
  PRIMARY KEY (`id`)
) ENGINE = INNODB AUTO_INCREMENT = 7 DEFAULT CHARSET = utf8 COLLATE = utf8_bin ;

/*Data for the table `t_customer` */
INSERT INTO `t_customer` (
  `id`,
  `cu_introduce`,
  `cu_orderid`
) 
VALUES
  (
    1,
    '客户为巴萨铁杆球迷，这次旅行主要目的是去巴塞罗那主场诺坎普看球。我们为其预定了第一排的VIP席位，近距离观看了巴萨巨星们的表演。第二天还参观了巴萨罗那足球博物馆，进入了球场的更衣室，看到了俱乐部大大小小上百个奖杯。',
    1
  ),
  (
    2,
    '毛女士和先生长居上海，二位特别喜欢亲近大自然。在和我们沟通之后，确定于16年秋天前往德国，感受阿尔卑斯山的金秋美景。在瑞士，我们特意为其安排住在湖边，依山傍水，窗内是舒适与祥和，窗外是自然与平静，二位从平时繁忙的工作中得到了真正的身心放松。',
    2
  ),
  (
    3,
    '一家四口的度假之旅，全程保时捷接送，入住顶级酒店套房，其中最有特色的为亚特兰蒂斯的海底酒店，全世界仅有两间房，真正独一无二的非凡体验',
    3
  ),
  (
    4,
    '客户为3个家庭一行7人，3位小女孩是上六年级的同学，在大阪的环球影城我们安排了FAST PASS节省了很多排队的时间，东京的HELLO KITTY主题餐厅以及樱桃小丸子博物馆也让小朋友非常的开心',
    4
  ),
  (
    5,
    '客户为一对40来岁的夫妇，平时工作繁忙出去旅行的机会不多。这次安排了2个礼拜深度美西之旅，座驾凯迪拉克SUV，除了黄石公园，1号公路，以及大峡谷等经典景点，也去了羚羊峡谷，马蹄湾，布莱斯峡谷等摄影圣地。还品尝了Boiling Crab，IN-N-OUT等当地有特色的美食。',
    5
  ),
  (
    6,
    '客户为一对50岁左右的夫妇，拥有极其丰富的旅行经验，计划于2016年春节到非洲肯尼亚以及坦桑尼亚的桑给巴尔岛。除了标配的吉普车游猎，潜水等活动之外，我们为其预定了世界独一无二的长颈鹿酒店，从酒店房间就可以喂野生长颈鹿吃早餐。',
    6
  ) ;

/*Table structure for table `t_customorder` */
DROP TABLE IF EXISTS `t_customorder` ;

CREATE TABLE `t_customorder` (
  `cu_id` INT (11) NOT NULL AUTO_INCREMENT,
  `c_destination` VARCHAR (20) COLLATE utf8_bin NOT NULL,
  `c_goDate` VARCHAR (50) COLLATE utf8_bin NOT NULL,
  `c_totalPer` VARCHAR (50) COLLATE utf8_bin NOT NULL DEFAULT '1',
  `c_budget` VARCHAR (30) COLLATE utf8_bin NOT NULL,
  `c_hotel` VARCHAR (50) COLLATE utf8_bin DEFAULT NULL,
  `c_theme` VARCHAR (50) COLLATE utf8_bin DEFAULT NULL,
  `c_others` VARCHAR (50) COLLATE utf8_bin DEFAULT NULL,
  `c_notes` TEXT COLLATE utf8_bin,
  `c_nameMsg` VARCHAR (50) COLLATE utf8_bin NOT NULL,
  `c_telMsg` VARCHAR (50) COLLATE utf8_bin NOT NULL,
  `c_emailMsg` VARCHAR (50) COLLATE utf8_bin NOT NULL,
  `c_orderDate` DATE DEFAULT NULL,
  `c_state` INT (11) DEFAULT '11',
  PRIMARY KEY (`cu_id`)
) ENGINE = INNODB AUTO_INCREMENT = 19 DEFAULT CHARSET = utf8 COLLATE = utf8_bin ;

/*Data for the table `t_customorder` */
INSERT INTO `t_customorder` (
  `cu_id`,
  `c_destination`,
  `c_goDate`,
  `c_totalPer`,
  `c_budget`,
  `c_hotel`,
  `c_theme`,
  `c_others`,
  `c_notes`,
  `c_nameMsg`,
  `c_telMsg`,
  `c_emailMsg`,
  `c_orderDate`,
  `c_state`
) 
VALUES
  (
    1,
    '马尔代夫',
    '2018-03-21',
    '2',
    '1000~5000元',
    '高档型',
    '观光,会议,购物',
    '酒店,用餐,签证',
    '无',
    '王印',
    '15299878952',
    '532233356@qq.com',
    '2018-03-27',
    11
  ),
  (
    2,
    '日本',
    '2018-03-21',
    '2',
    '1000~5000元',
    '豪华型',
    '观光,会议,购物,休闲',
    '酒店,用餐,签证,机票',
    '是否包含住宿',
    '王二',
    '15299654195',
    '532425356@qq.com',
    '2018-03-27',
    11
  ),
  (
    3,
    '日本',
    '2018-03-21',
    '5',
    '20000以上',
    '舒适型',
    '观光,会议,购物,休闲',
    '酒店,用餐,签证,机票',
    '是否包含机票',
    '刘成凤',
    '15299654195',
    '532425356@qq.com',
    '2018-03-27',
    11
  ),
  (
    4,
    '日本',
    '2018-03-21',
    '5',
    '1000~5000元',
    '高档型',
    '观光,会议,购物',
    '用餐,签证,机票',
    '是否包含机票，食宿',
    '冯政豪',
    '18956541952',
    '222525356@qq.com',
    '2018-03-27',
    11
  ),
  (
    5,
    '韩国',
    '2018-03-31',
    '5',
    '5001~10000元',
    '高档型',
    '观光,会议,购物',
    '用餐,签证,机票',
    '是否包含机票，食宿',
    '谢荣',
    '15208999856',
    '45641356@qq.com',
    '2018-03-27',
    11
  ),
  (
    6,
    '韩国',
    '2018-03-31',
    '5',
    '5001~10000元',
    '高档型',
    '观光,会议,购物',
    '用餐,签证,机票',
    '是否包含机票，食宿',
    '谢荣',
    '1898552365',
    '45641356@qq.com',
    '2018-03-27',
    11
  ),
  (
    7,
    '墨西哥',
    '2018-03-24',
    '4',
    '20000以上',
    '高档型',
    '会议,休闲',
    '酒店,用餐',
    '包含住宿吗？',
    '代俊',
    '18988887756',
    '53242326413@qq.com',
    '2018-03-27',
    11
  ),
  (
    8,
    '新加坡',
    '2018-03-30',
    '4',
    '20000以上',
    '舒适型',
    '会议,休闲',
    '酒店,用餐',
    '包含机票嘛？',
    '张三',
    '18965458562',
    '5334163413@qq.com',
    '2018-03-27',
    11
  ),
  (
    9,
    '以色列',
    '2018-03-30',
    '5',
    '1000~5000元',
    '舒适型',
    '会议,休闲',
    '酒店,用餐',
    '包含机票嘛？',
    '王一',
    '18965459856',
    '53213413@qq.com',
    '2018-03-27',
    11
  ),
  (
    10,
    '英国',
    '2018-03-12',
    '3',
    '5001~10000元',
    '高档型',
    '会议,休闲,购物',
    '酒店,用餐,机票,签证',
    '包含签证吗？',
    '王一',
    '15265459856',
    '163456413@qq.com',
    '2018-03-27',
    11
  ),
  (
    11,
    '韩国',
    '2018-03-20',
    '2',
    '1000~5000元',
    '高档型',
    '观光,会议,购物',
    '用餐,酒店,机票',
    '无',
    '王印',
    '12399985658',
    '53256555@qq.com',
    '2018-03-28',
    NULL
  ),
  (
    12,
    '冰岛',
    '2018-03-20',
    '2',
    '1000~5000元',
    '舒适型',
    '休闲,观光',
    '签证,用餐',
    '',
    '谢荣',
    '15181302153',
    '2846660513@qq.com',
    '2018-03-28',
    NULL
  ),
  (
    13,
    '韩国',
    '2018-03-20',
    '1',
    '1000~5000元',
    '舒适型',
    '(NULL)休闲',
    '签证',
    NULL,
    '谢荣',
    '15222569856',
    '2456654865@qq.com',
    '2018-03-25',
    11
  ),
  (
    14,
    '澳大利亚',
    '2018-03-31',
    '4',
    '20000以上',
    '舒适型',
    '观光,会议',
    '用餐,酒店',
    '',
    '',
    '',
    '',
    '2018-03-30',
    NULL
  ),
  (
    15,
    '澳大利亚',
    '2018-03-31',
    '4',
    '20000以上',
    '舒适型',
    '观光,会议',
    '用餐,酒店',
    '',
    '',
    '',
    '',
    '2018-03-30',
    NULL
  ),
  (
    16,
    '澳大利亚',
    '2018-03-31',
    '4',
    '20000以上',
    '舒适型',
    '观光,会议',
    '用餐,酒店',
    '',
    '',
    '',
    '',
    '2018-03-30',
    NULL
  ),
  (
    17,
    '俄罗斯',
    '2018-03-28',
    '2',
    '1000~5000元',
    '舒适型',
    '观光,休闲,会议,购物',
    '机票,酒店,用餐,签证',
    'fffffffffffffffffffffffffffffffffffffffff',
    '刘千',
    '17808324052',
    '1752814820@qq.com',
    '2018-03-30',
    NULL
  ),
  (
    18,
    '马尔代夫',
    '2018-04-25',
    '2',
    '1000~5000元',
    '舒适型',
    '观光,会议',
    '用餐,酒店',
    '',
    '',
    '',
    '',
    '2018-04-03',
    NULL
  ) ;

/*Table structure for table `t_days` */
DROP TABLE IF EXISTS `t_days` ;

CREATE TABLE `t_days` (
  `id` INT (11) NOT NULL AUTO_INCREMENT,
  `da_letter` VARCHAR (11) COLLATE utf8_bin DEFAULT NULL,
  `da_most` VARCHAR (11) COLLATE utf8_bin DEFAULT NULL,
  PRIMARY KEY (`id`)
) ENGINE = INNODB AUTO_INCREMENT = 5 DEFAULT CHARSET = utf8 COLLATE = utf8_bin ;

/*Data for the table `t_days` */
INSERT INTO `t_days` (`id`, `da_letter`, `da_most`) 
VALUES
  (1, '0', '5'),
  (2, '6', '8'),
  (3, '9', '11'),
  (4, '12', '以上') ;

/*Table structure for table `t_designer` */
DROP TABLE IF EXISTS `t_designer` ;

CREATE TABLE `t_designer` (
  `id` INT (11) NOT NULL AUTO_INCREMENT,
  `d_name` VARCHAR (50) COLLATE utf8_bin NOT NULL,
  `d_label` VARCHAR (100) COLLATE utf8_bin NOT NULL,
  `d_imgSrc` VARCHAR (100) COLLATE utf8_bin NOT NULL,
  PRIMARY KEY (`id`)
) ENGINE = INNODB AUTO_INCREMENT = 6 DEFAULT CHARSET = utf8 COLLATE = utf8_bin ;

/*Data for the table `t_designer` */
INSERT INTO `t_designer` (
  `id`,
  `d_name`,
  `d_label`,
  `d_imgSrc`
) 
VALUES
  (
    1,
    'Johnny',
    '亚洲、亲子、自由行专家',
    'images/ZJ/order/Johnny.jpg'
  ),
  (
    2,
    '赵旭',
    '欧洲、澳洲、亲子游专家',
    'images/ZJ/order/ZhaoXu.jpg'
  ),
  (
    3,
    '路金',
    '欧美、高尔夫、滑雪、亲子专家',
    'images/ZJ/order/LuJing.jpg'
  ),
  (
    4,
    '张楠',
    '欧洲、定制私人旅游专家',
    'images/ZJ/order/ZhangLan.jpg'
  ),
  (
    5,
    'Julie',
    '新西兰、冰岛、亲子专家',
    'images/ZJ/order/Julie.jpg'
  ) ;

/*Table structure for table `t_designersay` */
DROP TABLE IF EXISTS `t_designersay` ;

CREATE TABLE `t_designersay` (
  `id` INT (11) NOT NULL AUTO_INCREMENT,
  `de_say` VARCHAR (300) COLLATE utf8_bin NOT NULL,
  `de_shopsid` INT (11) NOT NULL,
  `de_designerid` INT (11) NOT NULL,
  PRIMARY KEY (`id`)
) ENGINE = INNODB AUTO_INCREMENT = 36 DEFAULT CHARSET = utf8 COLLATE = utf8_bin ;

/*Data for the table `t_designersay` */
INSERT INTO `t_designersay` (
  `id`,
  `de_say`,
  `de_shopsid`,
  `de_designerid`
) 
VALUES
  (
    1,
    '合理行程：巴黎双宫+双游船+瑞吉雪山+送WIFI',
    1,
    1
  ),
  (
    2,
    '【优选航班】, 荷航团直飞白班机或阿航，两点进出，顺畅游览！,【宫堡风云】,女王行宫：温莎城堡，爱丁堡城堡，白金汉宫，爱丁堡,【自然瑰宝】,温德米尔湖区，巨人堤，都柏林凤凰公园,【人类文明】,大英博物馆，牛津大学城，西敏寺教堂，莎翁故居,【超值选择】,4.24日团期全含，全程0自费',
    2,
    2
  ),
  (
    3,
    '★光影英伦,游览众多著名经典影片取景拍摄地，重温旧日经典！,★城堡之旅,爱丁堡城堡、宝尔势格庄园，城堡故事精彩不断！,★博物馆探秘, 大英博物馆，世界四大博物馆之一，世界文明尽情探索,★名校之行,走访世界著名的大学——牛津大学，触摸知识的火花！,★超值赠送,全程配备WIFI，5人共用流量！',
    3,
    3
  ),
  (
    4,
    '重庆海航直飞罗马，不经停，可申请全国联运，巴黎凡尔赛宫，卢浮宫，塞纳河游船，五渔村，含签证服务费酒店税和特色自费项目',
    4,
    4
  ),
  (
    5,
    '优选航班,天津航空重庆直飞，一站式抵达，全国可联运；,品质住宿,国际4-5钻酒店或度假村住宿，舒适体验；,合理行程,皇后镇三晚连泊一天自由活动，冰河探险；,超值赠送,收纳包、行李打包带、每天矿泉水、澳洲转换插头；',
    5,
    5
  ),
  (
    6,
    '优选航班,天津航空重庆直飞，一站式抵达，全国可联运；,品质住宿,国际4-5钻酒店或度假村住宿，舒适体验；,合理行程,皇后镇三晚连泊一天自由活动，冰河探险；,超值赠送,收纳包、行李打包带、每天矿泉水、澳洲转换插头；',
    6,
    1
  ),
  (
    7,
    '超值赠送,金环谢镇，双庄园（卡洛明斯克庄园），叶卡捷琳娜花园,品质住宿,全程当地4钻酒店，保证您的睡眠环境,优选航班,四川航空A330白班机，成都直飞莫斯科，无转机烦恼,专业服务,专业领队全程陪同，旅行小管家帮你解决任何烦恼,购物狂欢,正规购物店，正品保障，不强消，自愿购买',
    7,
    1
  ),
  (
    8,
    '伊尔包机直飞，9小时即可抵达目的地。全程精心4钻住宿，干净舒适安全。全程含餐，西式早餐，八菜一汤特色西餐。俄皇盛世参观彼得堡罗要塞，漫步涅瓦大街。特别安排一段圣彼得堡-莫斯科内陆加飞，避免夜宿火车',
    8,
    2
  ),
  (
    9,
    '天方夜谭,首都拉巴特，菲斯古城，北非谍影之城卡萨布兰卡,阳光国度,桂尔公园（入内），圣家教堂，阿尔罕布拉宫,航海荣耀,罗卡角，里斯本，埃武拉人骨礼拜堂入内,北非花园,摩洛哥 4晚深度摩洛哥游览体验，还您一个一千零一夜,特色餐食,摩洛哥海鲜餐+特色龙虾饭',
    9,
    3
  ),
  (
    10,
    '优选航班,长沙法兰克福进，武汉直航罗马回。双点进出，不走回头,超值赠送,【塞纳河游船】，横贯巴黎，尽览塞纳河两岸风光,超值赠送,【贡多拉游船】，惬意享受穿梭“水城”威尼斯',
    10,
    3
  ),
  (
    11,
    '马进出， 直飞不中转，升级四钻住宿和美式热早；五渔村有趣的小火车，千万托斯卡纳古堡魅力舒适；享受打折季THEMALL打折村购优惠，造访五渔村，小团队，重庆上领队，中文导游服务，解决语言顾；托斯卡纳古堡酒庄，全程送WIFI 。',
    11,
    5
  ),
  (
    12,
    '西西里，这块意大利靴尖上的宝玉，拥有迷人的地中海风光、沧桑的古建筑遗迹、欧洲最大的活火山，不愧是意大利的美丽之源。“地中海的心脏”马耳他，有着独特的自然和人文景观，很好的融合了古代遗风和现代气息。',
    12,
    4
  ),
  (
    13,
    '舒适出行,境外7-9座商务车，华人司兼导,必游之地,雷克雅未克、泡蓝湖温泉,金环之旅,国家公园、地热喷泉、黄金瀑布,特色之选,朗格冰川，两大著名瀑布，维克黑沙滩，捕捉极光,刺激好玩,雪地摩托，享受风驰电挚的快感',
    13,
    4
  ),
  (
    14,
    '穿越格陵兰海，跨越北极圈，望北极冰海，朝着近北纬80°前进，追寻人类探索北极的足迹。在东格陵兰岛感受如世界尽头般的北极荒野，探索古时文化遗址，领略壮丽冰川美景!',
    14,
    2
  ),
  (
    15,
    '黄金海岸，日出时太阳斜照在沙子上就像一片黄金地，这里的日出将会是你这辈子看过最美丽的日出。大堡礁Great Barrier Reef，于1981年列入世界自然遗产，世界最大珊瑚棚，唯一从太空中可以看到的活物体。独家安排直升机往返大堡礁平台！',
    15,
    3
  ),
  (
    16,
    '从悉尼到黄金海岸，经典澳洲东海岸自驾线路，不同的是配备豪华房车与司机，让您尽情享受旅途的每一分惊喜。',
    16,
    4
  ),
  (
    17,
    '这里有湖光山色也有灯火阑珊，有归园田居也有繁华喧闹，散发着独特的魅力，等你来探寻。',
    17,
    5
  ),
  (
    18,
    '巴黎：传说中那个来了就不想走的地方，大街是繁华，小巷则是文化的遗韵。坐拥少女峰和雪朗峰的因特拉肯，有着全瑞士最好的自然景观，冬天这里是滑雪爱好者的天堂，夏天的山间野花盛开，是徒步的最好时候。',
    18,
    1
  ),
  (
    19,
    '只有巴塞罗纳这座赋有包容性的城市能够容纳天才高迪。而薰衣草彷佛是一篇专为普罗旺斯而谱的赞美诗篇，细细诉说着普罗旺斯地区无穷无尽的美丽色彩与芳香。',
    19,
    1
  ),
  (
    20,
    '独家深入欧洲大陆最西点 - 罗卡角，为人生留下值得纪念的永恒回忆罗卡角处于海拔约140米的狭窄悬崖，也是整个欧亚大陆的最西点。人们在罗卡角的山崖上建了一座灯塔和一个面向大洋的十字架。碑上以葡萄牙语写有著名的一句话：“陆止于此、海始于斯。”',
    20,
    2
  ),
  (
    21,
    '棕榈岛亚特兰蒂斯酒店的迪拜海鲜餐厅—ossiano海底餐厅,以精致美味的海鲜美食而闻名,在餐厅就餐的宾客,享受华丽美食的同时还可以欣赏到亚特兰蒂斯神奇的海底世界。',
    21,
    3
  ),
  (
    22,
    '南非北部的比林斯堡野生动物园，是南非第四大野生动物园，由于地处边境，这座野生动物园实行的是准军事化管理。让人顿生探险、猎奇、窥视，甚或追击的兴奋、冲动与神秘感。',
    22,
    4
  ),
  (
    23,
    '三八线展望台在此可以纵览朝鲜，站在海拔140米的三八线展望台圆形展望室中，向北可看到开城的松鹤山，向南可远眺汝矣岛63大厦。',
    23,
    5
  ),
  (
    24,
    '历史上，蒸汽船是育空河这个北部地区交通要道最重要交通工具，Klondike蒸汽船在大淘金时代，为白马至阿拉斯加海岸运送货物和人起到了决定性的作用，是白马的市政标志',
    24,
    1
  ),
  (
    25,
    '玛琳湖位于艾伯塔省的贾斯珀国家公园中，是一个狭长形湖泊，因湖水的颜色和位于湖中的小岛而知名，被评为世界上最上镜的湖泊之一。',
    25,
    2
  ),
  (
    26,
    '自由女神穿着古希腊风格服装，头戴光芒四射冠冕，七道尖芒象征七大洲。右手高举象征自由的火炬，左手捧着《独立宣言》；',
    26,
    3
  ),
  (
    27,
    '它是夏威夷群岛上最美丽的瀑布之一。除了拥有美丽的彩虹之外，该瀑布还以瀑布后面的一个熔岩洞闻名于世。',
    27,
    4
  ),
  (
    28,
    '好莱坞环球影城是美国加州洛杉矶的娱乐之都,汇集众多惊心动魄的美国主题公园娱乐设施、美国主题公园精彩秀场。',
    28,
    5
  ),
  (
    29,
    '它是已经发掘出的最著名最具规模的玛雅文化遗址，位于奇琴伊察大广场中央的库库尔坎金字塔是最高大的一座建筑。',
    29,
    1
  ),
  (
    30,
    '在海女们捕鱼之后休憩的海女小屋，您可以更贴切的了解海女的真实面貌，并且品尝海女新鲜捕获的海鲜',
    30,
    2
  ),
  (
    31,
    '茶道是日本最重要的传统文化之一，是将禅意、灵性、历史注入到准备茶饮的过程中，同艺术、建筑、庭园及思想融合在一起，茶禅一味，意味悠长',
    31,
    3
  ),
  (
    32,
    '观景台上瞭望卡塔、卡伦海滩依偎在眼前，海水呈现着不同层次的蓝色，远处的海一眼望不到边际。',
    32,
    4
  ),
  (
    33,
    '这座惊世骇俗的宗教建筑居然是始建于1998年的现代建筑，泰国著名建筑师Mr Chalermchai耗尽毕生心血创造了他人生中最伟大的作品',
    33,
    5
  ),
  (
    34,
    '思梦河红树林 Sungei Sebung为种类繁多的奇特野生动物提供了家园。乘坐小船沿着河道开启萤火虫之旅，将会带您回归自然。',
    34,
    1
  ),
  (
    35,
    '在哭墙聆听那些虔诚的祷告。或低声背诵着经文缅怀着民族辉煌的历史；或将写着祈祷的纸条塞入墙壁石缝间，似乎那样就可以将心愿传递到上帝心里',
    35,
    2
  ) ;

/*Table structure for table `t_evaluation` */
DROP TABLE IF EXISTS `t_evaluation` ;

CREATE TABLE `t_evaluation` (
  `id` INT (11) NOT NULL AUTO_INCREMENT,
  `ev_route` INT (11) NOT NULL,
  `ev_guide` INT (11) NOT NULL,
  `ev_hotel` INT (11) NOT NULL,
  `ev_customer` INT (11) NOT NULL,
  `ev_evaluation` TEXT COLLATE utf8_bin,
  `ev_state` INT (11) NOT NULL DEFAULT '14',
  `or_id` INT (11) NOT NULL,
  PRIMARY KEY (`id`)
) ENGINE = INNODB AUTO_INCREMENT = 7 DEFAULT CHARSET = utf8 COLLATE = utf8_bin ;

/*Data for the table `t_evaluation` */
INSERT INTO `t_evaluation` (
  `id`,
  `ev_route`,
  `ev_guide`,
  `ev_hotel`,
  `ev_customer`,
  `ev_evaluation`,
  `ev_state`,
  `or_id`
) 
VALUES
  (
    1,
    4,
    5,
    4,
    5,
    '很庆幸，我们赶在了黄石公园关闭之前去。景色真是绝美，一路深度Road trip，体验当地特色美食。在这段美丽的旅途中放下了日常忙碌的工作，完全卸下铠甲，体味一种别有风味的旅途人生，实在难得，实在太开心！感谢百悦的旅行顾问精心为我们准备的这一切！',
    14,
    1
  ),
  (
    2,
    5,
    4,
    5,
    5,
    '此次旅行让我们夫妻俩最最满意的就是导游赵旭，非常的贴心周到，为我们解决了很多旅游前心中的顾虑，使得这次旅行圆满成功。从路线的设计上看，体现出百悦为我们的精心准备，百分百的亲近大自然，蓝天下的少女峰真是美不胜收。',
    14,
    2
  ),
  (
    3,
    5,
    5,
    4,
    4,
    '这次旅行，首先，小朋友们都玩得特别开心就是最成功的地方，能看着他们这样开心快乐的玩耍，我们做大人的心里也同样充满了喜悦。然后要提一下星野度假村，真的太赞了，再加上这次旅途中细致负责的导游，我觉得这次旅行是人生中的一次宝贵收获。最后总结一下，日本绝对是一个适合带小孩子旅行的地方！',
    14,
    5
  ),
  (
    4,
    4,
    5,
    5,
    5,
    '这次旅行每家酒店都是顶级的，很有特色，其中亚特兰蒂斯的海底酒店还属之最，在海底酒店入住的那三晚，感觉我们一家人都行走在仙境之中，睡在童话里！这般感受我若不亲身体验，即便再丰富的想象力，也达不到这般境界。',
    14,
    3
  ),
  (
    5,
    5,
    5,
    5,
    5,
    '这次旅行让我们夫妻俩最最满意的就是导游赵旭，非常的贴心周到，为我们解决了很多旅游前心中的顾虑，使得这次旅行圆满成功。从路线的设计上看，体现出百悦为我们的精心准备，百分百的亲近大自然，蓝天下的少女峰真是美不胜收。',
    14,
    4
  ),
  (
    6,
    5,
    4,
    4,
    4,
    '离梅西仅5米之远，能听到教练指挥的声，同时与10万球迷共鸣，在这一刻才领略到真正的足球盛宴。曾经的憧憬、曾经的向往都在此时此刻得以实现。不经让我感想，运动是一切生命的源泉，运动给我们带来了健康和无穷的欢乐。他不仅仅是智慧的条件，是更愉快的秘诀。',
    14,
    6
  ) ;

/*Table structure for table `t_feeling` */
DROP TABLE IF EXISTS `t_feeling` ;

CREATE TABLE `t_feeling` (
  `id` INT (11) NOT NULL AUTO_INCREMENT,
  `cu_id` INT (11) NOT NULL,
  `fe_imgSrc` VARCHAR (100) COLLATE utf8_bin DEFAULT NULL,
  PRIMARY KEY (`id`)
) ENGINE = INNODB AUTO_INCREMENT = 16 DEFAULT CHARSET = utf8 COLLATE = utf8_bin ;

/*Data for the table `t_feeling` */
INSERT INTO `t_feeling` (`id`, `cu_id`, `fe_imgSrc`) 
VALUES
  (
    1,
    1,
    '../images/ZJ/feel/chang1.jpg'
  ),
  (
    2,
    1,
    '../images/ZJ/feel/chang2.jpg'
  ),
  (
    3,
    1,
    '../images/ZJ/feel/chang3.jpg'
  ),
  (
    4,
    2,
    '../images/ZJ/feel/chen.jpg'
  ),
  (
    5,
    2,
    '../images/ZJ/feel/chne.jpg'
  ),
  (6, 3, '../images/ZJ/feel/hai.jpg'),
  (
    7,
    3,
    '../images/ZJ/feel/hai2.jpg'
  ),
  (
    8,
    4,
    '../images/ZJ/feel/mei2.jpg'
  ),
  (9, 4, '../images/ZJ/feel/mei.jpg'),
  (
    10,
    4,
    '../images/ZJ/feel/mei3.jpg'
  ),
  (11, 5, '../images/ZJ/feel/r2.jpg'),
  (
    12,
    5,
    '../images/ZJ/feel/ri1.jpg'
  ),
  (
    13,
    6,
    '../images/ZJ/feel/sun.jpg'
  ),
  (
    14,
    6,
    '../images/ZJ/feel/sun2.jpg'
  ),
  (
    15,
    6,
    '../images/ZJ/feel/sun3.jpg'
  ) ;

/*Table structure for table `t_homevido` */
DROP TABLE IF EXISTS `t_homevido` ;

CREATE TABLE `t_homevido` (
  `id` INT (11) NOT NULL AUTO_INCREMENT,
  `h_vido` VARCHAR (50) COLLATE utf8_bin NOT NULL,
  `h_logoImg` VARCHAR (50) COLLATE utf8_bin NOT NULL,
  `h_bannerbg` VARCHAR (50) COLLATE utf8_bin NOT NULL,
  `h_bannerlogo` VARCHAR (50) COLLATE utf8_bin NOT NULL,
  `h_state` INT (11) NOT NULL DEFAULT '9',
  PRIMARY KEY (`id`)
) ENGINE = INNODB AUTO_INCREMENT = 2 DEFAULT CHARSET = utf8 COLLATE = utf8_bin ;

/*Data for the table `t_homevido` */
INSERT INTO `t_homevido` (
  `id`,
  `h_vido`,
  `h_logoImg`,
  `h_bannerbg`,
  `h_bannerlogo`,
  `h_state`
) 
VALUES
  (
    1,
    'images/videoBanner.mp4',
    'images/logo.png',
    'images/bannerbg.jpg',
    'images/bannerYouTrip.png',
    8
  ) ;

/*Table structure for table `t_hotstate` */
DROP TABLE IF EXISTS `t_hotstate` ;

CREATE TABLE `t_hotstate` (
  `id` INT (11) NOT NULL AUTO_INCREMENT,
  `h_hotName` VARCHAR (20) COLLATE utf8_bin NOT NULL,
  PRIMARY KEY (`id`)
) ENGINE = INNODB AUTO_INCREMENT = 3 DEFAULT CHARSET = utf8 COLLATE = utf8_bin ;

/*Data for the table `t_hotstate` */
INSERT INTO `t_hotstate` (`id`, `h_hotName`) 
VALUES
  (1, '热门'),
  (2, '非热门') ;

/*Table structure for table `t_insurance` */
DROP TABLE IF EXISTS `t_insurance` ;

CREATE TABLE `t_insurance` (
  `id` INT (11) NOT NULL AUTO_INCREMENT,
  `in_name` VARCHAR (50) COLLATE utf8_bin NOT NULL,
  `in_price` INT (11) NOT NULL,
  `in_content` TEXT COLLATE utf8_bin,
  `in_true` VARCHAR (10) COLLATE utf8_bin DEFAULT '8',
  PRIMARY KEY (`id`)
) ENGINE = INNODB AUTO_INCREMENT = 4 DEFAULT CHARSET = utf8 COLLATE = utf8_bin ;

/*Data for the table `t_insurance` */
INSERT INTO `t_insurance` (
  `id`,
  `in_name`,
  `in_price`,
  `in_content`,
  `in_true`
) 
VALUES
  (
    1,
    '中国人寿-境外旅游意外伤害综合保险1    ',
    80,
    '1、投保前请仔细阅读保险条款，尤其是“责任免除”部分。\r\n\r\n2、本产品承保出生28天-75周岁（含），未满18周岁的未成年人之身故保险金根据中国保监会关于父母为其未成年子女投保以死亡为给付保险金条件人身保险有关问题的通知的规定执行，任何不满10周岁的被保险人，其死亡保险金额不得超过人民币20万元；已满10周岁但未满18周岁的被保险人，其死亡保险金额不得超过50万元。\r\n\r\n3、投保份数：1份。\r\n\r\n4、保障区域：中国大陆境外。\r\n\r\n5、投保要求：成年人必须为本人投保；未成年人必须是其父母作为投保人。\r\n\r\n6、本产品特别约定：\r\n\r\n（1）住院津贴：100元／天，免赔3天，最长90天。\r\n\r\n（2）旅行延误：每5小时赔偿300元。\r\n\r\n（3）被劫持补偿：每24小时赔偿3000元。\r\n\r\n（4）银行卡盗刷：未成年人不适用。\r\n\r\n（5）个人行李及随身物品：每件或每套物品限额1000元。\r\n\r\n（6）行李延误：每8小时赔偿500元。\r\n\r\n（7）本产品保险期间与旅行期间相一致。境外旅行期间定义为办理出、入境手续期间。\r\n\r\n（8）若被保险人出险状况可同时适用不同保障项目，则以其中保险金额最高者为有效，被保险人不可同时获得多个保障项目的保险金。\r\n\r\n（9）本保障计划必须在被保险人离开境内日常居住地或日常工作地前投保，否则本保险单无效。 \r\n\r\n7、被保险人参加潜水跳伞攀岩探武术比赛 摔跤特技表演马、被保险人参加潜水跳伞攀岩探武术比赛 摔跤特技表演马、被保险人参加潜水跳伞攀岩探武术比赛 摔跤特技表演马、被保险人参加潜水跳伞攀岩探武术比赛 摔跤特技表演马车等高风险运动导致其身故、伤残或支出医疗费用的，保险公司不承担给付身故保险金、伤残保险金、医疗保险金或医疗补充保险金的责任。\r\n\r\n8、投保人网上缴纳保费后，保险合同即成立，本保险产品仅提供电子保单。\r\n\r\n9、本产品保费支付方式为一次性支付，投保人、被保险人可登录中国人寿官网www.e-chinalife.com或拨打咨询电话025 95519进行保单真伪验证、查询。\r\n\r\n10、理赔：被保险人出险后，请在第一时间拨打95519报案；24小时境外紧急救援热线0086 21 6129 7909\r\n\r\n11、本保险产品销售服务方为：天圆地方（北京）保险代理有限公司。\r\n\r\n12、投保人及被保险人声明及确认：\r\n\r\n投保人、被保险人同意购买且认可保险金额，并已阅读保险条款的全部内容，了解并接受条款中责任免除、退保等在内的重要事项，且投保信息填写真实正确，如有隐瞒或不实告知，愿意承担由此带来的法律责任。\r\n\r\n13、本产品由中国人寿保险股份有限公司承保\r\n\r\n\r\n\r\n本产品适用条款《国寿旅游综合人身意外伤害保险(2013版)》（国寿人险呈【2013】472号）',
    '8'
  ),
  (
    2,
    '华泰同程境外旅行保险升级版新B2（权益全面。保额升级、性价比高）',
    145,
    '同一被保人购买同一保险公司的保险，在符合赔付的情况下，如有被保日期重叠，重叠日期内只享受一次赔付计划，出游当天购买的保险生效时间为保险费用支付完成，且证件信息齐全后同程投保时间后延30分钟。 \r\n\r\n意外身故、伤残：30万\r\n\r\n旅行医疗费用：20万\r\n\r\n突发急性病身故：10万\r\n\r\n交通工具意外身故、残疾：30万\r\n\r\n住院津贴：150/天，最高13500\r\n\r\n住院探望：6千\r\n\r\n被劫持补偿：1万2千\r\n\r\n医疗运送和送返：30万\r\n\r\n身故遗体送返：15万\r\n\r\n未成年人送返：3千\r\n\r\n个人现金丢失：1千\r\n\r\n银行卡盗刷：5千\r\n\r\n个人行李及随身物品：5千\r\n\r\n托运行李损失：1千5百\r\n\r\n旅行证件丢失：5千\r\n\r\n旅程延误：每4小时起赔，最高不超过1200元',
    '8'
  ),
  (
    3,
    '太平洋同程出境意外险-基础版-1',
    75,
    '保险名称: 太平洋同程出境意外险-基础款\r\n\r\n保障内容: \r\n\r\n意外身故，意外残疾：20万。\r\n\r\n意外医疗：10万。\r\n\r\n突发急性病身故：2万。\r\n\r\n突发急性病医疗：10万。\r\n\r\n旅行延误：300元/4小时，最高不超过600元。\r\n\r\n行李延误（仅包含航空延误导致）：300元/4小时，最高不超过600元。\r\n\r\n证件遗失：协助办理新的证件的合理费用。\r\n\r\n行程取消（旅行开始后的取消）：不超过1000元。\r\n\r\n医疗转运及医疗转运回居住地：20万。\r\n\r\n遗体/骨灰送返、当地安葬费用：5万。\r\n\r\n亲属前往处理后事：5000元。\r\n\r\n安排未成年子女回国：2500元。\r\n\r\n特别说明：\r\n\r\n1、投保前请仔细阅读保险条款，尤其是“责任免除”部分。\r\n\r\n2、本产品承保年龄：0-100周岁。未满18周岁的未成年人之身故保险金根据中国保监会关于父母为其未成年子女投保以死亡为给付保险金条件人身保险有关问题的通知的规定执行。\r\n\r\n71-85周岁,其“意外身故/意外残疾及突发急性病身故”保障为上述“保险责任”中所载金额的一半，保费维持不变。\r\n\r\n86-90周岁,其“意外身故/意外残疾及突发急性病身故”，“意外伤害医疗/突发急性病医疗”，“意外伤害医疗补充/突发急性病医疗补充”保障为上述“保险责任”中所载金额的四分之一，保费维持不变。\r\n\r\n91-100周岁,其“意外身故/意外残疾及突发急性病身故”，“意外伤害医疗/突发急性病医疗”，“意外伤害医疗补充/突发急性病医疗补充”保障为上述“保险责任”中所载金额的五分之一，保费维持不变。\r\n\r\n3、投保份数：1份。\r\n\r\n4、保障区域：中国大陆境外。\r\n\r\n5、投保要求：成年人必须为本人投保；未满18周岁的未成年人的投保人必须为其父母。\r\n\r\n6、投保人网上缴纳保费后，保险合同即成立，本保险产品仅提供电子保单。\r\n\r\n7、本产品保费支付方式为一次性支付，仅提供电子保单。电子保单可在保险公司网站（http://www.cpic.com.cn/life/cn/xxpl/lsxxplbg/hlwbxxxzq/hlwbxcpxx/index.shtml）进行查询和下载。\r\n\r\n8、理赔：被保险人出险后，请在第一时间拨打中国太平洋保险全国服务热线和投诉电话95500-2报案。\r\n\r\n9、本保险产品销售服务方为：天圆地方（北京）保险代理有限公司。\r\n\r\n10、本产品由中国太平洋人寿保险股份有限公司承保，太平洋人寿目前仅在北京、上海、天津、重庆、黑龙江、吉林、辽宁、河北、山西、山东、安徽、江苏、浙江、福建、江西、广东、海南、广西、湖南、湖北、河南、云南、贵州、四川、陕西、甘肃、新疆、宁夏、内蒙古、青海、大连、宁波、厦门、青岛、深圳、常州、苏州、无锡设有分支机构。\r\n\r\n11、未经本公司审核同意，被保险人进行潜水、跳伞、滑雪、滑水、滑翔、狩猎、攀岩、探险、武术比赛、摔跤、特技表演、赛马、赛车、蹦极等高风险运动和活动导致其身故、伤残的，发生医疗费用或医疗相关费用的，本公司不承担保险条款“2.4 保险责任”中约定的“意外身故保险金”、“意外残疾保险金”、“意外医疗保险金”、“意外医疗补充保险金”的给付责任。\r\n\r\n\r\n\r\n本产品适用条款为《旅游安全人身意外伤害保险（太平洋人寿[2016]意外伤害保险039号）》、《附加旅游突发急性病医疗保险（太平洋人寿[2009]医疗保险063号）》具体详情请点击《出境游保险条款》以及安盛援助提供的相关服务：《安盛中国境外旅行期间紧急救援服务项目描述》',
    '8'
  ) ;

/*Table structure for table `t_newshare` */
DROP TABLE IF EXISTS `t_newshare` ;

CREATE TABLE `t_newshare` (
  `id` INT (11) NOT NULL AUTO_INCREMENT,
  `t_keyword` VARCHAR (100) COLLATE utf8_bin DEFAULT NULL,
  `t_title` VARCHAR (100) COLLATE utf8_bin DEFAULT NULL,
  `t_shareimgs` VARCHAR (100) COLLATE utf8_bin DEFAULT NULL,
  `t_text` TEXT COLLATE utf8_bin,
  `t_date` DATE DEFAULT NULL,
  `t_orderList` INT (11) NOT NULL,
  `t_starleveid` INT (11) NOT NULL,
  PRIMARY KEY (`id`)
) ENGINE = INNODB AUTO_INCREMENT = 6 DEFAULT CHARSET = utf8 COLLATE = utf8_bin ;

/*Data for the table `t_newshare` */
INSERT INTO `t_newshare` (
  `id`,
  `t_keyword`,
  `t_title`,
  `t_shareimgs`,
  `t_text`,
  `t_date`,
  `t_orderList`,
  `t_starleveid`
) 
VALUES
  (
    1,
    '摩罗哥',
    '情迷摩罗科',
    'fz-38.jpg,fz-39.jpg,fz-40.jpg,fz-11.jpg,fz-38.jpg,fz-39.jpg,fz-40.jpg,fz-11.jpg',
    '还有什么能够比好朋友一起来一场旅行更让人激动呢？我想没有吧！一起出海乘风破浪，一起捕鱼，玩的简直是让人乐不思蜀了，随着工作越来越忙，能够聚在一起的时间也是越来越短，趁着阳光正好微风不燥，约上好朋友出发吧！',
    '2017-02-04',
    1,
    1
  ),
  (
    2,
    '摩洛哥, 突尼斯',
    '摩洛哥突尼斯悠哉快乐之',
    'fz-73.jpg,fz-73.jpg,fz-75.jpg,fz-40.jpg,fz-11.jpg',
    '来到摩洛哥和突尼斯最让我震惊的是这两个国家的艺术性之强，特别突出的特色，2014年夏天，在Erriadh 小镇举办了涂鸦艺术展，邀请100多位来自世界各地的涂鸦艺术家，在突尼斯，法籍突尼斯艺术家Mehdi Ben Cheikh和他的画廊Galerie Itinerrance，与当地政府合作...',
    '2017-02-02',
    2,
    1
  ),
  (
    3,
    '阿根廷',
    '世界这么大，怎能不去看看呢',
    'fz-76.jpg,fz-77.jpg,fz-78.jpg,fz-40.jpg,fz-11.jpg',
    '还有什么能够比好朋友一起来一场旅行更让人激动呢？我想没有吧！一起出海乘风破浪，一起捕鱼，玩的简直是让人乐不思蜀了，随着工作越来越忙，能够聚在一起的时间也是越来越短，趁着阳光正好微风不燥，约上好朋友出发吧！',
    '2017-02-03',
    3,
    3
  ),
  (
    4,
    '埃及',
    '别样角度品味埃及的魅力',
    'fz-83.jpg,fz-84.jpg,fz-85.jpg,fz-40.jpg,fz-11.jpg',
    '如果有一种地方能够带给你一种天然的熟悉感的话，那一定是埃及，古老而神秘的面纱下，究竟有多少不为人知的秘密呢？穿越千年的风沙，品味那一抹灿烂的斜阳，在这里我感觉人生也不过如此......',
    '2017-02-04',
    4,
    4
  ),
  (
    5,
    '摩罗哥',
    '情迷摩洛哥',
    'fz-38.jpg,fz-39.jpg,fz-40.jpg,fz-40.jpg,fz-11.jpg',
    '还有什么能够比好朋友一起来一场旅行更让人激动呢？我想没有吧！一起出海乘风破浪，一起捕鱼，玩的简直是让人乐不思蜀了，随着工作越来越忙，能够聚在一起的时间也是越来越短，趁着阳光正好微风不燥，约上好朋友出发吧！',
    '2017-02-04',
    1,
    2
  ) ;

/*Table structure for table `t_orderlist` */
DROP TABLE IF EXISTS `t_orderlist` ;

CREATE TABLE `t_orderlist` (
  `id` INT (11) NOT NULL AUTO_INCREMENT,
  `or_num` VARCHAR (50) COLLATE utf8_bin DEFAULT NULL,
  `or_orderName` VARCHAR (20) COLLATE utf8_bin DEFAULT NULL,
  `or_tel` VARCHAR (30) COLLATE utf8_bin DEFAULT NULL,
  `or_ID` VARCHAR (30) COLLATE utf8_bin DEFAULT NULL,
  `or_email` VARCHAR (30) COLLATE utf8_bin DEFAULT NULL,
  `or_peopleTotal` VARCHAR (20) COLLATE utf8_bin DEFAULT NULL,
  `or_orderDate` DATE DEFAULT NULL,
  `or_startDate` DATE DEFAULT NULL,
  `or_shopid` INT (11) DEFAULT NULL,
  `or_userId` INT (11) DEFAULT NULL,
  `or_state` INT (11) DEFAULT '1',
  `or_caseTrue` INT (11) DEFAULT '11',
  `or_price` VARCHAR (100) COLLATE utf8_bin DEFAULT NULL,
  `or_insuranceId` INT (11) DEFAULT NULL,
  `or_cancelId` INT (11) DEFAULT NULL,
  PRIMARY KEY (`id`)
) ENGINE = INNODB AUTO_INCREMENT = 59 DEFAULT CHARSET = utf8 COLLATE = utf8_bin ;

/*Data for the table `t_orderlist` */
INSERT INTO `t_orderlist` (
  `id`,
  `or_num`,
  `or_orderName`,
  `or_tel`,
  `or_ID`,
  `or_email`,
  `or_peopleTotal`,
  `or_orderDate`,
  `or_startDate`,
  `or_shopid`,
  `or_userId`,
  `or_state`,
  `or_caseTrue`,
  `or_price`,
  `or_insuranceId`,
  `or_cancelId`
) 
VALUES
  (
    1,
    'A201812170504',
    '刘成凤',
    '15151515151',
    '511222222222222222',
    '222@qq.com',
    '5',
    '2012-12-02',
    '2012-12-15',
    1,
    1,
    4,
    10,
    NULL,
    1,
    1
  ),
  (
    2,
    'A201832154514',
    '冯政豪',
    '15151515151',
    '533333333333333333',
    '3333@qq.com',
    '3',
    '2013-02-03',
    '2013-09-09',
    4,
    2,
    4,
    10,
    NULL,
    2,
    NULL
  ),
  (
    3,
    'A201832641504',
    '王印',
    '15151515151',
    '533333333333333313',
    '6666@qq.com',
    '6',
    '2014-09-09',
    '2015-09-09',
    7,
    3,
    4,
    10,
    NULL,
    1,
    1
  ),
  (
    4,
    'A201882670504',
    '朱婕',
    '12512155421',
    '533333985212233214',
    '541@qq.com',
    '7',
    '2018-03-01',
    '2018-03-08',
    9,
    4,
    4,
    10,
    NULL,
    2,
    1
  ),
  (
    7,
    'A201968415131',
    '谢荣',
    '12355556698',
    '511322199532221554',
    '1041@qq.com',
    '5',
    '2018-05-01',
    '2018-04-04',
    15,
    6,
    4,
    11,
    NULL,
    3,
    NULL
  ),
  (
    8,
    'A201832674654',
    '王印',
    '15151515151',
    '533333333333333313',
    '6666@qq.com',
    '5',
    '2018-04-05',
    '2018-04-10',
    18,
    3,
    5,
    11,
    NULL,
    1,
    1
  ),
  (
    9,
    'A205416874456',
    '谢荣',
    '12355556698',
    '511322199532221554',
    '1041@qq.com',
    '3',
    '2018-05-01',
    '2018-04-04',
    22,
    6,
    7,
    11,
    NULL,
    2,
    NULL
  ),
  (
    10,
    'A201831525441',
    '朱婕',
    '12512155421',
    '533333985212233214',
    '541@qq.com',
    '2',
    '2018-05-01',
    '2018-04-04',
    30,
    4,
    5,
    11,
    NULL,
    3,
    1
  ),
  (
    19,
    'A201832940015',
    '王印',
    '15299985658',
    NULL,
    '566895496@qq.com',
    NULL,
    '2018-03-29',
    '2018-04-04',
    30,
    3,
    1,
    11,
    NULL,
    NULL,
    NULL
  ),
  (
    20,
    'A2018329107680',
    '王印',
    '15299985658',
    NULL,
    '566895496@qq.com',
    NULL,
    '2018-03-29',
    '2018-04-04',
    30,
    3,
    1,
    11,
    NULL,
    NULL,
    NULL
  ),
  (
    21,
    'A201832929492',
    '王印',
    '15299985658',
    NULL,
    '566895496@qq.com',
    NULL,
    '2018-03-29',
    '2018-04-04',
    30,
    3,
    1,
    11,
    NULL,
    NULL,
    NULL
  ),
  (
    22,
    'A201832993036',
    '王印',
    '15299985658',
    NULL,
    '566895496@qq.com',
    NULL,
    '2018-03-29',
    '2018-04-04',
    30,
    3,
    1,
    11,
    NULL,
    NULL,
    NULL
  ),
  (
    23,
    'A201833094874',
    '王二',
    '15899965885',
    NULL,
    '566895496@qq.com',
    NULL,
    '2018-03-30',
    '2018-04-04',
    30,
    4,
    1,
    11,
    NULL,
    NULL,
    NULL
  ),
  (
    24,
    'A201833058439',
    'ww',
    '12599956895',
    NULL,
    '532566698@qq.com',
    '3',
    '2018-03-30',
    '2018-03-31',
    30,
    NULL,
    1,
    11,
    '49365',
    NULL,
    NULL
  ),
  (
    25,
    'A201833071336',
    'ww',
    '12599956895',
    NULL,
    '532566698@qq.com',
    '3',
    '2018-03-30',
    '2018-03-31',
    NULL,
    NULL,
    1,
    11,
    '49365',
    NULL,
    NULL
  ),
  (
    26,
    'A201833052241',
    'ww',
    '12599956895',
    NULL,
    '532566698@qq.com',
    '3',
    '2018-03-30',
    '2018-03-31',
    NULL,
    NULL,
    1,
    11,
    '49365',
    NULL,
    NULL
  ),
  (
    27,
    'A201833081959',
    '',
    '',
    NULL,
    '',
    '2',
    '2018-03-30',
    '2018-03-31',
    NULL,
    NULL,
    1,
    11,
    'undefined',
    NULL,
    NULL
  ),
  (
    28,
    'A201833032080',
    'dafa',
    '',
    NULL,
    '',
    '2',
    '2018-03-30',
    '2018-03-31',
    NULL,
    NULL,
    1,
    11,
    'undefined',
    NULL,
    NULL
  ),
  (
    29,
    'A201833023833',
    'dafa',
    '',
    NULL,
    '',
    '2',
    '2018-03-30',
    '2018-03-31',
    NULL,
    NULL,
    1,
    11,
    'undefined',
    NULL,
    NULL
  ),
  (
    30,
    'A201833077675',
    'dafa',
    '',
    NULL,
    '',
    '2',
    '2018-03-30',
    '2018-03-31',
    NULL,
    NULL,
    1,
    11,
    'undefined',
    NULL,
    NULL
  ),
  (
    31,
    'A2018330101999',
    'dafa',
    '',
    NULL,
    '',
    '2',
    '2018-03-30',
    '2018-03-31',
    NULL,
    NULL,
    1,
    11,
    'undefined',
    NULL,
    NULL
  ),
  (
    32,
    'A201833070507',
    '',
    '',
    NULL,
    '',
    '2',
    '2018-03-30',
    '2018-03-31',
    NULL,
    NULL,
    1,
    11,
    'undefined',
    NULL,
    NULL
  ),
  (
    33,
    'A201833043370',
    'saaf',
    'adf',
    NULL,
    'adf',
    '2',
    '2018-03-30',
    '2018-03-31',
    NULL,
    NULL,
    1,
    11,
    'undefined',
    NULL,
    NULL
  ),
  (
    34,
    'A201833029547',
    '张三',
    '15988896589',
    NULL,
    '46541631@qq.com',
    '2',
    '2018-03-30',
    '2018-03-31',
    NULL,
    NULL,
    1,
    11,
    'undefined',
    NULL,
    NULL
  ),
  (
    35,
    'A201833045945',
    '张三',
    '15988896589',
    NULL,
    '46541631@qq.com',
    '2',
    '2018-03-30',
    '2018-03-31',
    NULL,
    NULL,
    1,
    11,
    'undefined',
    NULL,
    NULL
  ),
  (
    36,
    'A201833017741',
    '李四',
    '18955569985',
    NULL,
    '64324w684@qq.com',
    '2',
    '2018-03-30',
    '2018-03-31',
    NULL,
    NULL,
    1,
    11,
    'undefined',
    NULL,
    NULL
  ),
  (
    37,
    'A201833051351',
    '李四',
    '18955569985',
    NULL,
    '64324w684@qq.com',
    '2',
    '2018-03-30',
    '2018-03-31',
    NULL,
    NULL,
    1,
    11,
    'undefined',
    NULL,
    NULL
  ),
  (
    38,
    'A201833094723',
    'wang',
    '12355598889',
    NULL,
    '6456541351@qq.com',
    '2',
    '2018-03-30',
    '2018-03-31',
    NULL,
    NULL,
    1,
    11,
    '29100',
    NULL,
    NULL
  ),
  (
    39,
    'A201833057736',
    '小刘',
    '18955569989',
    NULL,
    '532566556@qq.com',
    '4',
    '2018-03-30',
    '2018-04-06',
    NULL,
    NULL,
    1,
    11,
    '59080',
    NULL,
    NULL
  ),
  (
    40,
    'A201833067368',
    '小刘',
    '18955569989',
    NULL,
    '532566556@qq.com',
    '4',
    '2018-03-30',
    '2018-04-06',
    NULL,
    NULL,
    1,
    11,
    '59080',
    NULL,
    NULL
  ),
  (
    41,
    'A2018330101797',
    '张珊',
    '18999985698',
    NULL,
    '4634516@qq.com',
    '3',
    '2018-03-30',
    '2018-04-14',
    NULL,
    NULL,
    1,
    11,
    '42365',
    NULL,
    NULL
  ),
  (
    42,
    'A201833026181',
    '张珊',
    '18999985698',
    NULL,
    '4634516@qq.com',
    '3',
    '2018-03-30',
    '2018-04-14',
    NULL,
    NULL,
    1,
    11,
    '42365',
    NULL,
    NULL
  ),
  (
    43,
    'A201833052549',
    '张珊',
    '18999985698',
    NULL,
    '4634516@qq.com',
    '3',
    '2018-03-30',
    '2018-04-14',
    NULL,
    NULL,
    1,
    11,
    '42365',
    NULL,
    NULL
  ),
  (
    44,
    'A201833046732',
    '王一',
    '18988896589',
    NULL,
    '54654161@qq.com',
    '4',
    '2018-03-30',
    '2018-04-18',
    NULL,
    NULL,
    1,
    11,
    '58820',
    NULL,
    NULL
  ),
  (
    45,
    'A201833056971',
    '张三',
    '16846148852',
    NULL,
    '63512651@qq.com',
    '3',
    '2018-03-30',
    '2018-03-31',
    NULL,
    NULL,
    1,
    11,
    '99065',
    NULL,
    NULL
  ),
  (
    46,
    'A201833028008',
    '小明',
    '18988896536',
    NULL,
    '4163416345@qq.com',
    '3',
    '2018-03-30',
    '2018-04-28',
    NULL,
    NULL,
    1,
    11,
    '99065',
    NULL,
    NULL
  ),
  (
    47,
    'A201833071741',
    '小明',
    '18988896536',
    NULL,
    '4163416345@qq.com',
    '3',
    '2018-03-30',
    '2018-04-28',
    NULL,
    NULL,
    1,
    11,
    '99065',
    NULL,
    NULL
  ),
  (
    48,
    'A201833098525',
    '张三',
    '18988896589',
    NULL,
    '568899855@qq.com',
    '3',
    '2018-03-30',
    '2018-04-21',
    NULL,
    NULL,
    1,
    11,
    '95550',
    NULL,
    NULL
  ),
  (
    49,
    'A201833014850',
    '李四',
    '1895562563',
    NULL,
    '64534634@qq.com',
    '2',
    '2018-03-30',
    '2018-04-21',
    NULL,
    NULL,
    1,
    11,
    'undefined',
    NULL,
    NULL
  ),
  (
    50,
    'A201833080090',
    '小刘',
    '15299965896',
    NULL,
    '53698555@qq.com',
    '3',
    '2018-03-30',
    '2018-03-31',
    NULL,
    NULL,
    1,
    11,
    '109865',
    NULL,
    NULL
  ),
  (
    51,
    'A201833060413',
    '',
    '',
    NULL,
    '',
    '2',
    '2018-03-30',
    '2018-03-31',
    NULL,
    NULL,
    1,
    11,
    '70600',
    NULL,
    NULL
  ),
  (
    52,
    'A201833024806',
    '',
    '',
    NULL,
    '',
    '2',
    '2018-03-30',
    '2018-03-30',
    NULL,
    NULL,
    1,
    11,
    '25436',
    NULL,
    NULL
  ),
  (
    53,
    'A201833087182',
    '刘倩',
    '178083240152',
    NULL,
    '1752814820@qq.com',
    '2',
    '2018-03-30',
    '2018-03-31',
    NULL,
    NULL,
    1,
    11,
    '74400',
    NULL,
    NULL
  ),
  (
    54,
    'A201833061014',
    '诸恶',
    '13881818852',
    NULL,
    '2621313227@qq.com',
    '3',
    '2018-03-30',
    '2018-03-31',
    NULL,
    NULL,
    1,
    11,
    '63657',
    NULL,
    NULL
  ),
  (
    55,
    'A201833081314',
    '',
    '',
    NULL,
    '',
    '2',
    '2018-03-30',
    '2018-03-31',
    NULL,
    NULL,
    1,
    11,
    '32838',
    NULL,
    NULL
  ),
  (
    56,
    'A20184341492',
    '',
    '',
    NULL,
    '',
    '3',
    '2018-04-03',
    '2018-04-05',
    NULL,
    NULL,
    1,
    11,
    '101165',
    NULL,
    NULL
  ),
  (
    57,
    'A201843109755',
    '',
    '',
    NULL,
    '',
    '2',
    '2018-04-03',
    '2018-04-07',
    NULL,
    NULL,
    1,
    11,
    '26278',
    NULL,
    NULL
  ),
  (
    58,
    'A20184345460',
    '',
    '',
    NULL,
    '',
    '2',
    '2018-04-03',
    '2018-04-14',
    NULL,
    NULL,
    1,
    11,
    '62210',
    NULL,
    NULL
  ) ;

/*Table structure for table `t_orderstate` */
DROP TABLE IF EXISTS `t_orderstate` ;

CREATE TABLE `t_orderstate` (
  `id` INT (11) NOT NULL AUTO_INCREMENT,
  `or_stateName` VARCHAR (10) COLLATE utf8_bin DEFAULT NULL,
  PRIMARY KEY (`id`)
) ENGINE = INNODB AUTO_INCREMENT = 19 DEFAULT CHARSET = utf8 COLLATE = utf8_bin ;

/*Data for the table `t_orderstate` */
INSERT INTO `t_orderstate` (`id`, `or_stateName`) 
VALUES
  (1, '审核中'),
  (2, '去支付'),
  (3, '待出行'),
  (4, '已出行'),
  (5, '退款中'),
  (6, '已退款'),
  (7, '已取消'),
  (8, '上架'),
  (9, '下架'),
  (10, '是'),
  (11, '否'),
  (12, '已启用'),
  (13, '未启用'),
  (14, '再次预定'),
  (15, '不再次预定'),
  (16, '热门'),
  (17, '非热门'),
  (18, '已付款') ;

/*Table structure for table `t_price` */
DROP TABLE IF EXISTS `t_price` ;

CREATE TABLE `t_price` (
  `id` INT (11) NOT NULL AUTO_INCREMENT,
  `pr_letter` VARCHAR (11) COLLATE utf8_bin DEFAULT NULL,
  `pr_most` VARCHAR (11) COLLATE utf8_bin DEFAULT NULL,
  PRIMARY KEY (`id`)
) ENGINE = INNODB AUTO_INCREMENT = 5 DEFAULT CHARSET = utf8 COLLATE = utf8_bin ;

/*Data for the table `t_price` */
INSERT INTO `t_price` (`id`, `pr_letter`, `pr_most`) 
VALUES
  (1, '0', '7999'),
  (2, '8000', '19999'),
  (3, '20000', '29999'),
  (4, '30000', '以上') ;

/*Table structure for table `t_rating` */
DROP TABLE IF EXISTS `t_rating` ;

CREATE TABLE `t_rating` (
  `id` INT (11) NOT NULL AUTO_INCREMENT,
  `ra_stateName` VARCHAR (20) COLLATE utf8_bin DEFAULT NULL,
  PRIMARY KEY (`id`)
) ENGINE = INNODB AUTO_INCREMENT = 6 DEFAULT CHARSET = utf8 COLLATE = utf8_bin ;

/*Data for the table `t_rating` */
INSERT INTO `t_rating` (`id`, `ra_stateName`) 
VALUES
  (1, '非常不满意'),
  (2, '不满意'),
  (3, '良好'),
  (4, '满意'),
  (5, '非常满意') ;

/*Table structure for table `t_recommend` */
DROP TABLE IF EXISTS `t_recommend` ;

CREATE TABLE `t_recommend` (
  `id` INT (11) NOT NULL AUTO_INCREMENT,
  `t_routeid` INT (11) DEFAULT NULL,
  `t_id` INT (11) DEFAULT NULL,
  PRIMARY KEY (`id`)
) ENGINE = INNODB AUTO_INCREMENT = 5 DEFAULT CHARSET = utf8 COLLATE = utf8_bin ;

/*Data for the table `t_recommend` */
INSERT INTO `t_recommend` (`id`, `t_routeid`, `t_id`) 
VALUES
  (1, 1, 1),
  (2, 2, 2),
  (3, 3, 3),
  (4, 4, 4) ;

/*Table structure for table `t_rolelist` */
DROP TABLE IF EXISTS `t_rolelist` ;

CREATE TABLE `t_rolelist` (
  `id` INT (11) NOT NULL AUTO_INCREMENT,
  `r_role` VARCHAR (20) COLLATE utf8_bin DEFAULT NULL,
  `r_des` TEXT COLLATE utf8_bin,
  PRIMARY KEY (`id`)
) ENGINE = INNODB AUTO_INCREMENT = 3 DEFAULT CHARSET = utf8 COLLATE = utf8_bin ;

/*Data for the table `t_rolelist` */
INSERT INTO `t_rolelist` (`id`, `r_role`, `r_des`) 
VALUES
  (
    1,
    '超级管理员',
    '拥有至高无上的权限'
  ),
  (
    2,
    '普通管理员',
    '拥有至高无上的权限'
  ) ;

/*Table structure for table `t_season` */
DROP TABLE IF EXISTS `t_season` ;

CREATE TABLE `t_season` (
  `id` INT (11) NOT NULL AUTO_INCREMENT,
  `s_name` VARCHAR (20) COLLATE utf8_bin DEFAULT NULL,
  PRIMARY KEY (`id`)
) ENGINE = INNODB AUTO_INCREMENT = 5 DEFAULT CHARSET = utf8 COLLATE = utf8_bin ;

/*Data for the table `t_season` */
INSERT INTO `t_season` (`id`, `s_name`) 
VALUES
  (1, '春季'),
  (2, '夏季'),
  (3, '秋季'),
  (4, '冬季') ;

/*Table structure for table `t_seasonabout` */
DROP TABLE IF EXISTS `t_seasonabout` ;

CREATE TABLE `t_seasonabout` (
  `id` INT (11) NOT NULL AUTO_INCREMENT,
  `sa_seaid` INT (11) NOT NULL,
  `sa_shopid` INT (11) NOT NULL,
  PRIMARY KEY (`id`)
) ENGINE = INNODB AUTO_INCREMENT = 103 DEFAULT CHARSET = utf8 COLLATE = utf8_bin ;

/*Data for the table `t_seasonabout` */
INSERT INTO `t_seasonabout` (`id`, `sa_seaid`, `sa_shopid`) 
VALUES
  (1, 1, 1),
  (2, 2, 1),
  (3, 3, 1),
  (4, 4, 1),
  (5, 1, 2),
  (6, 2, 2),
  (7, 3, 2),
  (8, 4, 2),
  (9, 1, 3),
  (10, 2, 3),
  (11, 3, 3),
  (12, 4, 3),
  (13, 1, 4),
  (14, 2, 4),
  (15, 3, 4),
  (16, 4, 4),
  (17, 3, 5),
  (18, 1, 6),
  (19, 3, 6),
  (20, 4, 6),
  (21, 2, 7),
  (22, 2, 8),
  (23, 2, 9),
  (24, 3, 9),
  (25, 1, 10),
  (26, 2, 10),
  (27, 3, 10),
  (28, 1, 11),
  (29, 2, 11),
  (30, 3, 11),
  (31, 1, 12),
  (32, 2, 12),
  (33, 3, 12),
  (34, 1, 13),
  (35, 2, 13),
  (36, 2, 14),
  (37, 1, 15),
  (38, 2, 15),
  (39, 3, 15),
  (40, 4, 15),
  (41, 1, 16),
  (42, 2, 16),
  (43, 3, 16),
  (44, 4, 16),
  (45, 3, 17),
  (46, 4, 17),
  (47, 2, 18),
  (48, 3, 18),
  (49, 4, 18),
  (50, 1, 19),
  (51, 2, 19),
  (52, 3, 19),
  (53, 4, 19),
  (54, 1, 20),
  (55, 3, 20),
  (56, 1, 21),
  (57, 2, 21),
  (58, 3, 22),
  (59, 4, 22),
  (60, 2, 23),
  (61, 3, 23),
  (62, 1, 24),
  (63, 2, 24),
  (64, 3, 24),
  (65, 4, 24),
  (66, 3, 25),
  (67, 4, 25),
  (68, 1, 26),
  (69, 2, 26),
  (70, 3, 26),
  (71, 4, 26),
  (72, 2, 27),
  (73, 3, 27),
  (74, 1, 28),
  (75, 2, 28),
  (76, 3, 28),
  (77, 4, 28),
  (78, 3, 29),
  (79, 4, 29),
  (80, 1, 30),
  (81, 2, 30),
  (82, 4, 30),
  (83, 3, 30),
  (84, 1, 31),
  (85, 2, 31),
  (86, 3, 31),
  (87, 4, 31),
  (88, 1, 32),
  (89, 2, 32),
  (90, 3, 32),
  (91, 4, 32),
  (92, 1, 34),
  (93, 3, 34),
  (94, 2, 34),
  (95, 4, 34),
  (96, 1, 35),
  (97, 2, 35),
  (98, 3, 35),
  (99, 1, 33),
  (100, 2, 33),
  (101, 3, 33),
  (102, 4, 33) ;

/*Table structure for table `t_shops` */
DROP TABLE IF EXISTS `t_shops` ;

CREATE TABLE `t_shops` (
  `id` INT (11) NOT NULL AUTO_INCREMENT,
  `s_name` TEXT COLLATE utf8_bin NOT NULL,
  `s_go` VARCHAR (50) COLLATE utf8_bin NOT NULL,
  `s_destination` VARCHAR (50) COLLATE utf8_bin NOT NULL,
  `s_teamNumber` INT (11) NOT NULL,
  `s_price` INT (11) NOT NULL,
  `s_day` INT (11) NOT NULL,
  `s_shopkey` VARCHAR (300) COLLATE utf8_bin NOT NULL,
  `s_seasonsay` VARCHAR (300) COLLATE utf8_bin NOT NULL,
  `s_productdec` VARCHAR (300) COLLATE utf8_bin NOT NULL,
  `s_designerid` INT (11) NOT NULL,
  `s_country` INT (11) NOT NULL,
  `s_true` INT (11) NOT NULL DEFAULT '8',
  `s_jing` VARCHAR (50) COLLATE utf8_bin DEFAULT NULL,
  `s_hotState` INT (11) DEFAULT '2',
  PRIMARY KEY (`id`)
) ENGINE = INNODB AUTO_INCREMENT = 38 DEFAULT CHARSET = utf8 COLLATE = utf8_bin ;

/*Data for the table `t_shops` */
INSERT INTO `t_shops` (
  `id`,
  `s_name`,
  `s_go`,
  `s_destination`,
  `s_teamNumber`,
  `s_price`,
  `s_day`,
  `s_shopkey`,
  `s_seasonsay`,
  `s_productdec`,
  `s_designerid`,
  `s_country`,
  `s_true`,
  `s_jing`,
  `s_hotState`
) 
VALUES
  (
    1,
    ' 牛津大学入内、温莎城堡、温德米尔湖、巨人路、凤凰公园、柴郡奥克斯、爱丁堡城堡、WIFI、部分团期全',
    '全国',
    '伦敦',
    10,
    14899,
    8,
    '布宜诺斯艾利斯，埃尔卡拉法特，萨尔塔,卡法亚特，圣萨尔瓦多，德胡胡伊，伊瓜苏，深入阿根廷，埃尔卡拉法特，冰川，安第斯山，莫雷诺冰川，伊瓜苏瀑布',
    '英国属海洋性温带阔叶林气候，总体比较温和，冬暖夏凉，季节温度变化不显著 ；一年中最美的时间是5月和6月，万紫千红的各种花草一齐绽放。这里的春夏季天气晴朗少雨，5月和6月之后，较为理想的日子是7月和8月。',
    '酒店全程精选4钻+舌尖美食升级6菜1汤+特别安排英国传统快餐鱼和薯条\r\n英格兰漫笔：双古堡入内——温莎古堡+爱丁堡城堡\r\n牛津大学、大英博物馆、莎翁故居、比斯特购物村、科兹沃尔德-水上伯顿、温德米尔湖区',
    1,
    1,
    8,
    ' -0.118568,51.511928',
    1
  ),
  (
    2,
    '大英博物馆，温莎古堡，比斯特购物村，牛津，剑桥，宝尔势格庄园，约克大教堂，温德米尔湖区，爱丁堡城堡',
    '全国',
    '爱尔兰',
    10,
    16199,
    12,
    '基督城，蒂卡波，瓦纳卡，皇后镇，但尼丁，奥马鲁，农场，羊驼，新西兰美食，星空小镇，皇后镇，水果小镇',
    '一年中最美的时间是5月和6月，万紫千红的各种花草一齐绽放。这里的春夏季（4-9月）天气晴朗少雨，5月和6月之后，较为理想的日子是7月和8月。 一年中以这两个月天气最好，白昼长，晴天也多，十分适合旅行。',
    '舒适交通：\r\n选用英国航空公司成都直达伦敦，相比经由其它国家转机的时间，节约了近十个小时的中转时间；\r\n美景包揽：\r\n 恬静的爱丁堡、动感的曼彻斯特、唯美的温德米尔湖区；\r\n参观爱丁堡城堡、游览大英博物馆 ；\r\n\r\n走访世界 著名的大学-牛津；\r\n带您深入悠久历史与现代并存的理想之都-伦敦；\r\n赠送WIFI: 5人共享128K',
    2,
    1,
    8,
    '-0.193379,51.512848',
    1
  ),
  (
    3,
    '国航直飞，拒签全退，含签证，含服务费，酒店税，瑞吉山，双宫入内，双游船，wifi使用',
    '全国',
    '卢森堡',
    10,
    11499,
    10,
    'Kifi农庄，凯库拉，哈斯特，基督城，奥克兰，怀托莫溶洞，惠灵顿，格雷茅斯，汤加里罗，派提亚，瓦纳卡，皇后镇，皮克顿，福克斯冰川，罗托鲁瓦，马尔堡，自然王国，南岛冰川，皇后镇',
    '到巴黎旅行，天气是比较不重要的因素。巴黎四季气候温和，夏天最高温度很少超过25℃，冬天的最低气温通常也在0℃以上。',
    '【含自费 含签证费 服务费和酒店税】【全程三~四钻酒店，意大利4钻】【巴黎双宫入内（卢浮宫+凡尔赛宫）， 双游船（塞纳河游船+黄金大运河游船） ，科尔玛 ， “邮票之国”称号的列支敦士登 ，瑞吉雪山，滴滴湖 法国深度游：巴黎加枫丹白露 蒙帕纳斯 巴黎圣母院】【全程移动WIFI（5人共用】【法国签证】',
    3,
    5,
    8,
    '9.99036,53.568409',
    2
  ),
  (
    4,
    '海航重庆直飞往返、含签导费、自费包、五渔村小火车、巴黎2天、罗马深度游、卢浮宫凡尔赛宫、巴黎自由活动',
    '全国',
    '罗马',
    10,
    12499,
    12,
    '布宜诺斯艾利斯，埃尔卡拉法特，萨尔塔,卡法亚特，圣萨尔瓦多，德胡胡伊，伊瓜苏，深入阿根廷，埃尔卡拉法特，冰川，安第斯山，莫雷诺冰川，伊瓜苏瀑布',
    '到巴黎旅行，天气是比较不重要的因素。巴黎四季气候温和，夏天最高温度很少超过25℃，冬天的最低气温通常也在0℃以上。',
    '【海南航空+可付费申请全国联运】+【含自费+含签证费+服务费和酒店税】+【全程三~四钻酒店，意大利四钻】+【五渔村小火车+巴黎双宫入内（卢浮宫+凡尔赛宫）+塞纳河游船+罗马深度游】+【意大利风味餐】+【意大利签证】',
    4,
    5,
    8,
    '9.980479,53.568495',
    2
  ),
  (
    5,
    '<+冰川湖+米弗峡湾+萤火虫+库克山国家公园10日7晚休闲纯净之旅+12人内精致小团> 重庆直飞可联',
    '全国',
    '斐济',
    10,
    20999,
    12,
    '基督城,蒂卡波,瓦纳卡,皇后镇,但尼丁,奥马鲁,农场,羊驼,新西兰美食,星空小镇,皇后镇,水果小镇',
    '当北半球的我们正在享受着春天阳光的沐浴时，南半球的新西兰进入了色彩斑斓的秋季。就像上帝打翻了调色板。欣赏新西兰秋色最佳季节为3-5月，此时也刚好过了新西兰旅游最旺的季节，相对游人较少，机票和酒店价格相对更加实惠。错过游人如织 肆意拥抱南岛醉人秋色吧！',
    '1:指环王三部曲中展现的神奇中土世界大部分在此地取景拍摄：金色的平原、矗立的山峦，还有迷人的山谷，经过电影无缝剪辑的魔法，神奇般地变成了异域仙境般的中土世界。梦幻皇后镇：皇后镇连续住宿3晚，留足一天自由活动时间，深度任性，享受真正的悠闲度假体验；乘坐skyline天际缆车，俯瞰皇后镇，并在上面享用丰盛自助餐。',
    5,
    10,
    8,
    '174.788495,-41.332897',
    1
  ),
  (
    6,
    '毛利文化村，爱歌顿农庄，蓝色海洋路，天堂农庄剪羊毛表演，华纳电影城',
    '全国',
    '奥克兰',
    10,
    20799,
    10,
    'Kifi农庄，凯库拉，哈斯特，基督城，奥克兰，怀托莫溶洞，惠灵顿，格雷茅斯，汤加里罗，派提亚，瓦纳卡，皇后镇，皮克顿，福克斯冰川，罗托鲁瓦，马尔堡，自然王国，南岛冰川，皇后镇',
    '3月-5月，9月-11月，气候温暖，是最佳旅行季节。旅游高峰期是12月20至次年1月中旬，热门酒店一定要提前预订房间。',
    '1伊甸山是一座死火山，形成于2-3万年以前，高196米，是奥克兰陆地火山带中高的火山，也是奥克兰重要的象征之一。从这里，您可以欣赏令人惊奇的火山口遗迹，俯瞰奥克兰市区全景及两大港湾。 2. 【萤火虫探索之旅】（120分钟）——\r\n新西兰的视觉震撼，成千上万只萤火虫在梦幻的地下王国中闪烁不息，你于独木舟内徜徉其间屏息仰望；走吧，亿万年的原始森林遮天蔽日，你漫步其中邂逅每一片叶子的独特光辉纵情呼吸。',
    1,
    10,
    8,
    '174.79101,-41.246602',
    2
  ),
  (
    7,
    '航直飞，谢镇，冬宫，夏宫花园，叶宫',
    '全国',
    '莫斯科',
    10,
    15980,
    8,
    '布宜诺斯艾利斯，埃尔卡拉法特，萨尔塔,卡法亚特，圣萨尔瓦多，德胡胡伊，伊瓜苏，深入阿根廷，埃尔卡拉法特，冰川，安第斯山，莫雷诺冰川，伊瓜苏瀑布',
    '5月-9月最佳。莫斯科气候属於湿润的大陆性气候。夏季比较湿润，有时炎热；冬季寒冷漫长。',
    '1冬宫博物馆是世界四大博物馆之一，坐落在圣彼得堡宫殿广场上，原为俄国沙皇的皇宫 ；2夏宫花园面向芬兰湾，由美丽的喷泉、公园、宫殿组成.。“喷泉之都”、“喷泉王国”的美称；3谢尔盖耶夫镇又名为扎戈尔斯克。谢尔盖耶夫是莫斯科的卫星城市之一，建成于14世纪，位于莫斯科市区以北71公里，是一座风景如画、建筑独特的城市，只有1万多居民，至今仍保持着俄罗斯乡村的传统特色。全镇以圣三一修道院为中心向四周延伸，但房屋却互不相连，并没有一条人们所常见的街道。',
    1,
    3,
    8,
    '37.627556,55.740934',
    2
  ),
  (
    8,
    '金典北国，直飞圣彼得堡，金环谢尔盖耶夫，银环诺夫哥罗德，圣三一修道院，夏宫花园，卡洛明斯克',
    '全国',
    '新莫斯科斯克 ',
    10,
    8998,
    12,
    '金典北国，直飞圣彼得堡，金环谢尔盖耶夫，银环诺夫哥罗德，圣三一修道院，夏宫花园，卡洛明斯克',
    '5月-9月最佳。莫斯科气候属於湿润的大陆性气候。夏季比较湿润，有时炎热；冬季寒冷漫长。',
    '1.M·V·罗蒙诺索夫莫斯科国立大学，简称莫斯科国立大学，是俄罗斯 和历史 悠久的大学，1755年1月25日俄罗斯女沙皇伊丽莎白·彼得罗芙娜下令建立，至今为止在俄罗斯1月25日是大学生节。;2.亚历山大花园是克林姆林宫红墙外的一个长方形公园，一共包括三个部分，即上园、中园和下园。这里是莫斯科人休息游玩 喜欢去的场所之一。现在修建的马涅什地下商场和广场，与花园浑然一体，喷泉、雕塑随处可见。\r\n门柱为雕纹圆柱，顶端有金色装饰，门柱上四只金色双头鹰展翅欲飞。大门雕刻图案精致，门外鲜花锦簇。大门既庄严雄伟，又妩媚动人。',
    2,
    3,
    8,
    '37.516669,55.706925',
    2
  ),
  (
    9,
    '<摩洛哥+西班牙+葡萄牙15或16或17天跟团游> 首航直飞，4钻酒店，马德里皇宫，卡萨布兰卡，蓝色',
    '全国',
    '萨拉戈萨',
    10,
    15899,
    11,
    'Kifi农庄，凯库拉，哈斯特，基督城，奥克兰，怀托莫溶洞，惠灵顿，格雷茅斯，汤加里罗，派提亚，瓦纳卡，皇后镇，皮克顿，福克斯冰川，罗托鲁瓦，马尔堡，自然王国，南岛冰川，皇后镇',
    '五彩缤纷的秋季和繁花奋力绽放的夏季是德国的最佳旅行时间。5-9月最佳，那时天空总是晴朗，适宜户外活动。',
    '1：亲临世界现存最大陨石坑诺特林根里斯.2.探访迪士尼原型新天鹅堡；3.乘着缆车登楚格峰；4.拜访德国大文豪歌德故居',
    3,
    7,
    8,
    '24.039948,49.845827',
    2
  ),
  (
    10,
    '<双船之恋德法瑞意4国12天> 法兰克福、巴黎、罗马、琉森、塞纳河游船、贡多拉游船',
    '全国',
    '维京',
    10,
    8499,
    10,
    '布宜诺斯艾利斯，埃尔卡拉法特，萨尔塔,卡法亚特，圣萨尔瓦多，德胡胡伊，伊瓜苏，深入阿根廷，埃尔卡拉法特，冰川，安第斯山，莫雷诺冰川，伊瓜苏瀑布',
    '7月-8月是瑞士旅游的最佳季节，瑞士地处温带的北部，由西向东伸展的阿尔卑斯山，成为该国的气候分界线。12-2月冬季的温度为2-6°C，最适合去阿尔卑斯山区去滑雪。而四季的德国都是很好的旅游地，但大多旅行者都在5-9月之间去德国，那时天空总是晴朗，适宜户外活动。',
    '【卢森堡】卢森堡位于欧洲西北部，虽然是欧洲较小的国家之一，却有很多风景名胜。这里属海洋和大陆过渡性气候，北部气候寒冷，南部气候宜人，春季较适合旅游，此时还会举办许多民俗活动。卢森堡的首都卢森堡是一座历史古城。\r\n景点介绍：\r\n【卢森堡宪法广场】位于卢森堡旧市区，距离阿道夫桥不远，明显的标的物就是广场上纪念第一次世界大战阵亡卢森堡士兵的阵亡将士纪念碑。',
    3,
    7,
    8,
    '24.004591,49.827048',
    1
  ),
  (
    11,
    '<意大利一地10日7晚跟团游> 重庆直飞，四钻住宿，五渔村小火车，时尚之都米兰，水城威尼斯，佛罗伦萨',
    '全国',
    '罗马',
    10,
    12800,
    12,
    '重庆直飞，四钻住宿，五渔村小火车，时尚之都米兰，水城威尼斯，佛罗伦萨，古堡酒庄，TheMall',
    '意大利一年四季都适合旅游，但是5月-10月去意大利旅游最好，旺季集中在每年5月至10月，4-6月是天气最好的季节。春季(4月份到5月份)和秋季(10月到11月份)，气候宜人，游人相对比较少，是来此悠闲度假的好时间。',
    '1早餐后前往拉斯佩齐亚；今天游览被联合国教科文组织列入世界文化遗产名录的五渔村。\r\n2搭乘穿梭【五渔村小火车】前往蜚声世界的五渔村。\r\n前往美丽的【五渔村】：共有五个村落面朝大海+色彩缤纷的小房子+紧贴着陡峭的悬崖=海洋与大地在此处融为美不胜收的五渔村。\r\n3这里有的村庄隐藏在布满葡萄园和橄榄树的丘陵之间；有的带有典型的利古里亚色调。这里有美丽的海滩，崎岖的悬崖和清澈的海水；\r\n随后驱车前往米兰',
    5,
    4,
    8,
    '9.181598,45.462269',
    2
  ),
  (
    12,
    '[意大利西西里 沉浸在南部纯粹意式风情]，邂逅千年庞贝古城+漫步中世纪小城陶尔米纳+体验左岸海水右岸',
    '全国',
    '西西里',
    10,
    29200,
    11,
    'Kifi农庄，凯库拉，哈斯特，基督城，奥克兰，怀托莫溶洞，惠灵顿，格雷茅斯，汤加里罗，派提亚，瓦纳卡，皇后镇，皮克顿，福克斯冰川，罗托鲁瓦，马尔堡，自然王国，南岛冰川，皇后镇',
    '意大利一年四季都适合旅游，但是5月-10月去意大利旅游最好，旺季集中在每年5月至10月，4-6月是天气最好的季节。春季(4月份到5月份)和秋季(10月到11月份)，气候宜人，游人相对比较少，是来此悠闲度假的好时间。',
    '1：西安芬航直飞欧洲，方便快捷；\r\n品质食宿：境外四钻酒店住宿，全程升级六菜一汤；\r\n3：布拉格、维也纳、布达佩斯、新天鹅堡；\r\n特色小镇：克鲁姆洛夫、哈尔施塔特、罗腾堡；',
    4,
    4,
    8,
    '9.159329,45.453721',
    2
  ),
  (
    13,
    '奇幻冰岛 上演一出冰与火之歌 8天6晚,乘着杰古沙龙冰湖游船漂浮在冰山之间+深入Þríhnúkagí',
    '全国',
    '雷克雅内克',
    10,
    22800,
    6,
    '布宜诺斯艾利斯，埃尔卡拉法特，萨尔塔,卡法亚特，圣萨尔瓦多，德胡胡伊，伊瓜苏，深入阿根廷，埃尔卡拉法特，冰川，安第斯山，莫雷诺冰川，伊瓜苏瀑布',
    '6月-8月最佳。 冰岛为温带海洋性气候。6～9月凉爽宜人，平均气温为10度左右，最高温度可达24度。冰岛因为靠近北极圈，夏季日照时间较长，6月中下旬尤甚，有极昼现象。 从6月初至8月底的冰岛几乎没有天黑，所有的活动全部活跃起来；',
    '1：乘着杰古沙龙冰湖游船 漂浮在冰山之间；2：深入Þríhnúkagígur火山岩浆房；3：夕阳下沉浸在蓝湖温泉；4：斯卡夫塔国家公园享冰川徒步',
    4,
    8,
    8,
    '-21.922159,64.143847',
    1
  ),
  (
    14,
    '[北极三岛探险 大西洋号]冰岛、格陵兰岛、斯匹次卑尔根岛三岛环游+漫步地球最北朗伊尔城+穿越格陵兰海',
    '全国',
    '凯夫拉维克国际机场',
    10,
    32200,
    6,
    '基督城，蒂卡波，瓦纳卡，皇后镇，但尼丁，奥马鲁，农场，羊驼，新西兰美食，星空小镇，皇后镇，水果小镇',
    '去北极旅行只能是选择北半球的夏天去，7-8月最佳，此时北极是极昼时间，没有黑夜，相对也是最暖和的，冰层也是最薄的；',
    '天然美容院蓝湖泡温泉精彩体验，全身心感受冰岛的美，游黄金圈，赏极光，观鲸鱼，6人轻奢小团，告别大团走马观花形式',
    2,
    8,
    8,
    '-21.935022,64.140536',
    1
  ),
  (
    15,
    '[澳大利亚 自然的馈赠 ],直升机俯瞰阿金考特大堡礁+入住悉尼四季酒店享悉尼港景致+直升机览世界奇观',
    '全国',
    '布里斯班',
    10,
    18999,
    7,
    'Kifi农庄，凯库拉，哈斯特，基督城，奥克兰，怀托莫溶洞，惠灵顿，格雷茅斯，汤加里罗，派提亚，瓦纳卡，皇后镇，皮克顿，福克斯冰川，罗托鲁瓦，马尔堡，自然王国，南岛冰川，皇后镇',
    '黄金海岸亚热带海洋气候，终年阳光普照，空气湿润，一年四季都适宜旅游',
    '★自组团优势,重庆直飞，绝代双礁，大洋路，海豚岛；,★品质住宿,全程住宿四钻级酒店，房间设施更舒适；,★特色美食,海鲜火锅餐，天府川菜，蜀香坊中餐；,★超值赠送,转换插头，旅游三宝（头枕、眼罩、耳塞）；',
    3,
    9,
    8,
    '144.983868,-37.765666',
    2
  ),
  (
    16,
    '[澳大利亚房车之旅],蓝光萤火虫夜游+波高尔宾酒杯艺术馆+斯蒂芬港观鲸+攀登悉尼海港大桥 带着流动的',
    '全国',
    '悉尼',
    10,
    49000,
    4,
    '布宜诺斯艾利斯，埃尔卡拉法特，萨尔塔,卡法亚特，圣萨尔瓦多，德胡胡伊，伊瓜苏，深入阿根廷，埃尔卡拉法特，冰川，安第斯山，莫雷诺冰川，伊瓜苏瀑布',
    '驾车游览也并不是两点一线，众多小道带您发掘隐藏的珍宝和知名景点，在澳大利亚的东部尽情游玩、徜徉于国家公园中，见识澳洲最可爱的一些动物，同时还有机会体验沿途每一座景色宜人的金色沙滩。而这一切专为喜爱纯粹旅行的您准备。',
    '优选航班,武汉东航直飞+全四酒店+六菜一汤+含司导服务费,合理行程,绿岛大堡礁+梦幻世界+悉尼蓝山+皇家热带植物园,特别安排,黄金海岸直升机+悉尼观景游船,特色美食,悉尼晚餐游船餐+凯恩斯绿岛精美海景自助餐',
    4,
    9,
    8,
    '144.320128,-38.130913',
    1
  ),
  (
    17,
    '[瑞士德国 邂逅阿尔卑斯山下的神秘花园],360度缆车登铁力士山+乘着游船览图恩湖风光+搭少女峰齿轮',
    '全国',
    '巴黎',
    10,
    31700,
    12,
    '基督城，蒂卡波，瓦纳卡，皇后镇，但尼丁，奥马鲁，农场，羊驼，新西兰美食，星空小镇，皇后镇，水果小镇',
    '7月-8月是瑞士旅游的最佳季节，瑞士地处温带的北部，由西向东伸展的阿尔卑斯山，成为该国的气候分界线。12-2月冬季的温度为2-6°C，最适合去阿尔卑斯山区去滑雪。而四季的德国都是很好的旅游地，但大多旅行者都在5-9月之间去德国，那时天空总是晴朗，适宜户外活动。',
    '★超值优惠,含境外服务费WiFi，自费礼包，部分团含酒店税。,★品质住宿,全程当地3钻住宿，意大利特别升级4钻,★特色小镇,新天鹅堡等精彩小镇等你来！,★航空公司,阿提哈德或卡塔尔航空公司，两点进出，行程合理化。',
    5,
    2,
    8,
    '2.327706,48.853822',
    2
  ),
  (
    18,
    '[法国 意大利 瑞士 簇拥欧式情调 尽享旖旎风光],埃菲尔铁塔餐厅美景美食为伴+乘坐马车细品罗马古城',
    '全国',
    '法兰克福',
    10,
    35300,
    5,
    'Kifi农庄，凯库拉，哈斯特，基督城，奥克兰，怀托莫溶洞，惠灵顿，格雷茅斯，汤加里罗，派提亚，瓦纳卡，皇后镇，皮克顿，福克斯冰川，罗托鲁瓦，马尔堡，自然王国，南岛冰川，皇后镇',
    '典型的地中海气候，夏季炎热干燥，冬季温和多雨。一年四季皆适合旅游，5—10月为旺季。',
    '★出游便捷,国航成都直飞，可配全国联运，异地录指纹,★超值自费,双宫、双船、雪山、特色餐等,★特色观览,列支敦士登、黄金屋顶、埃菲尔塔、海德堡、新天鹅堡等,★一价省心,含团签、司导费、经典自费，境外0推荐—省心,★限时服务,赠送wifi使用（4-5人/台）',
    1,
    2,
    8,
    '2.309498,48.845677',
    1
  ),
  (
    19,
    '[西班牙 法国 探寻法兰西帝国与西班牙王朝的秘密],薰衣草胜地阿维尼翁聆听薰衣草的故事+埃菲尔铁塔享',
    '全国',
    '马德里',
    10,
    12999,
    8,
    '布宜诺斯艾利斯，埃尔卡拉法特，萨尔塔,卡法亚特，圣萨尔瓦多，德胡胡伊，伊瓜苏，深入阿根廷，埃尔卡拉法特，冰川，安第斯山，莫雷诺冰川，伊瓜苏瀑布',
    '5月-6月和9月是西班牙的最佳旅行时间，西班牙沿海的地区都适合夏天5月、6月去旅游，您可以尽情享受西班牙的阳光、沙滩、大海。如果您去看文化遗产，季节就不很重要了。四时皆宜，晴风雨雪、晨昏晦朔，各有趣味。',
    '优选航班：首航成都直飞马德里，方便快捷；\r\n合理行程：马德里皇宫、阿尔罕布拉宫、托莱多古城；\r\n品鉴建筑：体验高迪建筑魅力，圣家族教堂、桂尔公园入内；\r\n特别体验：赠送西班牙国粹舞蹈--弗拉明戈舞表演；\r\n特色美食：全程中式六菜一汤+西班牙海鲜饭',
    1,
    6,
    8,
    '-8.407687,43.36227',
    2
  ),
  (
    20,
    '[西班牙 葡萄牙 领略西葡两国的红色热情],Tablao Cordobés酒馆赏弗拉明戈秀+深入欧洲',
    '全国',
    '巴塞罗那 ',
    10,
    15199,
    7,
    '基督城，蒂卡波，瓦纳卡，皇后镇，但尼丁，奥马鲁，农场，羊驼，新西兰美食，星空小镇，皇后镇，水果小镇',
    '葡萄牙南部属亚热带地中海式气候，平均气温1月7～11℃，7月20～26℃，雨量充沛、气候湿润。西班牙中部属温带大陆性气候，冬季漫长严寒，月平均气温在0℃以下；夏季短促温暖，月平均气温在10℃以上。',
    '优选航班,精选首都航空，马德里进出，方便快捷！,品质住宿,全程四钻级酒店，舒适整洁,特色美食, 精彩美食之旅：升级一顿西班牙海鲜饭,超值赠送,欣赏西班牙国粹佛朗明戈歌舞表演,合理行程,里斯本罗卡角，地中海明珠巴塞罗那、卡门故乡塞维利亚',
    2,
    6,
    8,
    '-8.426821,43.352622',
    1
  ),
  (
    21,
    '阿布扎比 迪拜 带给你极致奢华体验8天7晚,亚特兰蒂斯品味顶级OSSIANO餐厅+直升机鸟瞰棕榈岛+',
    '全国',
    '阿布扎比',
    10,
    31700,
    8,
    'Kifi农庄，凯库拉，哈斯特，基督城，奥克兰，怀托莫溶洞，惠灵顿，格雷茅斯，汤加里罗，派提亚，瓦纳卡，皇后镇，皮克顿，福克斯冰川，罗托鲁瓦，马尔堡，自然王国，南岛冰川，皇后镇',
    '迪拜、阿布扎比属印度洋气候，11月至次年3月为冬季，较适合旅行，气温不低于7摄氏度。4～10月为夏季，酷热潮湿，气温在45℃左右，最热的7月份可达50℃，局部沙漠地区有小沙暴。12月至2月为雨季，全年降雨都很稀少。',
    '棕榈岛亚特兰蒂斯酒店的迪拜海鲜餐厅—ossiano海底餐厅,以精致美味的海鲜美食而闻名,在餐厅就餐的宾客,享受华丽美食的同时还可以欣赏到亚特兰蒂斯神奇的海底世界',
    3,
    19,
    8,
    '23.841602,49.836159',
    2
  ),
  (
    22,
    '阿联酋 阿布扎比 沙迦 阿基曼 触摸超强现代感7天5晚,乘越野在沙漠远征+迪拜音乐喷泉餐厅用餐+畅享',
    '全国',
    '阿基曼',
    10,
    11234,
    7,
    '布宜诺斯艾利斯，埃尔卡拉法特，萨尔塔,卡法亚特，圣萨尔瓦多，德胡胡伊，伊瓜苏，深入阿根廷，埃尔卡拉法特，冰川，安第斯山，莫雷诺冰川，伊瓜苏瀑布',
    '迪拜属印度洋气候，11月至次年3月为冬季，较适合旅行，气温不低于7摄氏度。4～10月为夏季，酷热潮湿，气温在45℃左右，最热的7月份可达50℃，局部沙漠地区有小沙暴。12月至2月为雨季，全年降雨都很稀少',
    '乘坐游艇出海，以独特视角览尽棕榈岛中央、最新落成的宏伟之作亚特兰蒂斯酒店。感受原始沙漠民族贝度因人的传统文化与生活环境，传统乐音中，彷若你就是一千零一夜故事的主角。',
    4,
    19,
    8,
    '23.841602,49.836159',
    2
  ),
  (
    23,
    '购物与美食曼妙新体验6天5晚,明洞实弹射击体验+正官庄红参理疗享受+三八线展望历史+品味地道韩式宫廷',
    '全国',
    '首尔',
    10,
    11600,
    6,
    '基督城，蒂卡波，瓦纳卡，皇后镇，但尼丁，奥马鲁，农场，羊驼，新西兰美食，星空小镇，皇后镇，水果小镇',
    '韩国北部为温带季风气候，夏季高温多雨，冬季寒冷干燥，全年四季分明。一年四季都适合旅行，而秋季凉爽，为最佳旅游季节。',
    '知名韩剧拍摄地，金秀贤等明星曾在此体验练习！奥运冠军著名射击教练亲自指导，实力雄厚。让时光倒流，享受韩国6年根红参做的专业SPA理疗项目，集保健美颜于一体。',
    5,
    15,
    8,
    '126.912907,37.505359',
    1
  ),
  (
    24,
    '专属北极证书+躺在温馨木屋中守候极光+驾驶单兵坦克驰骋在雪中+深入原住民部落了解印第安文化',
    '全国',
    '温哥华',
    10,
    16500,
    7,
    'Kifi农庄，凯库拉，哈斯特，基督城，奥克兰，怀托莫溶洞，惠灵顿，格雷茅斯，汤加里罗，派提亚，瓦纳卡，皇后镇，皮克顿，福克斯冰川，罗托鲁瓦，马尔堡，自然王国，南岛冰川，皇后镇',
    '加拿大北极的冬季从9月开始到第二年的4月期间，在育空地区的白马经常能很好地观察到极光现象，这是个充满神秘和文化传奇的极地旅行目的地，在位于白马温泉边上的木屋别墅营地感受别样的极地生活，深入原住民部落，了解真正的印第安文化。',
    '木屋的客厅和卧室都有视线开阔的窗户，坐木屋里就可以享受着窗外极地的美景。零距离接触印第安原住民，原住民为你讲述印第安历史，生活，狩猎，民俗文化，品尝原住民大餐，篝火晚会，原住民歌舞表演，山林徒步，讲述传统草药的制作。驾驶单兵坦克在雪地上驰骋，体验美国大兵雪地巡逻',
    1,
    12,
    8,
    '-122.97999,49.235459',
    2
  ),
  (
    25,
    '深入班夫国家公园+搭乘冰原探险号造访哥伦比亚冰原+漫步世外桃源温哥华岛+乘船游览玛琳湖',
    '全国',
    '卡尔加里 ',
    10,
    36300,
    12,
    '布宜诺斯艾利斯，埃尔卡拉法特，萨尔塔,卡法亚特，圣萨尔瓦多，德胡胡伊，伊瓜苏，深入阿根廷，埃尔卡拉法特，冰川，安第斯山，莫雷诺冰川，伊瓜苏瀑布',
    '温哥华及周围地区为地中海气候，四季温和，全年适合旅游。其中哥伦比亚冰原全年中只有5月至10月开放；而9月下旬-10月下旬可以观赏枫叶层林尽染的秋天。',
    '哥伦比亚冰原（Columbia Icefield），位于加拿大不列颠哥伦比亚省和亚伯达省交界处。是落矶山系中第一大冰原，北美洲最容易进入的冰川群之一。国家公园内有一系列冰峰、冰河、冰原、冰川湖和高山草原、温泉等景观，其奇峰秀水，居北美大陆之冠。',
    2,
    12,
    8,
    '-122.995225,49.255973',
    2
  ),
  (
    26,
    '皇牌大学品鉴之行总统培育基地哈佛帝国+迷失在九曲花街+帝国大厦览纽约夜景+乘着轮渡远观自由女神像',
    '全国',
    '哈佛',
    10,
    33500,
    12,
    '基督城，蒂卡波，瓦纳卡，皇后镇，但尼丁，奥马鲁，农场，羊驼，新西兰美食，星空小镇，皇后镇，水果小镇',
    '每年的3月底至7月是最适合去美国东部地区游玩的，9-11月的秋季精致也很不错。美国东北部沿海属大陆性温带阔叶林气候。冬季寒冷，1月份平均温度为-6℃左右，夏季温和多雨，7月份平均温度为16℃左右，年平均降水量为1000毫米左右。',
    '坐落于美国马萨诸塞州剑桥市，是一所享誉世界的私立研究型大学，是著名的常春藤盟校成员。这里走出了8位美利坚合众国总统。1955年，美国土木工程师学会将帝国大厦评价为现代世界七大工程奇迹之一 。纽约地标委员会将其选为纽约市地标，1986年该建筑被认定为美国国家',
    3,
    11,
    8,
    '-73.868539,40.86544',
    1
  ),
  (
    27,
    '沉浸在太平洋彼岸的温暖岛屿直面活火山 见证熔浆流入大海的壮观画面+探访火山豆农场+邂逅看七色彩虹瀑布',
    '全国',
    '夏威夷',
    10,
    34900,
    8,
    'Kifi农庄，凯库拉，哈斯特，基督城，奥克兰，怀托莫溶洞，惠灵顿，格雷茅斯，汤加里罗，派提亚，瓦纳卡，皇后镇，皮克顿，福克斯冰川，罗托鲁瓦，马尔堡，自然王国，南岛冰川，皇后镇',
    '夏威夷因处于热带边缘，所以这里一年只有两个季节，任何时候都适合观光，整体来说全年气候宜人，温度变化很小',
    '光脚踩在黑沙滩上，完全没有扎脚的感觉，细腻，柔软的触觉能让人很快放松下来，开始欣赏和享受这片奇特的沙滩，心里惊叹造物的神奇。沿着火山口公路，你可以越来越接近中心点，沿途的火山溶岩地形、坚硬黝黑的岩块，以及片草不生的荒芜景象，加上一望无际的空旷视野，让人赞叹之余，心情似乎也随之沉淀',
    4,
    11,
    8,
    '-73.889563,40.86249',
    2
  ),
  (
    28,
    '印第安文明的呼唤参观太平洋舰队MidWay军舰+畅游在坎昆的水下世界+乘乘着马车感受神秘玛雅文化+好',
    '全国',
    '洛杉矶',
    10,
    32400,
    10,
    '布宜诺斯艾利斯，埃尔卡拉法特，萨尔塔,卡法亚特，圣萨尔瓦多，德胡胡伊，伊瓜苏，深入阿根廷，埃尔卡拉法特，冰川，安第斯山，莫雷诺冰川，伊瓜苏瀑布',
    '洛杉矶在地中海型气候带，气候温和，全年阳光明媚。坎昆地处热带，全年平均气温为27.5度，每年仅有雨、旱两个季节。11月-次年3月为最佳旅游季节；而坎昆最佳旅游季节则是冬季。',
    'Cancun坎昆位于加勒比海北部，墨西哥尤卡坦半岛东北端。玛雅语中，“坎昆”意为“挂在彩虹一端的瓦罐”，被认为是欢乐和幸福的象征。它是已经发掘出的最著名最具规模的玛雅文化遗址，位于奇琴伊察大广场中央的库库尔坎金字塔是最高大的一座建筑。',
    5,
    13,
    8,
    '-86.159941,39.767144',
    2
  ),
  (
    29,
    '找寻玛雅预言的神秘足迹潜入最美眼洞湖+品味波希米亚小镇卡梅尔+领略Xochimilco漂浮花园的别样',
    '全国',
    '墨西哥',
    10,
    39600,
    11,
    '基督城，蒂卡波，瓦纳卡，皇后镇，但尼丁，奥马鲁，农场，羊驼，新西兰美食，星空小镇，皇后镇，水果小镇',
    '早在100年前，“艺术家、诗人和作家的卡梅尔”已经名闻遐迩。这座美丽的滨海艺文小镇，是一座人文荟萃、艺术家聚集，充满波西米亚风味的小城镇',
    '查普尔特佩克城堡漂浮的花园赫奇米尔科(Xochimilco),乘坐着画舫,一边吃喝一边欣赏花哨的船上马里阿奇所唱的小夜曲,在河道上赏景。Dos Ojos在西班牙语中是两只眼的意思，这里曾是探险片《Journey Into Amazing Caves》和BBC纪录片《Planet Earth》的取景地，在附近算是最为有名的洞穴。',
    1,
    13,
    8,
    '-86.159941,39.767144',
    1
  ),
  (
    30,
    '名古屋和风避世 回归日本精神故乡',
    '全国',
    '大阪',
    10,
    11800,
    8,
    '基督城，蒂卡波，瓦纳卡，皇后镇，但尼丁，奥马鲁，农场，羊驼，新西兰美食，星空小镇，皇后镇，水果小镇',
    '一年四季皆可，夏季最佳；夏天，是下吕温泉热力四射的季节，激情的龙神火祭、神轿祭、花火节接连上场，鼓噪的情绪展现温泉乡活力风貌；而冬季在的白川乡看雪夜点灯也别有一番风味；',
    '逃离拥挤的人群，来到日本天皇曾两次造访的下吕温泉，盛名未减温泉乡朴实氛围；由山麓到水岸，环拥于南飞驒群山之中。合掌造式的民宅，110 多栋连成一片，1995 年被指定为联合国教科文组织的世界文化遗产。遇上冬季点灯，更是颇具情调。',
    2,
    14,
    8,
    '136.884961,35.229807',
    2
  ),
  (
    31,
    '经典日本 一句愛してる带你漫步霓虹国在祗园赏私人艺伎表演+モーヤ本店品顶级神户牛肉+奈良亲自喂食萌鹿',
    '全国',
    '霓虹国',
    10,
    16800,
    7,
    '布宜诺斯艾利斯，埃尔卡拉法特，萨尔塔,卡法亚特，圣萨尔瓦多，德胡胡伊，伊瓜苏，深入阿根廷，埃尔卡拉法特，冰川，安第斯山，莫雷诺冰川，伊瓜苏瀑布',
    '整个关西，一年四季都适合旅行。',
    '祗园华灯初上，舞伎们用厚厚的白色脂粉盖住自己青春的肌肤，身着长袖五彩花纹的和服，头上高高的发髻上插满了花朵和缎带等饰物，在三味弦和鼓点的伴奏中翩翩起舞。神户牛排莫利亚本店是神户历史最悠久，最经典的牛肉店，享有120多年的历史，备受食客的喜爱',
    3,
    14,
    8,
    '136.561139,35.111192',
    1
  ),
  (
    32,
    '普吉岛泰山感受丛林飞跃的快感蜜月岛是私人岛屿，尘封多年，才对外开放。菜昂纳多、贝克汉姆等明星都曾受岛',
    '全国',
    '曼谷',
    10,
    2100,
    8,
    '基督城，蒂卡波，瓦纳卡，皇后镇，但尼丁，奥马鲁，农场，羊驼，新西兰美食，星空小镇，皇后镇，水果小镇',
    '11月-次年4月是普吉岛旅游旺季，海水平静，天气良好，降水少。5月－10月则是普吉旅游淡季， 去普吉岛游玩，最好避开它的雨季，尤其是5月份。',
    '涛岛是暹罗湾中最棒的潜水地点。海中丰富的海洋景观、不论是潜水或漂浮在海面上、甚至一早起床到海边丢面包喂鱼都是一种享受。观景台上瞭望卡塔、卡伦海滩依偎在眼前，海水呈现着不同层次的蓝色，远处的海一眼望不到边际。',
    4,
    17,
    8,
    '100.541137,13.729235',
    2
  ),
  (
    33,
    '虔诚与浪漫的金色国度观看泰拳比赛领略纯正泰式硬汉风+与专业泰菜厨师一起烹饪泰式料理+登豪华璀璨明珠号',
    '全国',
    '金色国度',
    10,
    11800,
    4,
    'Kifi农庄，凯库拉，哈斯特，基督城，奥克兰，怀托莫溶洞，惠灵顿，格雷茅斯，汤加里罗，派提亚，瓦纳卡，皇后镇，皮克顿，福克斯冰川，罗托鲁瓦，马尔堡，自然王国，南岛冰川，皇后镇',
    '一般来说，11-2月最佳；但无论在哪个季节，您都可以找到合适的旅游景点。',
    '泰拳是一门传奇的格斗技艺，是一项以力量与敏捷著称的运动。力量展现极为充沛，攻击力猛锐，素有立技最强格斗技之称。夜游湄南河，一边欣赏湄南河夜景，一边享用美味自助大餐，还可以观看歌舞表演。',
    5,
    17,
    8,
    '100.511708,13.738412',
    1
  ),
  (
    34,
    '走进上帝整洁的后花园民丹岛英航资深机长一对一三栖飞行轻体验+思梦河红树林观萤火虫+环球影城尽情撒欢 ',
    '全国',
    '思梦河',
    10,
    22200,
    9,
    'Kifi农庄，凯库拉，哈斯特，基督城，奥克兰，怀托莫溶洞，惠灵顿，格雷茅斯，汤加里罗，派提亚，瓦纳卡，皇后镇，皮克顿，福克斯冰川，罗托鲁瓦，马尔堡，自然王国，南岛冰川，皇后镇',
    '新加坡地处热带，气温年温差和日温差小。平均温度在23至34℃之间，非常温暖，所以气候并不是到新加坡旅游主要考虑的因素。喜欢美食的游客可以在4月和7月造访新加坡，届时会有一年一度的世界美食家峰会及新加坡美食节；若想要购物， 就选择6月的打折季，保证会让你满载而归。',
    '由英航资深机长一对一带您民丹岛水陆空三栖极致飞行轻体验！畅游享民丹岛优美海景，碧水蓝天奢的轻自由思梦河红树林 Sungei Sebung为种类繁多的奇特野生动物提供了家园。乘坐小船沿着河道开启萤火虫之旅，将会带您回归自然。',
    1,
    18,
    8,
    ' 23.841602,49.836159',
    2
  ),
  (
    35,
    '古老的圣经神迹 神秘的异域风情体验基布兹集体农场生活+在哭墙聆听虔诚的祷告+漂浮在神奇死海中+戈兰高',
    '全国',
    '戈兰',
    10,
    26400,
    10,
    '基督城，蒂卡波，瓦纳卡，皇后镇，但尼丁，奥马鲁，农场，羊驼，新西兰美食，星空小镇，皇后镇，水果小镇',
    '4月-10月最佳，此时阳光充足，以晴天为主，是去以色列旅游的最佳时间',
    '穿过犹大沙漠来到死海盐湖岸边，在那里尽情沉浮在这神奇的湖泊中。在哭墙聆听那些虔诚的祷告。或低声背诵着经文缅怀着民族辉煌的历史；或将写着祈祷的纸条塞入墙壁石缝间，似乎那样就可以将心愿传递到上帝心里。',
    2,
    20,
    8,
    '23.841602,49.836159',
    2
  ),
  (
    36,
    '古老的圣经神迹 神秘的异域风情体验基布兹集体农场生活+在哭墙聆听虔诚的祷告+漂浮在神奇死海中+戈兰高',
    '全国',
    '思梦河',
    3,
    3,
    3,
    '思梦河',
    '思梦河',
    '思梦河',
    1,
    7,
    8,
    '3',
    2
  ),
  (
    37,
    '古老的圣经神迹 神秘的异域风情体验基布兹集体农场生活+在哭墙聆听虔诚的祷告+漂浮在神奇死海中+戈兰高\r\n',
    '全国',
    '思梦河',
    4,
    4,
    4,
    '思梦河',
    '思梦河',
    '思梦河',
    2,
    6,
    8,
    '4',
    2
  ) ;

/*Table structure for table `t_shopsimg` */
DROP TABLE IF EXISTS `t_shopsimg` ;

CREATE TABLE `t_shopsimg` (
  `id` INT (11) NOT NULL AUTO_INCREMENT,
  `si_imgSrc` VARCHAR (100) COLLATE utf8_bin DEFAULT NULL,
  `si_id` INT (11) NOT NULL,
  PRIMARY KEY (`id`)
) ENGINE = INNODB AUTO_INCREMENT = 178 DEFAULT CHARSET = utf8 COLLATE = utf8_bin ;

/*Data for the table `t_shopsimg` */
INSERT INTO `t_shopsimg` (`id`, `si_imgSrc`, `si_id`) 
VALUES
  (
    1,
    '../images/ZJ/stop/yingguo1 (1).jpg',
    1
  ),
  (
    2,
    '../images/ZJ/stop/yingguo1 (2).jpg',
    1
  ),
  (
    3,
    '../images/ZJ/stop/yingguo1 (3).jpg',
    1
  ),
  (
    4,
    '../images/ZJ/stop/yingguo1 (4).jpg',
    1
  ),
  (
    5,
    '../images/ZJ/stop/yingguo1 (5).jpg',
    1
  ),
  (
    6,
    '../images/ZJ/stop/yingguo2 (1).jpg',
    2
  ),
  (
    7,
    '../images/ZJ/stop/yingguo2 (2).jpg',
    2
  ),
  (
    8,
    '../images/ZJ/stop/yingguo2 (3).jpg',
    2
  ),
  (
    9,
    '../images/ZJ/stop/yingguo2 (4).jpg',
    2
  ),
  (
    10,
    '../images/ZJ/stop/yingguo2 (5).jpg',
    2
  ),
  (
    11,
    '../images/ZJ/stop/deguo1 (1).jpg',
    3
  ),
  (
    12,
    '../images/ZJ/stop/deguo1 (2).jpg',
    3
  ),
  (
    13,
    '../images/ZJ/stop/deguo1 (3).jpg',
    3
  ),
  (
    14,
    '../images/ZJ/stop/deguo1 (4).jpg',
    3
  ),
  (
    15,
    '../images/ZJ/stop/deguo1 (5).jpg',
    3
  ),
  (
    16,
    '../images/ZJ/stop/deguo2 (1).jpg',
    4
  ),
  (
    17,
    '../images/ZJ/stop/deguo2 (2).jpg',
    4
  ),
  (
    18,
    '../images/ZJ/stop/deguo2 (3).jpg',
    4
  ),
  (
    19,
    '../images/ZJ/stop/deguo2 (4).jpg',
    4
  ),
  (
    20,
    '../images/ZJ/stop/deguo2 (5).jpg',
    4
  ),
  (
    21,
    '../images/ZJ/stop/xinxilan1 (1).jpg',
    5
  ),
  (
    22,
    '../images/ZJ/stop/xinxilan1 (2).jpg',
    5
  ),
  (
    23,
    '../images/ZJ/stop/xinxilan1 (3).jpg',
    5
  ),
  (
    24,
    '../images/ZJ/stop/xinxilan1 (4).jpg',
    5
  ),
  (
    25,
    '../images/ZJ/stop/xinxilan1 (5).jpg',
    5
  ),
  (
    26,
    '../images/ZJ/stop/xinxilan2 (1).jpg',
    6
  ),
  (
    27,
    '../images/ZJ/stop/xinxilan2 (2).jpg',
    6
  ),
  (
    28,
    '../images/ZJ/stop/xinxilan2 (3).jpg',
    6
  ),
  (
    29,
    '../images/ZJ/stop/xinxilan2 (4).jpg',
    6
  ),
  (
    30,
    '../images/ZJ/stop/xinxilan2 (5).jpg',
    6
  ),
  (
    31,
    '../images/ZJ/stop/eluosi1 (1).jpg',
    7
  ),
  (
    32,
    '../images/ZJ/stop/eluosi1 (2).jpg',
    7
  ),
  (
    33,
    '../images/ZJ/stop/eluosi1 (3).jpg',
    7
  ),
  (
    34,
    '../images/ZJ/stop/eluosi1 (4).jpg',
    7
  ),
  (
    35,
    '../images/ZJ/stop/eluosi1 (5).jpg',
    7
  ),
  (
    36,
    '../images/ZJ/stop/eluosi2 (1).jpg',
    8
  ),
  (
    37,
    '../images/ZJ/stop/eluosi2 (2).jpg\r\n',
    8
  ),
  (
    38,
    '../images/ZJ/stop/eluosi2 (3).jpg',
    8
  ),
  (
    39,
    '../images/ZJ/stop/eluosi2 (4).jpg',
    8
  ),
  (
    40,
    '../images/ZJ/stop/eluosi2 (5).jpg',
    8
  ),
  (
    41,
    '../images/ZJ/stop/ruishi1 (1).jpg',
    9
  ),
  (
    42,
    '../images/ZJ/stop/ruishi1 (2).jpg',
    9
  ),
  (
    43,
    '../images/ZJ/stop/ruishi1 (3).jpg',
    9
  ),
  (
    44,
    '../images/ZJ/stop/ruishi1 (4).jpg',
    9
  ),
  (
    45,
    '../images/ZJ/stop/ruishi1 (5).jpg',
    9
  ),
  (
    46,
    '../images/ZJ/stop/ruishi2 (1).jpg',
    10
  ),
  (
    47,
    '../images/ZJ/stop/ruishi2 (2).jpg',
    10
  ),
  (
    48,
    '../images/ZJ/stop/ruishi2 (3).jpg\r\n',
    10
  ),
  (
    49,
    '../images/ZJ/stop/ruishi2 (4).jpg',
    10
  ),
  (
    50,
    '../images/ZJ/stop/ruishi2 (5).jpg',
    10
  ),
  (
    51,
    '../images/ZJ/stop/yidali1 (1).jpg',
    11
  ),
  (
    52,
    '../images/ZJ/stop/yidali1 (2).jpg\r\n',
    11
  ),
  (
    53,
    '../images/ZJ/stop/yidali1 (3).jpg',
    11
  ),
  (
    54,
    '../images/ZJ/stop/yidali1 (4).jpg',
    11
  ),
  (
    55,
    '../images/ZJ/stop/yidali1 (5).jpg',
    11
  ),
  (
    56,
    '../images/ZJ/stop/yidali2 (1).jpg',
    12
  ),
  (
    57,
    '../images/ZJ/stop/yidali2 (2).jpg',
    12
  ),
  (
    58,
    '../images/ZJ/stop/yidali2 (3).jpg',
    12
  ),
  (
    59,
    '../images/ZJ/stop/yidali2 (4).jpg',
    12
  ),
  (
    60,
    '../images/ZJ/stop/yidali2 (5).jpg',
    12
  ),
  (
    61,
    '../images/ZJ/stop/bingdao1 (1).jpg',
    13
  ),
  (
    62,
    '../images/ZJ/stop/bingdao1 (2).jpg',
    13
  ),
  (
    63,
    '../images/ZJ/stop/bingdao1 (3).jpg',
    13
  ),
  (
    64,
    '../images/ZJ/stop/bingdao1 (4).jpg\r\n',
    13
  ),
  (
    65,
    '../images/ZJ/stop/bingdao1 (5).jpg',
    13
  ),
  (
    66,
    '../images/ZJ/stop/bingdao2 (1).jpg',
    14
  ),
  (
    67,
    '../images/ZJ/stop/bingdao2 (2).jpg',
    14
  ),
  (
    68,
    '../images/ZJ/stop/bingdao2 (3).jpg',
    14
  ),
  (
    69,
    '../images/ZJ/stop/bingdao2 (4).jpg',
    14
  ),
  (
    70,
    '../images/ZJ/stop/bingdao2 (5).jpg',
    14
  ),
  (
    71,
    '../images/ZJ/stop/aodaliya1 (1).jpg',
    15
  ),
  (
    72,
    '../images/ZJ/stop/aodaliya1 (2).jpg',
    15
  ),
  (
    73,
    '../images/ZJ/stop/aodaliya1 (3).jpg',
    15
  ),
  (
    74,
    '../images/ZJ/stop/aodaliya1 (4).jpg',
    15
  ),
  (
    75,
    '../images/ZJ/stop/aodaliya1 (5).jpg',
    15
  ),
  (
    76,
    '../images/ZJ/stop/aodaliya2 (1).jpg',
    16
  ),
  (
    77,
    '../images/ZJ/stop/aodaliya2 (2).jpg',
    16
  ),
  (
    78,
    '../images/ZJ/stop/aodaliya2 (3).jpg',
    16
  ),
  (
    79,
    '../images/ZJ/stop/aodaliya2 (4).jpg\r\n',
    16
  ),
  (
    80,
    '../images/ZJ/stop/aodaliya2(5).jpg',
    16
  ),
  (
    81,
    '../images/ZJ/stop/faguo1 (1).jpg',
    17
  ),
  (
    82,
    '../images/ZJ/stop/faguo1 (2).jpg',
    17
  ),
  (
    83,
    '../images/ZJ/stop/faguo1 (3).jpg',
    17
  ),
  (
    84,
    '../images/ZJ/stop/faguo1 (4).jpg',
    17
  ),
  (
    85,
    '../images/ZJ/stop/faguo1 (5).jpg',
    17
  ),
  (
    86,
    '../images/ZJ/stop/faguo2 (1).jpg',
    18
  ),
  (
    87,
    '../images/ZJ/stop/faguo2 (2).jpg',
    18
  ),
  (
    88,
    '../images/ZJ/stop/faguo2 (3).jpg',
    18
  ),
  (
    89,
    '../images/ZJ/stop/faguo2 (4).jpg',
    18
  ),
  (
    90,
    '../images/ZJ/stop/faguo2 (5).jpg',
    18
  ),
  (
    91,
    '../images/ZJ/stop/xibanya1 (1).jpg',
    19
  ),
  (
    92,
    '../images/ZJ/stop/xibanya1 (2).jpg',
    19
  ),
  (
    93,
    '../images/ZJ/stop/xibanya1 (3).jpg',
    19
  ),
  (
    94,
    '../images/ZJ/stop/xibanya1 (4).jpg',
    19
  ),
  (
    95,
    '../images/ZJ/stop/xibanya1 (5).jpg',
    19
  ),
  (
    96,
    '../images/ZJ/stop/xibanya2 (1).jpg',
    20
  ),
  (
    97,
    '../images/ZJ/stop/xibanya2 (2).jpg',
    20
  ),
  (
    98,
    '../images/ZJ/stop/xibanya2 (3).jpg',
    20
  ),
  (
    99,
    '../images/ZJ/stop/xibanya2 (4).jpg',
    20
  ),
  (
    100,
    '../images/ZJ/stop/xibanya2 (5).jpg\r\n',
    20
  ),
  (
    101,
    '../images/ZJ/stop/dibai1 (1)jpg',
    21
  ),
  (
    102,
    '../images/ZJ/stop/dibai1 (2)jpg',
    21
  ),
  (
    103,
    '../images/ZJ/stop/dibai1 (3)jpg',
    21
  ),
  (
    104,
    '../images/ZJ/stop/dibai1 (4)jpg',
    21
  ),
  (
    105,
    '../images/ZJ/stop/dibai1 (5)jpg',
    21
  ),
  (
    106,
    '../images/ZJ/stop/dibai2 (1).jpg',
    22
  ),
  (
    107,
    '../images/ZJ/stop/dibai2 (2).jpg',
    22
  ),
  (
    108,
    '../images/ZJ/stop/dibai2 (3).jpg',
    22
  ),
  (
    109,
    '../images/ZJ/stop/dibai2 (4).jpg',
    22
  ),
  (
    110,
    '../images/ZJ/stop/dibai2 (5).jpg',
    22
  ),
  (
    111,
    '../images/ZJ/stop/hanguo1 (1).jpg',
    23
  ),
  (
    112,
    '../images/ZJ/stop/hanguo1 (2).jpg',
    23
  ),
  (
    113,
    '../images/ZJ/stop/hanguo1 (3).jpg',
    23
  ),
  (
    114,
    '../images/ZJ/stop/hanguo1 (4).jpg',
    23
  ),
  (
    115,
    '../images/ZJ/stop/hanguo1 (5).jpg',
    23
  ),
  (
    116,
    '../images/ZJ/stop/jianada1 (1).jpg',
    24
  ),
  (
    117,
    '../images/ZJ/stop/jianada1 (2).jpg',
    24
  ),
  (
    118,
    '../images/ZJ/stop/jianada1 (3).jpg',
    24
  ),
  (
    119,
    '../images/ZJ/stop/jianada1 (4).jpg',
    24
  ),
  (
    120,
    '../images/ZJ/stop/jianada1 (5).jpg',
    24
  ),
  (
    121,
    '../images/ZJ/stop/jianada2 (1).jpg',
    25
  ),
  (
    122,
    '../images/ZJ/stop/jianada2 (2).jpg',
    25
  ),
  (
    123,
    '../images/ZJ/stop/jianada2 (3).jpg',
    25
  ),
  (
    124,
    '../images/ZJ/stop/jianada2 (4).jpg',
    25
  ),
  (
    125,
    '../images/ZJ/stop/jianada2 (5).jpg',
    25
  ),
  (
    126,
    '../images/ZJ/stop/meiguo1 (1).jpg',
    26
  ),
  (
    127,
    '../images/ZJ/stop/meiguo1 (2).jpg\r\n',
    26
  ),
  (
    128,
    '../images/ZJ/stop/meiguo1 (3).jpg',
    26
  ),
  (
    129,
    '../images/ZJ/stop/meiguo1 (4).jpg',
    26
  ),
  (
    130,
    '../images/ZJ/stop/meiguo1 (5).jpg',
    26
  ),
  (
    131,
    '../images/ZJ/stop/meiguo2 (1).jpg',
    27
  ),
  (
    132,
    '../images/ZJ/stop/meiguo2 (2).jpg',
    27
  ),
  (
    133,
    '../images/ZJ/stop/meiguo2 (3).jpg',
    27
  ),
  (
    134,
    '../images/ZJ/stop/meiguo2 (4).jpg',
    27
  ),
  (
    135,
    '../images/ZJ/stop/meiguo2 (5).jpg',
    27
  ),
  (
    136,
    '../images/ZJ/stop/moxige1 (1).jpg',
    28
  ),
  (
    137,
    '../images/ZJ/stop/moxige1 (2).jpg',
    28
  ),
  (
    138,
    '../images/ZJ/stop/moxige1 (3).jpg',
    28
  ),
  (
    139,
    '../images/ZJ/stop/moxige1 (4).jpg',
    28
  ),
  (
    140,
    '../images/ZJ/stop/moxige1 (5).jpg',
    28
  ),
  (
    141,
    '../images/ZJ/stop/moxige2 (1).jpg',
    29
  ),
  (
    142,
    '../images/ZJ/stop/moxige2 (2).jpg',
    29
  ),
  (
    143,
    '../images/ZJ/stop/moxige2 (3).jpg',
    29
  ),
  (
    144,
    '../images/ZJ/stop/moxige2 (4).jpg',
    29
  ),
  (
    145,
    '../images/ZJ/stop/moxige2 (5).jpg',
    29
  ),
  (
    146,
    '../images/ZJ/stop/riben1 (1).jpg',
    30
  ),
  (
    147,
    '../images/ZJ/stop/riben1 (2).jpg',
    30
  ),
  (
    148,
    '../images/ZJ/stop/riben1 (3).jpg',
    30
  ),
  (
    149,
    '../images/ZJ/stop/riben1 (4).jpg',
    30
  ),
  (
    150,
    '../images/ZJ/stop/riben1 (5).jpg',
    30
  ),
  (
    151,
    '../images/ZJ/stop/riben2 (1).jpg',
    31
  ),
  (
    152,
    '../images/ZJ/stop/riben2 (2).jpg',
    31
  ),
  (
    153,
    '../images/ZJ/stop/riben2 (3).jpg',
    31
  ),
  (
    154,
    '../images/ZJ/stop/riben2 (4).jpg',
    31
  ),
  (
    155,
    '../images/ZJ/stop/riben2 (5).jpg',
    31
  ),
  (
    156,
    '../images/ZJ/stop/taiguo1 (1).jpg',
    32
  ),
  (
    157,
    '../images/ZJ/stop/taiguo1 (2).jpg',
    32
  ),
  (
    158,
    '../images/ZJ/stop/taiguo1 (3).jpg',
    32
  ),
  (
    159,
    '../images/ZJ/stop/taiguo1 (4).jpg',
    32
  ),
  (
    160,
    '../images/ZJ/stop/taiguo1 (5).jpg',
    32
  ),
  (
    161,
    '../images/ZJ/stop/taiguo2 (1).jpg',
    33
  ),
  (
    162,
    '../images/ZJ/stop/taiguo2 (2).jpg',
    33
  ),
  (
    163,
    '../images/ZJ/stop/taiguo2 (3).jpg',
    33
  ),
  (
    164,
    '../images/ZJ/stop/taiguo2 (4).jpg',
    33
  ),
  (
    165,
    '../images/ZJ/stop/taiguo2 (5).jpg',
    33
  ),
  (
    166,
    '../images/ZJ/stop/xinjiapo1 (1).jpg',
    34
  ),
  (
    167,
    '../images/ZJ/stop/xinjiapo1 (2).jpg',
    34
  ),
  (
    168,
    '../images/ZJ/stop/xinjiapo1 (3).jpg',
    34
  ),
  (
    169,
    '../images/ZJ/stop/xinjiapo1 (4).jpg',
    34
  ),
  (
    170,
    '../images/ZJ/stop/xinjiapo1 (5).jpg',
    34
  ),
  (
    171,
    '../images/ZJ/stop/yiselie1（1).jpg',
    35
  ),
  (
    172,
    '../images/ZJ/stop/yiselie1（2).jpg',
    35
  ),
  (
    173,
    '../images/ZJ/stop/yiselie1（3).jpg',
    35
  ),
  (
    174,
    '../images/ZJ/stop/yiselie1（4).jpg',
    35
  ),
  (
    175,
    '../images/ZJ/stop/yiselie1（5).jpg',
    35
  ),
  (
    176,
    'upload/shopUpload-1522366897065.jpg',
    21
  ),
  (
    177,
    'upload/shopUpload-1522367045893.jpg',
    21
  ) ;

/*Table structure for table `t_starleve` */
DROP TABLE IF EXISTS `t_starleve` ;

CREATE TABLE `t_starleve` (
  `id` INT (11) NOT NULL AUTO_INCREMENT,
  `s_globalev` VARCHAR (100) COLLATE utf8_bin DEFAULT NULL,
  `s_pathev` VARCHAR (100) COLLATE utf8_bin DEFAULT NULL,
  `s_travelTeamev` VARCHAR (100) COLLATE utf8_bin DEFAULT NULL,
  `s_tourev` VARCHAR (100) COLLATE utf8_bin DEFAULT NULL,
  `s_hotelev` VARCHAR (100) COLLATE utf8_bin DEFAULT NULL,
  `s_costev` VARCHAR (100) COLLATE utf8_bin DEFAULT NULL,
  `s_ratstate` INT (11) DEFAULT '5',
  PRIMARY KEY (`id`)
) ENGINE = INNODB DEFAULT CHARSET = utf8 COLLATE = utf8_bin ;

/*Data for the table `t_starleve` */
/*Table structure for table `t_theme` */
DROP TABLE IF EXISTS `t_theme` ;

CREATE TABLE `t_theme` (
  `id` INT (11) NOT NULL AUTO_INCREMENT,
  `t_name` VARCHAR (20) COLLATE utf8_bin DEFAULT NULL,
  `t_abstract` TEXT COLLATE utf8_bin,
  `t_src` VARCHAR (30) COLLATE utf8_bin DEFAULT NULL,
  `t_state` INT (11) NOT NULL DEFAULT '8',
  PRIMARY KEY (`id`)
) ENGINE = INNODB AUTO_INCREMENT = 7 DEFAULT CHARSET = utf8 COLLATE = utf8_bin ;

/*Data for the table `t_theme` */
INSERT INTO `t_theme` (
  `id`,
  `t_name`,
  `t_abstract`,
  `t_src`,
  `t_state`
) 
VALUES
  (
    1,
    '一个人的旅行',
    '出行随心情旅游也看季节出行春夏秋冬随你的心情',
    'images/Djtheme/1_2.jpg',
    8
  ),
  (
    2,
    '按季节出行',
    '远离城市的喧嚣背上背包逃离钢筋水泥的包围一步一个脚印丈量世界',
    'images/Djtheme/1_3.jpg',
    8
  ),
  (
    3,
    '蜜月旅行',
    '出行随心情旅游也看季节出行春夏秋冬随你的心情',
    'images/Djtheme/Id1.jpg',
    8
  ),
  (
    4,
    '休闲之旅',
    '远离城市的喧嚣背上背包逃离钢筋水泥的包围一步一个脚印丈量世界',
    'images/Djtheme/dj_4.jpg',
    8
  ),
  (
    5,
    '遗忘的美景',
    '出行随心情旅游也看季节出行春夏秋冬随你的心情',
    'images/Djtheme/dj_5.jpg',
    8
  ),
  (
    6,
    '亲子旅行',
    '远离城市的喧嚣背上背包逃离钢筋水泥的包围一步一个脚印丈量世界',
    'images/Djtheme/Id2.jpg',
    8
  ) ;

/*Table structure for table `t_themeshops` */
DROP TABLE IF EXISTS `t_themeshops` ;

CREATE TABLE `t_themeshops` (
  `id` INT (11) NOT NULL AUTO_INCREMENT,
  `ts_themid` INT (11) DEFAULT NULL,
  `ts_shopsid` INT (11) DEFAULT NULL,
  PRIMARY KEY (`id`)
) ENGINE = INNODB AUTO_INCREMENT = 167 DEFAULT CHARSET = utf8 COLLATE = utf8_bin ;

/*Data for the table `t_themeshops` */
INSERT INTO `t_themeshops` (`id`, `ts_themid`, `ts_shopsid`) 
VALUES
  (132, 1, 1),
  (133, 2, 2),
  (134, 3, 3),
  (135, 4, 4),
  (136, 5, 5),
  (137, 6, 6),
  (138, 1, 7),
  (139, 2, 8),
  (140, 3, 9),
  (141, 4, 10),
  (142, 5, 11),
  (143, 6, 12),
  (144, 1, 13),
  (145, 2, 14),
  (146, 3, 15),
  (147, 4, 16),
  (148, 5, 17),
  (149, 6, 18),
  (150, 1, 19),
  (151, 2, 20),
  (152, 3, 21),
  (153, 4, 22),
  (154, 5, 23),
  (155, 6, 24),
  (156, 1, 25),
  (157, 2, 26),
  (158, 3, 27),
  (159, 4, 28),
  (160, 5, 29),
  (161, 6, 30),
  (162, 1, 31),
  (163, 2, 32),
  (164, 3, 33),
  (165, 4, 34),
  (166, 5, 35) ;

/*Table structure for table `t_trip` */
DROP TABLE IF EXISTS `t_trip` ;

CREATE TABLE `t_trip` (
  `id` INT (11) NOT NULL AUTO_INCREMENT,
  `t_hotel` VARCHAR (100) COLLATE utf8_bin DEFAULT NULL,
  `t_foods` VARCHAR (100) COLLATE utf8_bin DEFAULT NULL,
  `t_setOut` VARCHAR (100) COLLATE utf8_bin DEFAULT NULL,
  `t_morning` TEXT COLLATE utf8_bin,
  `t_afternoon` TEXT COLLATE utf8_bin,
  `t_imgSrc1` VARCHAR (100) COLLATE utf8_bin DEFAULT NULL,
  `t_imgSrc2` VARCHAR (100) COLLATE utf8_bin DEFAULT NULL,
  `go_id` INT (11) NOT NULL,
  PRIMARY KEY (`id`)
) ENGINE = INNODB AUTO_INCREMENT = 322 DEFAULT CHARSET = utf8 COLLATE = utf8_bin ;

/*Data for the table `t_trip` */
INSERT INTO `t_trip` (
  `id`,
  `t_hotel`,
  `t_foods`,
  `t_setOut`,
  `t_morning`,
  `t_afternoon`,
  `t_imgSrc1`,
  `t_imgSrc2`,
  `go_id`
) 
VALUES
  (
    10,
    '伦敦朱美拉朗兹酒店 或同级',
    '早餐飞机简餐，午餐飞机简餐，晚餐推荐 唐茶苑餐厅',
    '北京',
    '请您根据航班时间提前3小时抵达机场，乘坐国际航班飞往英国伦敦。抵达后专人接机，送往酒店休息，养足精神迎接第二天的美好体验。',
    NULL,
    '../images/ZJ/trip/1.jpg',
    './images/ZJ/trip/2.jpg',
    1
  ),
  (
    11,
    '伦敦朱美拉朗兹酒店 或同级',
    '早餐酒店自助，午餐推荐Mozzarella bar餐厅，晚餐推荐Bibendum餐厅',
    '酒店',
    '游览伦敦市区：大本钟、英国国会大厦、西敏寺大教堂外观、唐宁街10号首相官邸、白金汉',
    '参观大英博物馆。如果时间允许，可自行选择乘坐伦敦眼摩天轮俯视伦敦泰晤士河',
    '../images/ZJ/trip/3.jpg',
    '../images/ZJ/trip/4.jpg',
    1
  ),
  (
    12,
    '爱丁堡喜来登酒店 或同级',
    '早餐酒店自助，午餐球会餐厅，晚餐推荐Ondine餐厅',
    'The Grove求茶馆 ',
    '挥杆Grove冠军高尔夫球场',
    '乘坐飞机抵达爱丁堡，入住酒店休息',
    '../images/ZJ/trip/5.jpg',
    '../images/ZJ/trip/6.jpg',
    1
  ),
  (
    13,
    '爱丁堡喜来登酒店 或同级',
    '早餐酒店自助，午餐球会餐厅，晚餐推荐seafood resturant餐厅',
    '爱丁堡',
    '前往圣安德鲁斯，在世界文化遗产Forth大桥停留摄影。参观圣安德鲁斯老球场和球场俱乐部，并摇号老球场。',
    '苏格兰高尔夫职业球手指导如何玩转林克斯球场。挥杆圣安德鲁斯金士邦林克斯球场',
    '../images/ZJ/trip/7.jpg',
    './images/ZJ/trip/8.jpg',
    1
  ),
  (
    14,
    '科克福塔岛度温泉酒店 或同级',
    '早餐酒店自助，午餐途中简餐，晚餐推荐圆明园中餐厅',
    '爱丁堡',
    '参观爱丁堡城堡，皇家一英里，圣十字宫，之后去苏格兰威士忌体验中心。',
    '抵达科克，挥杆福塔岛高尔夫度假村的Deerpark球场。',
    '../images/ZJ/trip/9.jpg',
    '../images/ZJ/trip/10.jpg',
    1
  ),
  (
    15,
    '科克福塔岛度温泉酒店 或同级',
    '早餐酒店自助，午餐球会餐厅，晚餐澳门餐厅',
    '酒店',
    '参观景色优美的Kinsale小镇。',
    '挥杆大西洋老人头林克斯高尔夫球场。',
    '../images/ZJ/trip/11.jpg',
    '../images/ZJ/trip/12.jpg',
    1
  ),
  (
    16,
    '都柏林洲际酒店 或同级',
    '早餐酒店自助，午餐途中简餐，晚餐推荐Chapter One餐厅',
    '科克',
    '科克出发前往都柏林，抵达后参观游览Grafton大街、圣三一学院图书馆。',
    '在Guinness健力士啤酒厂看啤酒的酿造过程并品尝不同口味啤酒。聆听都柏林St. Patrick大教堂圣诗班合唱 (3:15pm请肃静准时）。晚上，观看爱尔兰大河舞晚会（含晚宴）',
    '../images/ZJ/trip/13.jpg',
    '../images/ZJ/trip/14.jpg',
    1
  ),
  (
    17,
    '都柏林洲际酒店 或同级',
    '早餐酒店自助，午餐球会餐厅，晚餐推荐巴蜀人家餐厅',
    '酒店',
    '今日前往莱德杯比赛球场——K Club挥杆。',
    '前往基尔代尔奥特莱斯购物，并在基尔代尔体验爱尔兰休闲骑马。',
    '../images/ZJ/trip/15.jpg',
    '../images/ZJ/trip/16.jpg',
    1
  ),
  (
    18,
    '酒店',
    '早餐酒店自助，午餐球会简餐，晚餐飞机简餐',
    '酒店',
    '挥杆波特马诺克高尔夫球场。',
    '根据航班时间提前3小时前往机场，乘坐国际航班返程回中国。',
    '../images/ZJ/trip/17.jpg',
    '../images/ZJ/trip/18.jpg',
    1
  ),
  (
    19,
    '飞机',
    '早餐酒店自助，午餐球会简餐，晚餐飞机简餐',
    '飞机',
    '抵达北京',
    NULL,
    NULL,
    NULL,
    1
  ),
  (
    20,
    'Boat Hotel Matylda 或同级',
    '早餐飞机简餐，午餐敬请自理，晚餐敬请自理',
    '北京',
    '今日早晨抵达布拉格，早餐后开始今日游览。行程始于：被誉称为布拉格的“香榭里舍大道”“瓦茨拉夫大街”-犹太人城区，午餐后尽情的挑选一件纯手工制作的波西米亚水晶制品或找一家百年咖啡馆感受布拉格的神秘，傍晚前往“高堡”欣赏余晖下的金色布拉格，在一餐经典难忘的波西米亚歌舞表演晚餐后不要忘记看一场捷克国粹”黑光剧“呦！',
    NULL,
    '../images/ZJ/trip/23.jpg',
    '../images/ZJ/trip/24.jpg',
    2
  ),
  (
    21,
    'Boat Hotel Matylda 玛提尔达船酒店',
    '早餐酒店自助，午餐敬请自理，晚餐波西米亚自助晚餐',
    '布拉格',
    '皇家之路起点火药塔-老城广场-查理桥-小城广场，午餐后游览世界最大古城堡布拉格城堡后游船游览伏尔塔瓦河两岸风光同时享受正宗波西米亚自助晚餐。',
    '著名的布拉格天文钟、精品服装店及伏尔塔瓦河上的游船，哥特式的查理大桥及布拉格最美丽的教堂——小城区的圣尼古拉教堂。闹中取静的皇家花园、佩特任山及山寨版埃菲尔铁塔的瞭望塔以及布拉格城堡……布拉格各区风情迥异，魅力无穷。布拉格也是个文化风格冲突的城市：一边浪漫，一边穿急，一面古老，一面现代，它是个欢迎并吸纳世界文化精髓的都市。',
    '../images/ZJ/trip/25.jpg',
    '../images/ZJ/trip/26.jpg',
    2
  ),
  (
    22,
    'The Forest Garden酒店 或同级',
    '早餐酒店自助，午餐敬请自理，晚餐敬请自理',
    '布拉格',
    '早餐后前往捷克瑞士国家公园，行程始于：加布里埃尔之路起点，前往普拉伏奇斯卡之门。捷克的自然景观中有几个堪称欧洲之“最”。其中一个就在童话般的捷克“小瑞士国家公园”之中',
    '作为捷克的“小瑞士”象征，普拉伏奇斯卡之门是全欧洲最大的由天然岩石形成的大门。身临其境感受这雄伟壮阔的大自然杰作，无不惊叹于它的高大巍峨和自然的鬼斧神工。',
    '../images/ZJ/trip/27.jpg',
    '../images/ZJ/trip/26.jpg',
    2
  ),
  (
    23,
    'Hotel Romance Puškin 或同级',
    '早餐酒店自助，午餐敬请自理，晚餐敬请自理',
    '捷克瑞士国家公园',
    '餐后前往温泉之都卡罗维发利。行程始于优雅的柱廊-如穆勒和市场温泉回廊--磨坊回廊--温泉大厅--剧院或剧场-皇家浴场和圣玛利亚教堂。游览后不要忘了来个传统的水疗SPA哦！',
    '\"卡罗维发利”为波希米亚温泉三角区的宝石、王者，完美独特的水疗建筑，雄伟的柱廊温泉布局在优雅和迷人的地点，周围是树木茂盛的山谷，这些都是卡罗维发利。在欧洲艺术和社会生活中最有名的人物都曾造访过该处，现在为捷克共和国第二大参观景点。由于其温泉回廊独特的建筑方式，使它成为欧洲最美丽的温泉市之一。',
    '../images/ZJ/trip/29.jpg',
    '../images/ZJ/trip/30.jpg',
    2
  ),
  (
    24,
    'Hotel Grand 或同级',
    '早餐酒店自助，午餐敬请自理，晚餐敬请自理',
    '卡罗维发利',
    '早餐后前往啤酒之都皮尔森。行程始于全球闻名的皮尔森啤酒厂--啤酒博物馆--捷克最高的圣巴多罗买大教堂--全球第三大的大犹太会堂。午餐后前往世界文化遗产小镇“霍拉舍维采”，晚餐选择在著名的洞穴餐厅享用波西米亚烤猪肘大餐!!比尔森地区追求世上最好的啤酒，卓越独特的酿造啤酒师约瑟夫·哥罗尔1842年用新奇的底层发酵方式酿造啤酒时，没想到将来会成为酿造一切淡色啤酒的鼻祖。',
    '霍拉舍维采的神奇魅力，让您很难找到另外一个这样的地方，这么小的空间却汇聚着如此之大的魅力，绝对称得上是全捷克最美的村落。美丽的巴洛克式农屋环绕村庄排开，点缀在广阔的绿色田野之间，这样的乡村美景也使小镇荣登联合国教科文组织的世界文化遗产名录。',
    '../images/ZJ/trip/31.jpg',
    '../images/ZJ/trip/32.jpg',
    2
  ),
  (
    25,
    'Hotel Malý Pivovar 或同级',
    '早餐酒店自助，午餐敬请自理，晚餐敬请自理',
    '克鲁姆洛夫',
    '行程始于克鲁姆洛夫老城--圣维特大教堂--埃贡希勒画廊--捷克第二大的克鲁姆洛夫城堡，夏季还可延着蜿蜒的伏尔塔瓦河来趟酣畅淋漓的漂流！行程结束，前往布杰约维采入住酒店休息。',
    '在捷克克鲁姆洛夫，让时光倒回到文艺复兴时期，顺着蜿蜒的伏尔塔瓦河延伸到天尽, 就像是文艺复兴时期建筑的一块瑰宝。它是由迷宫似的小巷, 装饰华丽的排屋墙以及百花盛开的花园共同和谐交织着。同时，它又拥有中世纪的酒馆，小酒吧，画廊和石墨矿。由于其完好的保存了独特的中世纪核心，因此捷克克鲁姆洛夫被列入联合国教科文组织名单。',
    '../images/ZJ/trip/33.jpg',
    '../images/ZJ/trip/34.jpg',
    2
  ),
  (
    26,
    'Hotel Telč 或同级',
    '早餐酒店自助，午餐敬请自理，晚餐敬请自理',
    '捷克布杰约维采  ',
    '早餐后，行程始于奥托卡二世广场--参孙喷泉--市政厅--圣尼古拉教堂--黑塔，前往赫卢博卡城堡参观。后前往泰尔奇酒店休息，之后在捷克著名的“好兵帅克”餐厅享用波西米亚美食！体会捷克布杰约维采美丽如画的角落，被优雅美丽的市民住宅包围的广场、美丽如画的盐仓屋及酿造原始百威啤酒的啤酒厂，品尝举世闻名的百威啤酒美味和享受城市温和气氛，由此给予自己一趟不凡旅途观感。这就是南波希米亚州首府捷克布杰约维采市。此座城市数百年保存其历史美貌，同时也是该州的现代中心。',
    '南波希米亚新哥特式珍宝素有捷克的“英国温莎古堡”之称的赫卢博卡城堡，赫卢博卡宫殿是历史爱好者前往南波希米亚旅途中理想的目的地，无可救药的浪漫主义及各类运动的拥护者都能在此找到乐趣。多亏施瓦岑贝格家族保持了目前的外观，才使它常常被称为是捷克最美丽的宫殿。',
    '../images/ZJ/trip/35.jpg',
    '../images/ZJ/trip/36.jpg',
    2
  ),
  (
    27,
    'My Hotel 或同级',
    '早餐酒店自助，午餐敬请自理，晚餐敬请自理',
    '泰尔奇',
    '始于泰尔奇老城广场--泰尔奇城堡--城堡花园--城堡公园--圣灵塔楼和教堂，后前往莱德尼采瓦尔季采文化风景区莱德尼采城堡.“特尔奇”的童话世界，很难想象能有比特尔奇更有童话色彩的小镇。一个犹如从安徒生童话故事中搬出来的广场，一座浪漫的庄园宫殿 ， 和几个清澈的池塘环绕着这座小城。特尔奇市是在阿尔卑斯山以北地区意大利文艺复兴式建筑艺术的完美代表。特尔奇市中心的广场堪称欧洲最美丽的广场之一。因此，它也当之无愧被列为联合国教科文组织的世界文化遗产。',
    '莱德尼采-瓦尔齐采文化风景区占地300平方公里，由列支敦士登的贵族家族用过了几个世纪的时间修建而成。大自然的鬼斧神工与人类智慧的结晶，让人心醉神迷的美丽风景。这里不但保留着原始的野性美，还会带给您心灵上的愉悦和详和，堪称浪漫的列支敦士登，不愧为联合国教科文组织世界文化遗产。',
    '../images/ZJ/trip/33.jpg',
    '../images/ZJ/trip/34.jpg',
    2
  ),
  (
    28,
    'Prachárna Park Hotel 或同级',
    '早餐酒店自助，午餐敬请自理，晚餐敬请自理',
    '莱德尼采',
    '早餐后继续游览莱德尼采瓦尔季采风景区-瓦尔季采城堡，后前往奥洛穆茨游览圣三柱--城市喷泉--圣姆里斯教堂瓦尔季采地区被称为葡萄酒之都。您可以品尝宏伟城堡地窖中的各种葡萄酒！瓦尔季采的明珠是一个巴洛克式的城堡，列支敦士登家族的故居。城堡位于传统的葡萄酒产区中心，是由十三位王子逐步建立起来的。其中的设备和装置以及藏品和大量的物品足以和 18世纪的维也纳皇家法院相媲美。非常值得一看的是宏伟的名誉法庭、城堡的内部装饰。大量的酒窖是捷克葡萄酒沙龙的中心，也是最好的摩拉维亚和波希米亚葡萄酒的品尝之地。不要错过在广阔无垠的城堡公园中散散步，参观巴洛克式剧院遗迹、有百年历史的酒窖和草药花园。',
    '巴洛克的玫瑰：奥洛穆茨！奥洛穆茨早就是捷克王国最主要城市之一。由于其地理位置、古老的大学以及其精神与文化传统使这座城市成为莫拉维亚地区中心。在捷克共和国，奥洛穆茨历史中心文物古迹保护区仅次于布拉格。其著名名胜古迹是被列入世界文化遗产名录的圣三柱。当您访问奥洛穆茨时，也别忘了品尝那里的特色小吃：具有独一无二味道和气味的奶酪。',
    '../images/ZJ/trip/39.jpg',
    '../images/ZJ/trip/40.jpg',
    2
  ),
  (
    29,
    'Prachárna Park Hotel 或同级',
    '早餐酒店自助，午餐敬请自理，晚餐敬请自理',
    '奥洛穆茨',
    '自由广场--老市政厅--地下迷宫--圣彼得圣保罗大教堂--丹尼斯果园--斯皮尔斯城堡--，晚餐前往皇家丽思酒店享用。在布尔诺的中心品尝正宗的摩拉维亚葡萄酒，舒适温馨的餐厅内，我们可以品尝到来自捷克、意大利和法国的美食。',
    '探索布尔诺市的神奇的功能主义风格流派，摩拉维首府布尔诺市是捷克共和国的第二大城市，也是通南摩拉维亚肥沃的葡萄园的大门。旧市政厅前显示着身高两米的龙，崇尚功能主义流派的图根哈特家族别墅是明亮的珍珠。这些在著名的联合国教科文组织名单中已经注册。',
    '../images/ZJ/trip/41.jpg',
    '../images/ZJ/trip/42.jpg',
    2
  ),
  (
    30,
    '.Republic Hotel 或同级',
    '早餐酒店自助，午餐敬请自理，晚餐敬请自理',
    '布尔诺',
    '早餐后前往库特纳霍拉。行程始于：举世闻名的人骨教堂--圣母教堂--意大利宫--银矿博物馆--圣巴巴拉大教堂--石头喷泉和石屋。午餐选择著名的库特纳霍拉城的达奇茨基餐厅，真实的古老波西米亚炼金士餐厅。后返回布拉格圆满结束古老神秘波西米亚揭秘之旅！',
    '库特纳霍拉是波希米亚王国之宝被称为中世纪银城，银城的来由是因其曾提供大量银币来帮助波希米亚王国的发展。因其历史重要性及诸多建筑瑰宝，其老城区于1995年列入了联合国教科文组织世界文化遗产列表中。街巷阡陌、各房阁楼及教堂均充满重大事件悠久历史之气息。绝无仅有的晚期哥德式圣巴巴拉教堂为库特纳霍拉的闻名于世的象征。',
    '../images/ZJ/trip/43.jpg',
    '../images/ZJ/trip/44.jpg',
    2
  ),
  (
    31,
    '飞机',
    '早餐酒店自助，午餐球会简餐，晚餐飞机简餐',
    '飞机',
    '抵达北京',
    NULL,
    NULL,
    NULL,
    2
  ),
  (
    32,
    '伦敦朱美拉朗兹酒店 或同级',
    '早餐飞机简餐，午餐飞机简餐，晚餐推荐 唐茶苑餐厅',
    '北京',
    '请您根据航班时间提前3小时抵达机场，乘坐国际航班飞往英国伦敦。抵达后专人接机，送往酒店休息，养足精神迎接第二天的美好体验。',
    NULL,
    NULL,
    NULL,
    3
  ),
  (
    33,
    '伦敦朱美拉朗兹酒店 或同级',
    '早餐酒店自助，午餐推荐Mozzarella bar餐厅，晚餐推荐Bibendum餐厅',
    '酒店',
    '游览伦敦市区：大本钟、英国国会大厦、西敏寺大教堂外观、唐宁街10号首相官邸、白金汉',
    '参观大英博物馆。如果时间允许，可自行选择乘坐伦敦眼摩天轮俯视伦敦泰晤士河',
    '../images/ZJ/trip/2.jpg',
    '../images/ZJ/trip/3.jpg',
    3
  ),
  (
    34,
    '爱丁堡喜来登酒店 或同级',
    '早餐酒店自助，午餐球会餐厅，晚餐推荐Ondine餐厅',
    'The Grove求茶馆 ',
    '挥杆Grove冠军高尔夫球场',
    '乘坐飞机抵达爱丁堡，入住酒店休息',
    '../images/ZJ/trip/4.jpg',
    '../images/ZJ/trip/5.jpg',
    3
  ),
  (
    35,
    '爱丁堡喜来登酒店 或同级',
    '早餐酒店自助，午餐球会餐厅，晚餐推荐seafood resturant餐厅',
    '爱丁堡',
    '前往圣安德鲁斯，在世界文化遗产Forth大桥停留摄影。参观圣安德鲁斯老球场和球场俱乐部，并摇号老球场。',
    '苏格兰高尔夫职业球手指导如何玩转林克斯球场。挥杆圣安德鲁斯金士邦林克斯球场',
    '../images/ZJ/trip/6.jpg',
    '../images/ZJ/trip/7.jpg',
    3
  ),
  (
    36,
    '科克福塔岛度温泉酒店 或同级',
    '早餐酒店自助，午餐途中简餐，晚餐推荐圆明园中餐厅',
    '爱丁堡',
    '参观爱丁堡城堡，皇家一英里，圣十字宫，之后去苏格兰威士忌体验中心。',
    '抵达科克，挥杆福塔岛高尔夫度假村的Deerpark球场。',
    '../images/ZJ/trip/8.jpg',
    '../images/ZJ/trip/9.jpg',
    3
  ),
  (
    37,
    '科克福塔岛度温泉酒店 或同级',
    '早餐酒店自助，午餐球会餐厅，晚餐澳门餐厅',
    '酒店',
    '参观景色优美的Kinsale小镇。',
    '挥杆大西洋老人头林克斯高尔夫球场。',
    '../images/ZJ/trip/10.jpg',
    '../images/ZJ/trip/11.jpg',
    3
  ),
  (
    38,
    '都柏林洲际酒店 或同级',
    '早餐酒店自助，午餐途中简餐，晚餐推荐Chapter One餐厅',
    '科克',
    '科克出发前往都柏林，抵达后参观游览Grafton大街、圣三一学院图书馆。',
    '在Guinness健力士啤酒厂看啤酒的酿造过程并品尝不同口味啤酒。聆听都柏林St. Patrick大教堂圣诗班合唱 (3:15pm请肃静准时）。晚上，观看爱尔兰大河舞晚会（含晚宴）',
    '../images/ZJ/trip/12.jpg',
    '../images/ZJ/trip/13.jpg',
    3
  ),
  (
    39,
    '都柏林洲际酒店',
    '早餐酒店自助，午餐球会餐厅，晚餐推荐巴蜀人家餐厅',
    '酒店',
    '今日前往莱德杯比赛球场——K Club挥杆。',
    '前往基尔代尔奥特莱斯购物，并在基尔代尔体验爱尔兰休闲骑马。',
    '../images/ZJ/trip/14.jpg',
    '../images/ZJ/trip/15.jpg',
    3
  ),
  (
    40,
    '酒店',
    '早餐飞机简餐，午餐敬请自理，晚餐敬请自理',
    '酒店',
    '挥杆波特马诺克高尔夫球场。',
    '根据航班时间提前3小时前往机场，乘坐国际航班返程回中国。',
    '../images/ZJ/trip/16.jpg',
    '../images/ZJ/trip/17.jpg',
    3
  ),
  (
    41,
    '飞机',
    '早餐飞机简餐，午餐飞机简餐',
    '飞机',
    '抵达北京',
    NULL,
    NULL,
    NULL,
    3
  ),
  (
    42,
    'Boat Hotel Matylda 或同级',
    '早餐飞机简餐，午餐敬请自理，晚餐敬请自理',
    '北京',
    '今日早晨抵达布拉格，早餐后开始今日游览。行程始于：被誉称为布拉格的“香榭里舍大道”“瓦茨拉夫大街”-犹太人城区，午餐后尽情的挑选一件纯手工制作的波西米亚水晶制品或找一家百年咖啡馆感受布拉格的神秘，傍晚前往“高堡”欣赏余晖下的金色布拉格，在一餐经典难忘的波西米亚歌舞表演晚餐后不要忘记看一场捷克国粹”黑光剧“呦！',
    NULL,
    '../images/ZJ/trip/23.jpg',
    '../images/ZJ/trip/24.jpg',
    4
  ),
  (
    43,
    'Boat Hotel Matylda 玛提尔达船酒店',
    '早餐酒店自助，午餐敬请自理，晚餐波西米亚自助晚餐',
    '布拉格',
    '皇家之路起点火药塔-老城广场-查理桥-小城广场，午餐后游览世界最大古城堡布拉格城堡后游船游览伏尔塔瓦河两岸风光同时享受正宗波西米亚自助晚餐。',
    '著名的布拉格天文钟、精品服装店及伏尔塔瓦河上的游船，哥特式的查理大桥及布拉格最美丽的教堂——小城区的圣尼古拉教堂。闹中取静的皇家花园、佩特任山及山寨版埃菲尔铁塔的瞭望塔以及布拉格城堡……布拉格各区风情迥异，魅力无穷。布拉格也是个文化风格冲突的城市：一边浪漫，一边穿急，一面古老，一面现代，它是个欢迎并吸纳世界文化精髓的都市。',
    '../images/ZJ/trip/25.jpg',
    '../images/ZJ/trip/26.jpg',
    4
  ),
  (
    44,
    'The Forest Garden酒店 或同级',
    '早餐酒店自助，午餐敬请自理，晚餐敬请自理',
    '布拉格',
    '早餐后前往捷克瑞士国家公园，行程始于：加布里埃尔之路起点，前往普拉伏奇斯卡之门。捷克的自然景观中有几个堪称欧洲之“最”。其中一个就在童话般的捷克“小瑞士国家公园”之中',
    '作为捷克的“小瑞士”象征，普拉伏奇斯卡之门是全欧洲最大的由天然岩石形成的大门。身临其境感受这雄伟壮阔的大自然杰作，无不惊叹于它的高大巍峨和自然的鬼斧神工。',
    '../images/ZJ/trip/27.jpg',
    '../images/ZJ/trip/26.jpg',
    4
  ),
  (
    45,
    'Hotel Romance Puškin 或同级',
    '早餐酒店自助，午餐敬请自理，晚餐敬请自理',
    '捷克瑞士国家公园',
    '餐后前往温泉之都卡罗维发利。行程始于优雅的柱廊-如穆勒和市场温泉回廊--磨坊回廊--温泉大厅--剧院或剧场-皇家浴场和圣玛利亚教堂。游览后不要忘了来个传统的水疗SPA哦！',
    '\"卡罗维发利”为波希米亚温泉三角区的宝石、王者，完美独特的水疗建筑，雄伟的柱廊温泉布局在优雅和迷人的地点，周围是树木茂盛的山谷，这些都是卡罗维发利。在欧洲艺术和社会生活中最有名的人物都曾造访过该处，现在为捷克共和国第二大参观景点。由于其温泉回廊独特的建筑方式，使它成为欧洲最美丽的温泉市之一。',
    '../images/ZJ/trip/29.jpg',
    '../images/ZJ/trip/30.jpg',
    4
  ),
  (
    46,
    'Hotel Grand 或同级',
    '早餐酒店自助，午餐敬请自理，晚餐敬请自理',
    '卡罗维发利',
    '早餐后前往啤酒之都皮尔森。行程始于全球闻名的皮尔森啤酒厂--啤酒博物馆--捷克最高的圣巴多罗买大教堂--全球第三大的大犹太会堂。午餐后前往世界文化遗产小镇“霍拉舍维采”，晚餐选择在著名的洞穴餐厅享用波西米亚烤猪肘大餐!!比尔森地区追求世上最好的啤酒，卓越独特的酿造啤酒师约瑟夫·哥罗尔1842年用新奇的底层发酵方式酿造啤酒时，没想到将来会成为酿造一切淡色啤酒的鼻祖。',
    '霍拉舍维采的神奇魅力，让您很难找到另外一个这样的地方，这么小的空间却汇聚着如此之大的魅力，绝对称得上是全捷克最美的村落。美丽的巴洛克式农屋环绕村庄排开，点缀在广阔的绿色田野之间，这样的乡村美景也使小镇荣登联合国教科文组织的世界文化遗产名录。',
    '../images/ZJ/trip/31.jpg',
    '../images/ZJ/trip/32.jpg',
    4
  ),
  (
    47,
    'Hotel Malý Pivovar 或同级',
    '早餐酒店自助，午餐敬请自理，晚餐敬请自理',
    '克鲁姆洛夫',
    '行程始于克鲁姆洛夫老城--圣维特大教堂--埃贡希勒画廊--捷克第二大的克鲁姆洛夫城堡，夏季还可延着蜿蜒的伏尔塔瓦河来趟酣畅淋漓的漂流！行程结束，前往布杰约维采入住酒店休息。',
    '在捷克克鲁姆洛夫，让时光倒回到文艺复兴时期，顺着蜿蜒的伏尔塔瓦河延伸到天尽, 就像是文艺复兴时期建筑的一块瑰宝。它是由迷宫似的小巷, 装饰华丽的排屋墙以及百花盛开的花园共同和谐交织着。同时，它又拥有中世纪的酒馆，小酒吧，画廊和石墨矿。由于其完好的保存了独特的中世纪核心，因此捷克克鲁姆洛夫被列入联合国教科文组织名单。',
    '../images/ZJ/trip/33.jpg',
    '../images/ZJ/trip/34.jpg',
    4
  ),
  (
    48,
    'Hotel Telč 或同级',
    '早餐酒店自助，午餐敬请自理，晚餐敬请自理',
    '捷克布杰约维采  ',
    '早餐后，行程始于奥托卡二世广场--参孙喷泉--市政厅--圣尼古拉教堂--黑塔，前往赫卢博卡城堡参观。后前往泰尔奇酒店休息，之后在捷克著名的“好兵帅克”餐厅享用波西米亚美食！体会捷克布杰约维采美丽如画的角落，被优雅美丽的市民住宅包围的广场、美丽如画的盐仓屋及酿造原始百威啤酒的啤酒厂，品尝举世闻名的百威啤酒美味和享受城市温和气氛，由此给予自己一趟不凡旅途观感。这就是南波希米亚州首府捷克布杰约维采市。此座城市数百年保存其历史美貌，同时也是该州的现代中心。',
    '南波希米亚新哥特式珍宝素有捷克的“英国温莎古堡”之称的赫卢博卡城堡，赫卢博卡宫殿是历史爱好者前往南波希米亚旅途中理想的目的地，无可救药的浪漫主义及各类运动的拥护者都能在此找到乐趣。多亏施瓦岑贝格家族保持了目前的外观，才使它常常被称为是捷克最美丽的宫殿。',
    '../images/ZJ/trip/35.jpg',
    '../images/ZJ/trip/36.jpg',
    4
  ),
  (
    49,
    'My Hotel 或同级',
    '早餐酒店自助，午餐敬请自理，晚餐敬请自理',
    '泰尔奇',
    '始于泰尔奇老城广场--泰尔奇城堡--城堡花园--城堡公园--圣灵塔楼和教堂，后前往莱德尼采瓦尔季采文化风景区莱德尼采城堡.“特尔奇”的童话世界，很难想象能有比特尔奇更有童话色彩的小镇。一个犹如从安徒生童话故事中搬出来的广场，一座浪漫的庄园宫殿 ， 和几个清澈的池塘环绕着这座小城。特尔奇市是在阿尔卑斯山以北地区意大利文艺复兴式建筑艺术的完美代表。特尔奇市中心的广场堪称欧洲最美丽的广场之一。因此，它也当之无愧被列为联合国教科文组织的世界文化遗产。',
    '莱德尼采-瓦尔齐采文化风景区占地300平方公里，由列支敦士登的贵族家族用过了几个世纪的时间修建而成。大自然的鬼斧神工与人类智慧的结晶，让人心醉神迷的美丽风景。这里不但保留着原始的野性美，还会带给您心灵上的愉悦和详和，堪称浪漫的列支敦士登，不愧为联合国教科文组织世界文化遗产。',
    '../images/ZJ/trip/33.jpg',
    '../images/ZJ/trip/34.jpg',
    4
  ),
  (
    50,
    'Prachárna Park Hotel 或同级',
    '早餐酒店自助，午餐敬请自理，晚餐敬请自理',
    '莱德尼采',
    '早餐后继续游览莱德尼采瓦尔季采风景区-瓦尔季采城堡，后前往奥洛穆茨游览圣三柱--城市喷泉--圣姆里斯教堂瓦尔季采地区被称为葡萄酒之都。您可以品尝宏伟城堡地窖中的各种葡萄酒！瓦尔季采的明珠是一个巴洛克式的城堡，列支敦士登家族的故居。城堡位于传统的葡萄酒产区中心，是由十三位王子逐步建立起来的。其中的设备和装置以及藏品和大量的物品足以和 18世纪的维也纳皇家法院相媲美。非常值得一看的是宏伟的名誉法庭、城堡的内部装饰。大量的酒窖是捷克葡萄酒沙龙的中心，也是最好的摩拉维亚和波希米亚葡萄酒的品尝之地。不要错过在广阔无垠的城堡公园中散散步，参观巴洛克式剧院遗迹、有百年历史的酒窖和草药花园。',
    '巴洛克的玫瑰：奥洛穆茨！奥洛穆茨早就是捷克王国最主要城市之一。由于其地理位置、古老的大学以及其精神与文化传统使这座城市成为莫拉维亚地区中心。在捷克共和国，奥洛穆茨历史中心文物古迹保护区仅次于布拉格。其著名名胜古迹是被列入世界文化遗产名录的圣三柱。当您访问奥洛穆茨时，也别忘了品尝那里的特色小吃：具有独一无二味道和气味的奶酪。',
    '../images/ZJ/trip/39.jpg',
    '../images/ZJ/trip/40.jpg',
    4
  ),
  (
    51,
    'Prachárna Park Hotel 或同级',
    '早餐酒店自助，午餐敬请自理，晚餐敬请自理',
    '奥洛穆茨',
    '自由广场--老市政厅--地下迷宫--圣彼得圣保罗大教堂--丹尼斯果园--斯皮尔斯城堡--，晚餐前往皇家丽思酒店享用。在布尔诺的中心品尝正宗的摩拉维亚葡萄酒，舒适温馨的餐厅内，我们可以品尝到来自捷克、意大利和法国的美食。',
    '探索布尔诺市的神奇的功能主义风格流派，摩拉维首府布尔诺市是捷克共和国的第二大城市，也是通南摩拉维亚肥沃的葡萄园的大门。旧市政厅前显示着身高两米的龙，崇尚功能主义流派的图根哈特家族别墅是明亮的珍珠。这些在著名的联合国教科文组织名单中已经注册。',
    '../images/ZJ/trip/41.jpg',
    '../images/ZJ/trip/42.jpg',
    4
  ),
  (
    52,
    '.Republic Hotel 或同级',
    '早餐酒店自助，午餐敬请自理，晚餐敬请自理',
    '布尔诺',
    '早餐后前往库特纳霍拉。行程始于：举世闻名的人骨教堂--圣母教堂--意大利宫--银矿博物馆--圣巴巴拉大教堂--石头喷泉和石屋。午餐选择著名的库特纳霍拉城的达奇茨基餐厅，真实的古老波西米亚炼金士餐厅。后返回布拉格圆满结束古老神秘波西米亚揭秘之旅！',
    '库特纳霍拉是波希米亚王国之宝被称为中世纪银城，银城的来由是因其曾提供大量银币来帮助波希米亚王国的发展。因其历史重要性及诸多建筑瑰宝，其老城区于1995年列入了联合国教科文组织世界文化遗产列表中。街巷阡陌、各房阁楼及教堂均充满重大事件悠久历史之气息。绝无仅有的晚期哥德式圣巴巴拉教堂为库特纳霍拉的闻名于世的象征。',
    '../images/ZJ/trip/43.jpg',
    '../images/ZJ/trip/44.jpg',
    4
  ),
  (
    53,
    '飞机',
    '早餐酒店自助，午餐球会简餐，晚餐飞机简餐',
    '飞机',
    '抵达北京',
    NULL,
    NULL,
    NULL,
    4
  ),
  (
    54,
    'Boat Hotel Matylda 或同级',
    '早餐飞机简餐，午餐敬请自理，晚餐敬请自理',
    '北京',
    '今日早晨抵达布拉格，早餐后开始今日游览。行程始于：被誉称为布拉格的“香榭里舍大道”“瓦茨拉夫大街”-犹太人城区，午餐后尽情的挑选一件纯手工制作的波西米亚水晶制品或找一家百年咖啡馆感受布拉格的神秘，傍晚前往“高堡”欣赏余晖下的金色布拉格，在一餐经典难忘的波西米亚歌舞表演晚餐后不要忘记看一场捷克国粹”黑光剧“呦！',
    NULL,
    '../images/ZJ/trip/23.jpg',
    '../images/ZJ/trip/24.jpg',
    5
  ),
  (
    55,
    'Boat Hotel Matylda 玛提尔达船酒店',
    '早餐酒店自助，午餐敬请自理，晚餐波西米亚自助晚餐',
    '布拉格',
    '皇家之路起点火药塔-老城广场-查理桥-小城广场，午餐后游览世界最大古城堡布拉格城堡后游船游览伏尔塔瓦河两岸风光同时享受正宗波西米亚自助晚餐。',
    '著名的布拉格天文钟、精品服装店及伏尔塔瓦河上的游船，哥特式的查理大桥及布拉格最美丽的教堂——小城区的圣尼古拉教堂。闹中取静的皇家花园、佩特任山及山寨版埃菲尔铁塔的瞭望塔以及布拉格城堡……布拉格各区风情迥异，魅力无穷。布拉格也是个文化风格冲突的城市：一边浪漫，一边穿急，一面古老，一面现代，它是个欢迎并吸纳世界文化精髓的都市。',
    '../images/ZJ/trip/25.jpg',
    '../images/ZJ/trip/26.jpg',
    5
  ),
  (
    56,
    'The Forest Garden酒店 或同级',
    '早餐酒店自助，午餐敬请自理，晚餐敬请自理',
    '布拉格',
    '早餐后前往捷克瑞士国家公园，行程始于：加布里埃尔之路起点，前往普拉伏奇斯卡之门。捷克的自然景观中有几个堪称欧洲之“最”。其中一个就在童话般的捷克“小瑞士国家公园”之中',
    '作为捷克的“小瑞士”象征，普拉伏奇斯卡之门是全欧洲最大的由天然岩石形成的大门。身临其境感受这雄伟壮阔的大自然杰作，无不惊叹于它的高大巍峨和自然的鬼斧神工。',
    '../images/ZJ/trip/27.jpg',
    '../images/ZJ/trip/26.jpg',
    5
  ),
  (
    57,
    'Hotel Romance Puškin 或同级',
    '早餐酒店自助，午餐敬请自理，晚餐敬请自理',
    '捷克瑞士国家公园',
    '餐后前往温泉之都卡罗维发利。行程始于优雅的柱廊-如穆勒和市场温泉回廊--磨坊回廊--温泉大厅--剧院或剧场-皇家浴场和圣玛利亚教堂。游览后不要忘了来个传统的水疗SPA哦！',
    '\"卡罗维发利”为波希米亚温泉三角区的宝石、王者，完美独特的水疗建筑，雄伟的柱廊温泉布局在优雅和迷人的地点，周围是树木茂盛的山谷，这些都是卡罗维发利。在欧洲艺术和社会生活中最有名的人物都曾造访过该处，现在为捷克共和国第二大参观景点。由于其温泉回廊独特的建筑方式，使它成为欧洲最美丽的温泉市之一。',
    '../images/ZJ/trip/29.jpg',
    '../images/ZJ/trip/30.jpg',
    5
  ),
  (
    58,
    'Hotel Grand 或同级',
    '早餐酒店自助，午餐敬请自理，晚餐敬请自理',
    '卡罗维发利',
    '早餐后前往啤酒之都皮尔森。行程始于全球闻名的皮尔森啤酒厂--啤酒博物馆--捷克最高的圣巴多罗买大教堂--全球第三大的大犹太会堂。午餐后前往世界文化遗产小镇“霍拉舍维采”，晚餐选择在著名的洞穴餐厅享用波西米亚烤猪肘大餐!!比尔森地区追求世上最好的啤酒，卓越独特的酿造啤酒师约瑟夫·哥罗尔1842年用新奇的底层发酵方式酿造啤酒时，没想到将来会成为酿造一切淡色啤酒的鼻祖。',
    '霍拉舍维采的神奇魅力，让您很难找到另外一个这样的地方，这么小的空间却汇聚着如此之大的魅力，绝对称得上是全捷克最美的村落。美丽的巴洛克式农屋环绕村庄排开，点缀在广阔的绿色田野之间，这样的乡村美景也使小镇荣登联合国教科文组织的世界文化遗产名录。',
    '../images/ZJ/trip/31.jpg',
    '../images/ZJ/trip/32.jpg',
    5
  ),
  (
    59,
    'Hotel Malý Pivovar 或同级',
    '早餐酒店自助，午餐敬请自理，晚餐敬请自理',
    '克鲁姆洛夫',
    '行程始于克鲁姆洛夫老城--圣维特大教堂--埃贡希勒画廊--捷克第二大的克鲁姆洛夫城堡，夏季还可延着蜿蜒的伏尔塔瓦河来趟酣畅淋漓的漂流！行程结束，前往布杰约维采入住酒店休息。',
    '在捷克克鲁姆洛夫，让时光倒回到文艺复兴时期，顺着蜿蜒的伏尔塔瓦河延伸到天尽, 就像是文艺复兴时期建筑的一块瑰宝。它是由迷宫似的小巷, 装饰华丽的排屋墙以及百花盛开的花园共同和谐交织着。同时，它又拥有中世纪的酒馆，小酒吧，画廊和石墨矿。由于其完好的保存了独特的中世纪核心，因此捷克克鲁姆洛夫被列入联合国教科文组织名单。',
    '../images/ZJ/trip/33.jpg',
    '../images/ZJ/trip/34.jpg',
    5
  ),
  (
    60,
    'Hotel Telč 或同级',
    '早餐酒店自助，午餐敬请自理，晚餐敬请自理',
    '捷克布杰约维采  ',
    '早餐后，行程始于奥托卡二世广场--参孙喷泉--市政厅--圣尼古拉教堂--黑塔，前往赫卢博卡城堡参观。后前往泰尔奇酒店休息，之后在捷克著名的“好兵帅克”餐厅享用波西米亚美食！体会捷克布杰约维采美丽如画的角落，被优雅美丽的市民住宅包围的广场、美丽如画的盐仓屋及酿造原始百威啤酒的啤酒厂，品尝举世闻名的百威啤酒美味和享受城市温和气氛，由此给予自己一趟不凡旅途观感。这就是南波希米亚州首府捷克布杰约维采市。此座城市数百年保存其历史美貌，同时也是该州的现代中心。',
    '南波希米亚新哥特式珍宝素有捷克的“英国温莎古堡”之称的赫卢博卡城堡，赫卢博卡宫殿是历史爱好者前往南波希米亚旅途中理想的目的地，无可救药的浪漫主义及各类运动的拥护者都能在此找到乐趣。多亏施瓦岑贝格家族保持了目前的外观，才使它常常被称为是捷克最美丽的宫殿。',
    '../images/ZJ/trip/35.jpg',
    '../images/ZJ/trip/36.jpg',
    5
  ),
  (
    61,
    'My Hotel 或同级',
    '早餐酒店自助，午餐敬请自理，晚餐敬请自理',
    '泰尔奇',
    '始于泰尔奇老城广场--泰尔奇城堡--城堡花园--城堡公园--圣灵塔楼和教堂，后前往莱德尼采瓦尔季采文化风景区莱德尼采城堡.“特尔奇”的童话世界，很难想象能有比特尔奇更有童话色彩的小镇。一个犹如从安徒生童话故事中搬出来的广场，一座浪漫的庄园宫殿 ， 和几个清澈的池塘环绕着这座小城。特尔奇市是在阿尔卑斯山以北地区意大利文艺复兴式建筑艺术的完美代表。特尔奇市中心的广场堪称欧洲最美丽的广场之一。因此，它也当之无愧被列为联合国教科文组织的世界文化遗产。',
    '莱德尼采-瓦尔齐采文化风景区占地300平方公里，由列支敦士登的贵族家族用过了几个世纪的时间修建而成。大自然的鬼斧神工与人类智慧的结晶，让人心醉神迷的美丽风景。这里不但保留着原始的野性美，还会带给您心灵上的愉悦和详和，堪称浪漫的列支敦士登，不愧为联合国教科文组织世界文化遗产。',
    '../images/ZJ/trip/33.jpg',
    '../images/ZJ/trip/34.jpg',
    5
  ),
  (
    62,
    'Prachárna Park Hotel 或同级',
    '早餐酒店自助，午餐敬请自理，晚餐敬请自理',
    '莱德尼采',
    '早餐后继续游览莱德尼采瓦尔季采风景区-瓦尔季采城堡，后前往奥洛穆茨游览圣三柱--城市喷泉--圣姆里斯教堂瓦尔季采地区被称为葡萄酒之都。您可以品尝宏伟城堡地窖中的各种葡萄酒！瓦尔季采的明珠是一个巴洛克式的城堡，列支敦士登家族的故居。城堡位于传统的葡萄酒产区中心，是由十三位王子逐步建立起来的。其中的设备和装置以及藏品和大量的物品足以和 18世纪的维也纳皇家法院相媲美。非常值得一看的是宏伟的名誉法庭、城堡的内部装饰。大量的酒窖是捷克葡萄酒沙龙的中心，也是最好的摩拉维亚和波希米亚葡萄酒的品尝之地。不要错过在广阔无垠的城堡公园中散散步，参观巴洛克式剧院遗迹、有百年历史的酒窖和草药花园。',
    '巴洛克的玫瑰：奥洛穆茨！奥洛穆茨早就是捷克王国最主要城市之一。由于其地理位置、古老的大学以及其精神与文化传统使这座城市成为莫拉维亚地区中心。在捷克共和国，奥洛穆茨历史中心文物古迹保护区仅次于布拉格。其著名名胜古迹是被列入世界文化遗产名录的圣三柱。当您访问奥洛穆茨时，也别忘了品尝那里的特色小吃：具有独一无二味道和气味的奶酪。',
    '../images/ZJ/trip/39.jpg',
    '../images/ZJ/trip/40.jpg',
    5
  ),
  (
    63,
    'Prachárna Park Hotel 或同级',
    '早餐酒店自助，午餐敬请自理，晚餐敬请自理',
    '奥洛穆茨',
    '自由广场--老市政厅--地下迷宫--圣彼得圣保罗大教堂--丹尼斯果园--斯皮尔斯城堡--，晚餐前往皇家丽思酒店享用。在布尔诺的中心品尝正宗的摩拉维亚葡萄酒，舒适温馨的餐厅内，我们可以品尝到来自捷克、意大利和法国的美食。',
    '探索布尔诺市的神奇的功能主义风格流派，摩拉维首府布尔诺市是捷克共和国的第二大城市，也是通南摩拉维亚肥沃的葡萄园的大门。旧市政厅前显示着身高两米的龙，崇尚功能主义流派的图根哈特家族别墅是明亮的珍珠。这些在著名的联合国教科文组织名单中已经注册。',
    '../images/ZJ/trip/41.jpg',
    '../images/ZJ/trip/42.jpg',
    5
  ),
  (
    64,
    '.Republic Hotel 或同级',
    '早餐酒店自助，午餐敬请自理，晚餐敬请自理',
    '布尔诺',
    '早餐后前往库特纳霍拉。行程始于：举世闻名的人骨教堂--圣母教堂--意大利宫--银矿博物馆--圣巴巴拉大教堂--石头喷泉和石屋。午餐选择著名的库特纳霍拉城的达奇茨基餐厅，真实的古老波西米亚炼金士餐厅。后返回布拉格圆满结束古老神秘波西米亚揭秘之旅！',
    '库特纳霍拉是波希米亚王国之宝被称为中世纪银城，银城的来由是因其曾提供大量银币来帮助波希米亚王国的发展。因其历史重要性及诸多建筑瑰宝，其老城区于1995年列入了联合国教科文组织世界文化遗产列表中。街巷阡陌、各房阁楼及教堂均充满重大事件悠久历史之气息。绝无仅有的晚期哥德式圣巴巴拉教堂为库特纳霍拉的闻名于世的象征。',
    '../images/ZJ/trip/43.jpg',
    '../images/ZJ/trip/44.jpg',
    5
  ),
  (
    65,
    '飞机',
    '早餐酒店自助，午餐球会简餐，晚餐飞机简餐',
    '飞机',
    '抵达北京',
    NULL,
    NULL,
    NULL,
    5
  ),
  (
    66,
    '伦敦朱美拉朗兹酒店 或同级',
    '早餐飞机简餐，午餐飞机简餐，晚餐推荐 唐茶苑餐厅',
    '北京',
    '请您根据航班时间提前3小时抵达机场，乘坐国际航班飞往英国伦敦。抵达后专人接机，送往酒店休息，养足精神迎接第二天的美好体验。',
    NULL,
    NULL,
    NULL,
    6
  ),
  (
    67,
    '伦敦朱美拉朗兹酒店 或同级',
    '早餐酒店自助，午餐推荐Mozzarella bar餐厅，晚餐推荐Bibendum餐厅',
    '酒店',
    '游览伦敦市区：大本钟、英国国会大厦、西敏寺大教堂外观、唐宁街10号首相官邸、白金汉',
    '参观大英博物馆。如果时间允许，可自行选择乘坐伦敦眼摩天轮俯视伦敦泰晤士河',
    '../images/ZJ/trip/2.jpg',
    '../images/ZJ/trip/3.jpg',
    6
  ),
  (
    68,
    '爱丁堡喜来登酒店 或同级',
    '早餐酒店自助，午餐球会餐厅，晚餐推荐Ondine餐厅',
    'The Grove求茶馆 ',
    '挥杆Grove冠军高尔夫球场',
    '乘坐飞机抵达爱丁堡，入住酒店休息',
    '../images/ZJ/trip/4.jpg',
    '../images/ZJ/trip/5.jpg',
    6
  ),
  (
    69,
    '爱丁堡喜来登酒店 或同级',
    '早餐酒店自助，午餐球会餐厅，晚餐推荐seafood resturant餐厅',
    '爱丁堡',
    '前往圣安德鲁斯，在世界文化遗产Forth大桥停留摄影。参观圣安德鲁斯老球场和球场俱乐部，并摇号老球场。',
    '苏格兰高尔夫职业球手指导如何玩转林克斯球场。挥杆圣安德鲁斯金士邦林克斯球场',
    '../images/ZJ/trip/6.jpg',
    '../images/ZJ/trip/7.jpg',
    6
  ),
  (
    70,
    '科克福塔岛度温泉酒店 或同级',
    '早餐酒店自助，午餐途中简餐，晚餐推荐圆明园中餐厅',
    '爱丁堡',
    '参观爱丁堡城堡，皇家一英里，圣十字宫，之后去苏格兰威士忌体验中心。',
    '抵达科克，挥杆福塔岛高尔夫度假村的Deerpark球场。',
    '../images/ZJ/trip/8.jpg',
    '../images/ZJ/trip/9.jpg',
    6
  ),
  (
    71,
    '科克福塔岛度温泉酒店 或同级',
    '早餐酒店自助，午餐球会餐厅，晚餐澳门餐厅',
    '酒店',
    '参观景色优美的Kinsale小镇。',
    '挥杆大西洋老人头林克斯高尔夫球场。',
    '../images/ZJ/trip/10.jpg',
    '../images/ZJ/trip/11.jpg',
    6
  ),
  (
    72,
    '都柏林洲际酒店 或同级',
    '早餐酒店自助，午餐途中简餐，晚餐推荐Chapter One餐厅',
    '科克',
    '科克出发前往都柏林，抵达后参观游览Grafton大街、圣三一学院图书馆。',
    '在Guinness健力士啤酒厂看啤酒的酿造过程并品尝不同口味啤酒。聆听都柏林St. Patrick大教堂圣诗班合唱 (3:15pm请肃静准时）。晚上，观看爱尔兰大河舞晚会（含晚宴）',
    '../images/ZJ/trip/12.jpg',
    '../images/ZJ/trip/13.jpg',
    6
  ),
  (
    73,
    '都柏林洲际酒店',
    '早餐酒店自助，午餐球会餐厅，晚餐推荐巴蜀人家餐厅',
    '酒店',
    '今日前往莱德杯比赛球场——K Club挥杆。',
    '前往基尔代尔奥特莱斯购物，并在基尔代尔体验爱尔兰休闲骑马。',
    '../images/ZJ/trip/14.jpg',
    '../images/ZJ/trip/15.jpg',
    6
  ),
  (
    74,
    '酒店',
    '早餐飞机简餐，午餐敬请自理，晚餐敬请自理',
    '酒店',
    '挥杆波特马诺克高尔夫球场。',
    '根据航班时间提前3小时前往机场，乘坐国际航班返程回中国。',
    '../images/ZJ/trip/16.jpg',
    '../images/ZJ/trip/17.jpg',
    6
  ),
  (
    75,
    '飞机',
    '早餐飞机简餐，午餐飞机简餐',
    '飞机',
    '抵达北京',
    NULL,
    NULL,
    NULL,
    6
  ),
  (
    76,
    '伦敦朱美拉朗兹酒店 或同级',
    '早餐飞机简餐，午餐飞机简餐，晚餐推荐 唐茶苑餐厅',
    '北京',
    '请您根据航班时间提前3小时抵达机场，乘坐国际航班飞往英国伦敦。抵达后专人接机，送往酒店休息，养足精神迎接第二天的美好体验。',
    NULL,
    NULL,
    NULL,
    7
  ),
  (
    77,
    '伦敦朱美拉朗兹酒店 或同级',
    '早餐酒店自助，午餐推荐Mozzarella bar餐厅，晚餐推荐Bibendum餐厅',
    '酒店',
    '游览伦敦市区：大本钟、英国国会大厦、西敏寺大教堂外观、唐宁街10号首相官邸、白金汉',
    '参观大英博物馆。如果时间允许，可自行选择乘坐伦敦眼摩天轮俯视伦敦泰晤士河',
    '../images/ZJ/trip/2.jpg',
    '../images/ZJ/trip/3.jpg',
    7
  ),
  (
    78,
    '爱丁堡喜来登酒店 或同级',
    '早餐酒店自助，午餐球会餐厅，晚餐推荐Ondine餐厅',
    'The Grove求茶馆 ',
    '挥杆Grove冠军高尔夫球场',
    '乘坐飞机抵达爱丁堡，入住酒店休息',
    '../images/ZJ/trip/4.jpg',
    '../images/ZJ/trip/5.jpg',
    7
  ),
  (
    79,
    '爱丁堡喜来登酒店 或同级',
    '早餐酒店自助，午餐球会餐厅，晚餐推荐seafood resturant餐厅',
    '爱丁堡',
    '前往圣安德鲁斯，在世界文化遗产Forth大桥停留摄影。参观圣安德鲁斯老球场和球场俱乐部，并摇号老球场。',
    '苏格兰高尔夫职业球手指导如何玩转林克斯球场。挥杆圣安德鲁斯金士邦林克斯球场',
    '../images/ZJ/trip/6.jpg',
    '../images/ZJ/trip/7.jpg',
    7
  ),
  (
    80,
    '科克福塔岛度温泉酒店 或同级',
    '早餐酒店自助，午餐途中简餐，晚餐推荐圆明园中餐厅',
    '爱丁堡',
    '参观爱丁堡城堡，皇家一英里，圣十字宫，之后去苏格兰威士忌体验中心。',
    '抵达科克，挥杆福塔岛高尔夫度假村的Deerpark球场。',
    '../images/ZJ/trip/8.jpg',
    '../images/ZJ/trip/9.jpg',
    7
  ),
  (
    81,
    '科克福塔岛度温泉酒店 或同级',
    '早餐酒店自助，午餐球会餐厅，晚餐澳门餐厅',
    '酒店',
    '参观景色优美的Kinsale小镇。',
    '挥杆大西洋老人头林克斯高尔夫球场。',
    '../images/ZJ/trip/10.jpg',
    '../images/ZJ/trip/11.jpg',
    7
  ),
  (
    82,
    '都柏林洲际酒店 或同级',
    '早餐酒店自助，午餐途中简餐，晚餐推荐Chapter One餐厅',
    '科克',
    '科克出发前往都柏林，抵达后参观游览Grafton大街、圣三一学院图书馆。',
    '在Guinness健力士啤酒厂看啤酒的酿造过程并品尝不同口味啤酒。聆听都柏林St. Patrick大教堂圣诗班合唱 (3:15pm请肃静准时）。晚上，观看爱尔兰大河舞晚会（含晚宴）',
    '../images/ZJ/trip/12.jpg',
    '../images/ZJ/trip/13.jpg',
    7
  ),
  (
    83,
    '飞机',
    '早餐飞机简餐，午餐飞机简餐',
    '飞机',
    '抵达北京',
    NULL,
    NULL,
    NULL,
    7
  ),
  (
    84,
    'Boat Hotel Matylda 或同级',
    '早餐飞机简餐，午餐敬请自理，晚餐敬请自理',
    '北京',
    '今日早晨抵达布拉格，早餐后开始今日游览。行程始于：被誉称为布拉格的“香榭里舍大道”“瓦茨拉夫大街”-犹太人城区，午餐后尽情的挑选一件纯手工制作的波西米亚水晶制品或找一家百年咖啡馆感受布拉格的神秘，傍晚前往“高堡”欣赏余晖下的金色布拉格，在一餐经典难忘的波西米亚歌舞表演晚餐后不要忘记看一场捷克国粹”黑光剧“呦！',
    NULL,
    '../images/ZJ/trip/23.jpg',
    '../images/ZJ/trip/24.jpg',
    8
  ),
  (
    85,
    'Boat Hotel Matylda 玛提尔达船酒店',
    '早餐酒店自助，午餐敬请自理，晚餐波西米亚自助晚餐',
    '布拉格',
    '皇家之路起点火药塔-老城广场-查理桥-小城广场，午餐后游览世界最大古城堡布拉格城堡后游船游览伏尔塔瓦河两岸风光同时享受正宗波西米亚自助晚餐。',
    '著名的布拉格天文钟、精品服装店及伏尔塔瓦河上的游船，哥特式的查理大桥及布拉格最美丽的教堂——小城区的圣尼古拉教堂。闹中取静的皇家花园、佩特任山及山寨版埃菲尔铁塔的瞭望塔以及布拉格城堡……布拉格各区风情迥异，魅力无穷。布拉格也是个文化风格冲突的城市：一边浪漫，一边穿急，一面古老，一面现代，它是个欢迎并吸纳世界文化精髓的都市。',
    '../images/ZJ/trip/25.jpg',
    '../images/ZJ/trip/26.jpg',
    8
  ),
  (
    86,
    'The Forest Garden酒店 或同级',
    '早餐酒店自助，午餐敬请自理，晚餐敬请自理',
    '布拉格',
    '早餐后前往捷克瑞士国家公园，行程始于：加布里埃尔之路起点，前往普拉伏奇斯卡之门。捷克的自然景观中有几个堪称欧洲之“最”。其中一个就在童话般的捷克“小瑞士国家公园”之中',
    '作为捷克的“小瑞士”象征，普拉伏奇斯卡之门是全欧洲最大的由天然岩石形成的大门。身临其境感受这雄伟壮阔的大自然杰作，无不惊叹于它的高大巍峨和自然的鬼斧神工。',
    '../images/ZJ/trip/27.jpg',
    '../images/ZJ/trip/26.jpg',
    8
  ),
  (
    87,
    'Hotel Romance Puškin 或同级',
    '早餐酒店自助，午餐敬请自理，晚餐敬请自理',
    '捷克瑞士国家公园',
    '餐后前往温泉之都卡罗维发利。行程始于优雅的柱廊-如穆勒和市场温泉回廊--磨坊回廊--温泉大厅--剧院或剧场-皇家浴场和圣玛利亚教堂。游览后不要忘了来个传统的水疗SPA哦！',
    '\"卡罗维发利”为波希米亚温泉三角区的宝石、王者，完美独特的水疗建筑，雄伟的柱廊温泉布局在优雅和迷人的地点，周围是树木茂盛的山谷，这些都是卡罗维发利。在欧洲艺术和社会生活中最有名的人物都曾造访过该处，现在为捷克共和国第二大参观景点。由于其温泉回廊独特的建筑方式，使它成为欧洲最美丽的温泉市之一。',
    '../images/ZJ/trip/29.jpg',
    '../images/ZJ/trip/30.jpg',
    8
  ),
  (
    88,
    'Hotel Grand 或同级',
    '早餐酒店自助，午餐敬请自理，晚餐敬请自理',
    '卡罗维发利',
    '早餐后前往啤酒之都皮尔森。行程始于全球闻名的皮尔森啤酒厂--啤酒博物馆--捷克最高的圣巴多罗买大教堂--全球第三大的大犹太会堂。午餐后前往世界文化遗产小镇“霍拉舍维采”，晚餐选择在著名的洞穴餐厅享用波西米亚烤猪肘大餐!!比尔森地区追求世上最好的啤酒，卓越独特的酿造啤酒师约瑟夫·哥罗尔1842年用新奇的底层发酵方式酿造啤酒时，没想到将来会成为酿造一切淡色啤酒的鼻祖。',
    '霍拉舍维采的神奇魅力，让您很难找到另外一个这样的地方，这么小的空间却汇聚着如此之大的魅力，绝对称得上是全捷克最美的村落。美丽的巴洛克式农屋环绕村庄排开，点缀在广阔的绿色田野之间，这样的乡村美景也使小镇荣登联合国教科文组织的世界文化遗产名录。',
    '../images/ZJ/trip/31.jpg',
    '../images/ZJ/trip/32.jpg',
    8
  ),
  (
    89,
    'Hotel Malý Pivovar 或同级',
    '早餐酒店自助，午餐敬请自理，晚餐敬请自理',
    '克鲁姆洛夫',
    '行程始于克鲁姆洛夫老城--圣维特大教堂--埃贡希勒画廊--捷克第二大的克鲁姆洛夫城堡，夏季还可延着蜿蜒的伏尔塔瓦河来趟酣畅淋漓的漂流！行程结束，前往布杰约维采入住酒店休息。',
    '在捷克克鲁姆洛夫，让时光倒回到文艺复兴时期，顺着蜿蜒的伏尔塔瓦河延伸到天尽, 就像是文艺复兴时期建筑的一块瑰宝。它是由迷宫似的小巷, 装饰华丽的排屋墙以及百花盛开的花园共同和谐交织着。同时，它又拥有中世纪的酒馆，小酒吧，画廊和石墨矿。由于其完好的保存了独特的中世纪核心，因此捷克克鲁姆洛夫被列入联合国教科文组织名单。',
    '../images/ZJ/trip/33.jpg',
    '../images/ZJ/trip/34.jpg',
    8
  ),
  (
    90,
    'Hotel Telč 或同级',
    '早餐酒店自助，午餐敬请自理，晚餐敬请自理',
    '捷克布杰约维采  ',
    '早餐后，行程始于奥托卡二世广场--参孙喷泉--市政厅--圣尼古拉教堂--黑塔，前往赫卢博卡城堡参观。后前往泰尔奇酒店休息，之后在捷克著名的“好兵帅克”餐厅享用波西米亚美食！体会捷克布杰约维采美丽如画的角落，被优雅美丽的市民住宅包围的广场、美丽如画的盐仓屋及酿造原始百威啤酒的啤酒厂，品尝举世闻名的百威啤酒美味和享受城市温和气氛，由此给予自己一趟不凡旅途观感。这就是南波希米亚州首府捷克布杰约维采市。此座城市数百年保存其历史美貌，同时也是该州的现代中心。',
    '南波希米亚新哥特式珍宝素有捷克的“英国温莎古堡”之称的赫卢博卡城堡，赫卢博卡宫殿是历史爱好者前往南波希米亚旅途中理想的目的地，无可救药的浪漫主义及各类运动的拥护者都能在此找到乐趣。多亏施瓦岑贝格家族保持了目前的外观，才使它常常被称为是捷克最美丽的宫殿。',
    '../images/ZJ/trip/35.jpg',
    '../images/ZJ/trip/36.jpg',
    8
  ),
  (
    91,
    'My Hotel 或同级',
    '早餐酒店自助，午餐敬请自理，晚餐敬请自理',
    '泰尔奇',
    '始于泰尔奇老城广场--泰尔奇城堡--城堡花园--城堡公园--圣灵塔楼和教堂，后前往莱德尼采瓦尔季采文化风景区莱德尼采城堡.“特尔奇”的童话世界，很难想象能有比特尔奇更有童话色彩的小镇。一个犹如从安徒生童话故事中搬出来的广场，一座浪漫的庄园宫殿 ， 和几个清澈的池塘环绕着这座小城。特尔奇市是在阿尔卑斯山以北地区意大利文艺复兴式建筑艺术的完美代表。特尔奇市中心的广场堪称欧洲最美丽的广场之一。因此，它也当之无愧被列为联合国教科文组织的世界文化遗产。',
    '莱德尼采-瓦尔齐采文化风景区占地300平方公里，由列支敦士登的贵族家族用过了几个世纪的时间修建而成。大自然的鬼斧神工与人类智慧的结晶，让人心醉神迷的美丽风景。这里不但保留着原始的野性美，还会带给您心灵上的愉悦和详和，堪称浪漫的列支敦士登，不愧为联合国教科文组织世界文化遗产。',
    '../images/ZJ/trip/33.jpg',
    '../images/ZJ/trip/34.jpg',
    8
  ),
  (
    92,
    'Prachárna Park Hotel 或同级',
    '早餐酒店自助，午餐敬请自理，晚餐敬请自理',
    '莱德尼采',
    '早餐后继续游览莱德尼采瓦尔季采风景区-瓦尔季采城堡，后前往奥洛穆茨游览圣三柱--城市喷泉--圣姆里斯教堂瓦尔季采地区被称为葡萄酒之都。您可以品尝宏伟城堡地窖中的各种葡萄酒！瓦尔季采的明珠是一个巴洛克式的城堡，列支敦士登家族的故居。城堡位于传统的葡萄酒产区中心，是由十三位王子逐步建立起来的。其中的设备和装置以及藏品和大量的物品足以和 18世纪的维也纳皇家法院相媲美。非常值得一看的是宏伟的名誉法庭、城堡的内部装饰。大量的酒窖是捷克葡萄酒沙龙的中心，也是最好的摩拉维亚和波希米亚葡萄酒的品尝之地。不要错过在广阔无垠的城堡公园中散散步，参观巴洛克式剧院遗迹、有百年历史的酒窖和草药花园。',
    '巴洛克的玫瑰：奥洛穆茨！奥洛穆茨早就是捷克王国最主要城市之一。由于其地理位置、古老的大学以及其精神与文化传统使这座城市成为莫拉维亚地区中心。在捷克共和国，奥洛穆茨历史中心文物古迹保护区仅次于布拉格。其著名名胜古迹是被列入世界文化遗产名录的圣三柱。当您访问奥洛穆茨时，也别忘了品尝那里的特色小吃：具有独一无二味道和气味的奶酪。',
    '../images/ZJ/trip/39.jpg',
    '../images/ZJ/trip/40.jpg',
    8
  ),
  (
    93,
    'Prachárna Park Hotel 或同级',
    '早餐酒店自助，午餐敬请自理，晚餐敬请自理',
    '奥洛穆茨',
    '自由广场--老市政厅--地下迷宫--圣彼得圣保罗大教堂--丹尼斯果园--斯皮尔斯城堡--，晚餐前往皇家丽思酒店享用。在布尔诺的中心品尝正宗的摩拉维亚葡萄酒，舒适温馨的餐厅内，我们可以品尝到来自捷克、意大利和法国的美食。',
    '探索布尔诺市的神奇的功能主义风格流派，摩拉维首府布尔诺市是捷克共和国的第二大城市，也是通南摩拉维亚肥沃的葡萄园的大门。旧市政厅前显示着身高两米的龙，崇尚功能主义流派的图根哈特家族别墅是明亮的珍珠。这些在著名的联合国教科文组织名单中已经注册。',
    '../images/ZJ/trip/41.jpg',
    '../images/ZJ/trip/42.jpg',
    8
  ),
  (
    94,
    '飞机',
    '早餐酒店自助，午餐球会简餐，晚餐飞机简餐',
    '飞机',
    '抵达北京',
    NULL,
    NULL,
    NULL,
    8
  ),
  (
    95,
    'Boat Hotel Matylda 或同级',
    '早餐飞机简餐，午餐敬请自理，晚餐敬请自理',
    '北京',
    '今日早晨抵达布拉格，早餐后开始今日游览。行程始于：被誉称为布拉格的“香榭里舍大道”“瓦茨拉夫大街”-犹太人城区，午餐后尽情的挑选一件纯手工制作的波西米亚水晶制品或找一家百年咖啡馆感受布拉格的神秘，傍晚前往“高堡”欣赏余晖下的金色布拉格，在一餐经典难忘的波西米亚歌舞表演晚餐后不要忘记看一场捷克国粹”黑光剧“呦！',
    NULL,
    '../images/ZJ/trip/23.jpg',
    '../images/ZJ/trip/24.jpg',
    9
  ),
  (
    96,
    'Boat Hotel Matylda 玛提尔达船酒店',
    '早餐酒店自助，午餐敬请自理，晚餐波西米亚自助晚餐',
    '布拉格',
    '皇家之路起点火药塔-老城广场-查理桥-小城广场，午餐后游览世界最大古城堡布拉格城堡后游船游览伏尔塔瓦河两岸风光同时享受正宗波西米亚自助晚餐。',
    '著名的布拉格天文钟、精品服装店及伏尔塔瓦河上的游船，哥特式的查理大桥及布拉格最美丽的教堂——小城区的圣尼古拉教堂。闹中取静的皇家花园、佩特任山及山寨版埃菲尔铁塔的瞭望塔以及布拉格城堡……布拉格各区风情迥异，魅力无穷。布拉格也是个文化风格冲突的城市：一边浪漫，一边穿急，一面古老，一面现代，它是个欢迎并吸纳世界文化精髓的都市。',
    '../images/ZJ/trip/25.jpg',
    '../images/ZJ/trip/26.jpg',
    9
  ),
  (
    97,
    'The Forest Garden酒店 或同级',
    '早餐酒店自助，午餐敬请自理，晚餐敬请自理',
    '布拉格',
    '早餐后前往捷克瑞士国家公园，行程始于：加布里埃尔之路起点，前往普拉伏奇斯卡之门。捷克的自然景观中有几个堪称欧洲之“最”。其中一个就在童话般的捷克“小瑞士国家公园”之中',
    '作为捷克的“小瑞士”象征，普拉伏奇斯卡之门是全欧洲最大的由天然岩石形成的大门。身临其境感受这雄伟壮阔的大自然杰作，无不惊叹于它的高大巍峨和自然的鬼斧神工。',
    '../images/ZJ/trip/27.jpg',
    '../images/ZJ/trip/26.jpg',
    9
  ),
  (
    98,
    'Hotel Romance Puškin 或同级',
    '早餐酒店自助，午餐敬请自理，晚餐敬请自理',
    '捷克瑞士国家公园',
    '餐后前往温泉之都卡罗维发利。行程始于优雅的柱廊-如穆勒和市场温泉回廊--磨坊回廊--温泉大厅--剧院或剧场-皇家浴场和圣玛利亚教堂。游览后不要忘了来个传统的水疗SPA哦！',
    '\"卡罗维发利”为波希米亚温泉三角区的宝石、王者，完美独特的水疗建筑，雄伟的柱廊温泉布局在优雅和迷人的地点，周围是树木茂盛的山谷，这些都是卡罗维发利。在欧洲艺术和社会生活中最有名的人物都曾造访过该处，现在为捷克共和国第二大参观景点。由于其温泉回廊独特的建筑方式，使它成为欧洲最美丽的温泉市之一。',
    '../images/ZJ/trip/29.jpg',
    '../images/ZJ/trip/30.jpg',
    9
  ),
  (
    99,
    'Hotel Grand 或同级',
    '早餐酒店自助，午餐敬请自理，晚餐敬请自理',
    '卡罗维发利',
    '早餐后前往啤酒之都皮尔森。行程始于全球闻名的皮尔森啤酒厂--啤酒博物馆--捷克最高的圣巴多罗买大教堂--全球第三大的大犹太会堂。午餐后前往世界文化遗产小镇“霍拉舍维采”，晚餐选择在著名的洞穴餐厅享用波西米亚烤猪肘大餐!!比尔森地区追求世上最好的啤酒，卓越独特的酿造啤酒师约瑟夫·哥罗尔1842年用新奇的底层发酵方式酿造啤酒时，没想到将来会成为酿造一切淡色啤酒的鼻祖。',
    '霍拉舍维采的神奇魅力，让您很难找到另外一个这样的地方，这么小的空间却汇聚着如此之大的魅力，绝对称得上是全捷克最美的村落。美丽的巴洛克式农屋环绕村庄排开，点缀在广阔的绿色田野之间，这样的乡村美景也使小镇荣登联合国教科文组织的世界文化遗产名录。',
    '../images/ZJ/trip/31.jpg',
    '../images/ZJ/trip/32.jpg',
    9
  ),
  (
    100,
    'Hotel Malý Pivovar 或同级',
    '早餐酒店自助，午餐敬请自理，晚餐敬请自理',
    '克鲁姆洛夫',
    '行程始于克鲁姆洛夫老城--圣维特大教堂--埃贡希勒画廊--捷克第二大的克鲁姆洛夫城堡，夏季还可延着蜿蜒的伏尔塔瓦河来趟酣畅淋漓的漂流！行程结束，前往布杰约维采入住酒店休息。',
    '在捷克克鲁姆洛夫，让时光倒回到文艺复兴时期，顺着蜿蜒的伏尔塔瓦河延伸到天尽, 就像是文艺复兴时期建筑的一块瑰宝。它是由迷宫似的小巷, 装饰华丽的排屋墙以及百花盛开的花园共同和谐交织着。同时，它又拥有中世纪的酒馆，小酒吧，画廊和石墨矿。由于其完好的保存了独特的中世纪核心，因此捷克克鲁姆洛夫被列入联合国教科文组织名单。',
    '../images/ZJ/trip/33.jpg',
    '../images/ZJ/trip/34.jpg',
    9
  ),
  (
    101,
    'Hotel Telč 或同级',
    '早餐酒店自助，午餐敬请自理，晚餐敬请自理',
    '捷克布杰约维采  ',
    '早餐后，行程始于奥托卡二世广场--参孙喷泉--市政厅--圣尼古拉教堂--黑塔，前往赫卢博卡城堡参观。后前往泰尔奇酒店休息，之后在捷克著名的“好兵帅克”餐厅享用波西米亚美食！体会捷克布杰约维采美丽如画的角落，被优雅美丽的市民住宅包围的广场、美丽如画的盐仓屋及酿造原始百威啤酒的啤酒厂，品尝举世闻名的百威啤酒美味和享受城市温和气氛，由此给予自己一趟不凡旅途观感。这就是南波希米亚州首府捷克布杰约维采市。此座城市数百年保存其历史美貌，同时也是该州的现代中心。',
    '南波希米亚新哥特式珍宝素有捷克的“英国温莎古堡”之称的赫卢博卡城堡，赫卢博卡宫殿是历史爱好者前往南波希米亚旅途中理想的目的地，无可救药的浪漫主义及各类运动的拥护者都能在此找到乐趣。多亏施瓦岑贝格家族保持了目前的外观，才使它常常被称为是捷克最美丽的宫殿。',
    '../images/ZJ/trip/35.jpg',
    '../images/ZJ/trip/36.jpg',
    9
  ),
  (
    102,
    'My Hotel 或同级',
    '早餐酒店自助，午餐敬请自理，晚餐敬请自理',
    '泰尔奇',
    '始于泰尔奇老城广场--泰尔奇城堡--城堡花园--城堡公园--圣灵塔楼和教堂，后前往莱德尼采瓦尔季采文化风景区莱德尼采城堡.“特尔奇”的童话世界，很难想象能有比特尔奇更有童话色彩的小镇。一个犹如从安徒生童话故事中搬出来的广场，一座浪漫的庄园宫殿 ， 和几个清澈的池塘环绕着这座小城。特尔奇市是在阿尔卑斯山以北地区意大利文艺复兴式建筑艺术的完美代表。特尔奇市中心的广场堪称欧洲最美丽的广场之一。因此，它也当之无愧被列为联合国教科文组织的世界文化遗产。',
    '莱德尼采-瓦尔齐采文化风景区占地300平方公里，由列支敦士登的贵族家族用过了几个世纪的时间修建而成。大自然的鬼斧神工与人类智慧的结晶，让人心醉神迷的美丽风景。这里不但保留着原始的野性美，还会带给您心灵上的愉悦和详和，堪称浪漫的列支敦士登，不愧为联合国教科文组织世界文化遗产。',
    '../images/ZJ/trip/33.jpg',
    '../images/ZJ/trip/34.jpg',
    9
  ),
  (
    103,
    'Prachárna Park Hotel 或同级',
    '早餐酒店自助，午餐敬请自理，晚餐敬请自理',
    '莱德尼采',
    '早餐后继续游览莱德尼采瓦尔季采风景区-瓦尔季采城堡，后前往奥洛穆茨游览圣三柱--城市喷泉--圣姆里斯教堂瓦尔季采地区被称为葡萄酒之都。您可以品尝宏伟城堡地窖中的各种葡萄酒！瓦尔季采的明珠是一个巴洛克式的城堡，列支敦士登家族的故居。城堡位于传统的葡萄酒产区中心，是由十三位王子逐步建立起来的。其中的设备和装置以及藏品和大量的物品足以和 18世纪的维也纳皇家法院相媲美。非常值得一看的是宏伟的名誉法庭、城堡的内部装饰。大量的酒窖是捷克葡萄酒沙龙的中心，也是最好的摩拉维亚和波希米亚葡萄酒的品尝之地。不要错过在广阔无垠的城堡公园中散散步，参观巴洛克式剧院遗迹、有百年历史的酒窖和草药花园。',
    '巴洛克的玫瑰：奥洛穆茨！奥洛穆茨早就是捷克王国最主要城市之一。由于其地理位置、古老的大学以及其精神与文化传统使这座城市成为莫拉维亚地区中心。在捷克共和国，奥洛穆茨历史中心文物古迹保护区仅次于布拉格。其著名名胜古迹是被列入世界文化遗产名录的圣三柱。当您访问奥洛穆茨时，也别忘了品尝那里的特色小吃：具有独一无二味道和气味的奶酪。',
    '../images/ZJ/trip/39.jpg',
    '../images/ZJ/trip/40.jpg',
    9
  ),
  (
    104,
    'Prachárna Park Hotel 或同级',
    '早餐酒店自助，午餐敬请自理，晚餐敬请自理',
    '奥洛穆茨',
    '自由广场--老市政厅--地下迷宫--圣彼得圣保罗大教堂--丹尼斯果园--斯皮尔斯城堡--，晚餐前往皇家丽思酒店享用。在布尔诺的中心品尝正宗的摩拉维亚葡萄酒，舒适温馨的餐厅内，我们可以品尝到来自捷克、意大利和法国的美食。',
    '探索布尔诺市的神奇的功能主义风格流派，摩拉维首府布尔诺市是捷克共和国的第二大城市，也是通南摩拉维亚肥沃的葡萄园的大门。旧市政厅前显示着身高两米的龙，崇尚功能主义流派的图根哈特家族别墅是明亮的珍珠。这些在著名的联合国教科文组织名单中已经注册。',
    '../images/ZJ/trip/41.jpg',
    '../images/ZJ/trip/42.jpg',
    9
  ),
  (
    105,
    '飞机',
    '早餐酒店自助，午餐球会简餐，晚餐飞机简餐',
    '飞机',
    '抵达北京',
    NULL,
    NULL,
    NULL,
    9
  ),
  (
    106,
    '伦敦朱美拉朗兹酒店 或同级',
    '早餐飞机简餐，午餐飞机简餐，晚餐推荐 唐茶苑餐厅',
    '北京',
    '请您根据航班时间提前3小时抵达机场，乘坐国际航班飞往英国伦敦。抵达后专人接机，送往酒店休息，养足精神迎接第二天的美好体验。',
    NULL,
    NULL,
    NULL,
    10
  ),
  (
    107,
    '伦敦朱美拉朗兹酒店 或同级',
    '早餐酒店自助，午餐推荐Mozzarella bar餐厅，晚餐推荐Bibendum餐厅',
    '酒店',
    '游览伦敦市区：大本钟、英国国会大厦、西敏寺大教堂外观、唐宁街10号首相官邸、白金汉',
    '参观大英博物馆。如果时间允许，可自行选择乘坐伦敦眼摩天轮俯视伦敦泰晤士河',
    '../images/ZJ/trip/2.jpg',
    '../images/ZJ/trip/3.jpg',
    10
  ),
  (
    108,
    '爱丁堡喜来登酒店 或同级',
    '早餐酒店自助，午餐球会餐厅，晚餐推荐Ondine餐厅',
    'The Grove求茶馆 ',
    '挥杆Grove冠军高尔夫球场',
    '乘坐飞机抵达爱丁堡，入住酒店休息',
    '../images/ZJ/trip/4.jpg',
    '../images/ZJ/trip/5.jpg',
    10
  ),
  (
    109,
    '爱丁堡喜来登酒店 或同级',
    '早餐酒店自助，午餐球会餐厅，晚餐推荐seafood resturant餐厅',
    '爱丁堡',
    '前往圣安德鲁斯，在世界文化遗产Forth大桥停留摄影。参观圣安德鲁斯老球场和球场俱乐部，并摇号老球场。',
    '苏格兰高尔夫职业球手指导如何玩转林克斯球场。挥杆圣安德鲁斯金士邦林克斯球场',
    '../images/ZJ/trip/6.jpg',
    '../images/ZJ/trip/7.jpg',
    10
  ),
  (
    110,
    '科克福塔岛度温泉酒店 或同级',
    '早餐酒店自助，午餐途中简餐，晚餐推荐圆明园中餐厅',
    '爱丁堡',
    '参观爱丁堡城堡，皇家一英里，圣十字宫，之后去苏格兰威士忌体验中心。',
    '抵达科克，挥杆福塔岛高尔夫度假村的Deerpark球场。',
    '../images/ZJ/trip/8.jpg',
    '../images/ZJ/trip/9.jpg',
    10
  ),
  (
    111,
    '科克福塔岛度温泉酒店 或同级',
    '早餐酒店自助，午餐球会餐厅，晚餐澳门餐厅',
    '酒店',
    '参观景色优美的Kinsale小镇。',
    '挥杆大西洋老人头林克斯高尔夫球场。',
    '../images/ZJ/trip/10.jpg',
    '../images/ZJ/trip/11.jpg',
    10
  ),
  (
    112,
    '都柏林洲际酒店 或同级',
    '早餐酒店自助，午餐途中简餐，晚餐推荐Chapter One餐厅',
    '科克',
    '科克出发前往都柏林，抵达后参观游览Grafton大街、圣三一学院图书馆。',
    '在Guinness健力士啤酒厂看啤酒的酿造过程并品尝不同口味啤酒。聆听都柏林St. Patrick大教堂圣诗班合唱 (3:15pm请肃静准时）。晚上，观看爱尔兰大河舞晚会（含晚宴）',
    '../images/ZJ/trip/12.jpg',
    '../images/ZJ/trip/13.jpg',
    10
  ),
  (
    113,
    '都柏林洲际酒店',
    '早餐酒店自助，午餐球会餐厅，晚餐推荐巴蜀人家餐厅',
    '酒店',
    '今日前往莱德杯比赛球场——K Club挥杆。',
    '前往基尔代尔奥特莱斯购物，并在基尔代尔体验爱尔兰休闲骑马。',
    '../images/ZJ/trip/14.jpg',
    '../images/ZJ/trip/15.jpg',
    10
  ),
  (
    114,
    '酒店',
    '早餐飞机简餐，午餐敬请自理，晚餐敬请自理',
    '酒店',
    '挥杆波特马诺克高尔夫球场。',
    '根据航班时间提前3小时前往机场，乘坐国际航班返程回中国。',
    '../images/ZJ/trip/16.jpg',
    '../images/ZJ/trip/17.jpg',
    10
  ),
  (
    115,
    '飞机',
    '早餐飞机简餐，午餐飞机简餐',
    '飞机',
    '抵达北京',
    NULL,
    NULL,
    NULL,
    10
  ),
  (
    116,
    'Boat Hotel Matylda 或同级',
    '早餐飞机简餐，午餐敬请自理，晚餐敬请自理',
    '北京',
    '今日早晨抵达布拉格，早餐后开始今日游览。行程始于：被誉称为布拉格的“香榭里舍大道”“瓦茨拉夫大街”-犹太人城区，午餐后尽情的挑选一件纯手工制作的波西米亚水晶制品或找一家百年咖啡馆感受布拉格的神秘，傍晚前往“高堡”欣赏余晖下的金色布拉格，在一餐经典难忘的波西米亚歌舞表演晚餐后不要忘记看一场捷克国粹”黑光剧“呦！',
    NULL,
    '../images/ZJ/trip/23.jpg',
    '../images/ZJ/trip/24.jpg',
    11
  ),
  (
    117,
    'Boat Hotel Matylda 玛提尔达船酒店',
    '早餐酒店自助，午餐敬请自理，晚餐波西米亚自助晚餐',
    '布拉格',
    '皇家之路起点火药塔-老城广场-查理桥-小城广场，午餐后游览世界最大古城堡布拉格城堡后游船游览伏尔塔瓦河两岸风光同时享受正宗波西米亚自助晚餐。',
    '著名的布拉格天文钟、精品服装店及伏尔塔瓦河上的游船，哥特式的查理大桥及布拉格最美丽的教堂——小城区的圣尼古拉教堂。闹中取静的皇家花园、佩特任山及山寨版埃菲尔铁塔的瞭望塔以及布拉格城堡……布拉格各区风情迥异，魅力无穷。布拉格也是个文化风格冲突的城市：一边浪漫，一边穿急，一面古老，一面现代，它是个欢迎并吸纳世界文化精髓的都市。',
    '../images/ZJ/trip/25.jpg',
    '../images/ZJ/trip/26.jpg',
    11
  ),
  (
    118,
    'The Forest Garden酒店 或同级',
    '早餐酒店自助，午餐敬请自理，晚餐敬请自理',
    '布拉格',
    '早餐后前往捷克瑞士国家公园，行程始于：加布里埃尔之路起点，前往普拉伏奇斯卡之门。捷克的自然景观中有几个堪称欧洲之“最”。其中一个就在童话般的捷克“小瑞士国家公园”之中',
    '作为捷克的“小瑞士”象征，普拉伏奇斯卡之门是全欧洲最大的由天然岩石形成的大门。身临其境感受这雄伟壮阔的大自然杰作，无不惊叹于它的高大巍峨和自然的鬼斧神工。',
    '../images/ZJ/trip/27.jpg',
    '../images/ZJ/trip/26.jpg',
    11
  ),
  (
    119,
    'Hotel Romance Puškin 或同级',
    '早餐酒店自助，午餐敬请自理，晚餐敬请自理',
    '捷克瑞士国家公园',
    '餐后前往温泉之都卡罗维发利。行程始于优雅的柱廊-如穆勒和市场温泉回廊--磨坊回廊--温泉大厅--剧院或剧场-皇家浴场和圣玛利亚教堂。游览后不要忘了来个传统的水疗SPA哦！',
    '\"卡罗维发利”为波希米亚温泉三角区的宝石、王者，完美独特的水疗建筑，雄伟的柱廊温泉布局在优雅和迷人的地点，周围是树木茂盛的山谷，这些都是卡罗维发利。在欧洲艺术和社会生活中最有名的人物都曾造访过该处，现在为捷克共和国第二大参观景点。由于其温泉回廊独特的建筑方式，使它成为欧洲最美丽的温泉市之一。',
    '../images/ZJ/trip/29.jpg',
    '../images/ZJ/trip/30.jpg',
    11
  ),
  (
    120,
    'Hotel Grand 或同级',
    '早餐酒店自助，午餐敬请自理，晚餐敬请自理',
    '卡罗维发利',
    '早餐后前往啤酒之都皮尔森。行程始于全球闻名的皮尔森啤酒厂--啤酒博物馆--捷克最高的圣巴多罗买大教堂--全球第三大的大犹太会堂。午餐后前往世界文化遗产小镇“霍拉舍维采”，晚餐选择在著名的洞穴餐厅享用波西米亚烤猪肘大餐!!比尔森地区追求世上最好的啤酒，卓越独特的酿造啤酒师约瑟夫·哥罗尔1842年用新奇的底层发酵方式酿造啤酒时，没想到将来会成为酿造一切淡色啤酒的鼻祖。',
    '霍拉舍维采的神奇魅力，让您很难找到另外一个这样的地方，这么小的空间却汇聚着如此之大的魅力，绝对称得上是全捷克最美的村落。美丽的巴洛克式农屋环绕村庄排开，点缀在广阔的绿色田野之间，这样的乡村美景也使小镇荣登联合国教科文组织的世界文化遗产名录。',
    '../images/ZJ/trip/31.jpg',
    '../images/ZJ/trip/32.jpg',
    11
  ),
  (
    121,
    'Hotel Malý Pivovar 或同级',
    '早餐酒店自助，午餐敬请自理，晚餐敬请自理',
    '克鲁姆洛夫',
    '行程始于克鲁姆洛夫老城--圣维特大教堂--埃贡希勒画廊--捷克第二大的克鲁姆洛夫城堡，夏季还可延着蜿蜒的伏尔塔瓦河来趟酣畅淋漓的漂流！行程结束，前往布杰约维采入住酒店休息。',
    '在捷克克鲁姆洛夫，让时光倒回到文艺复兴时期，顺着蜿蜒的伏尔塔瓦河延伸到天尽, 就像是文艺复兴时期建筑的一块瑰宝。它是由迷宫似的小巷, 装饰华丽的排屋墙以及百花盛开的花园共同和谐交织着。同时，它又拥有中世纪的酒馆，小酒吧，画廊和石墨矿。由于其完好的保存了独特的中世纪核心，因此捷克克鲁姆洛夫被列入联合国教科文组织名单。',
    '../images/ZJ/trip/33.jpg',
    '../images/ZJ/trip/34.jpg',
    11
  ),
  (
    122,
    'Hotel Telč 或同级',
    '早餐酒店自助，午餐敬请自理，晚餐敬请自理',
    '捷克布杰约维采  ',
    '早餐后，行程始于奥托卡二世广场--参孙喷泉--市政厅--圣尼古拉教堂--黑塔，前往赫卢博卡城堡参观。后前往泰尔奇酒店休息，之后在捷克著名的“好兵帅克”餐厅享用波西米亚美食！体会捷克布杰约维采美丽如画的角落，被优雅美丽的市民住宅包围的广场、美丽如画的盐仓屋及酿造原始百威啤酒的啤酒厂，品尝举世闻名的百威啤酒美味和享受城市温和气氛，由此给予自己一趟不凡旅途观感。这就是南波希米亚州首府捷克布杰约维采市。此座城市数百年保存其历史美貌，同时也是该州的现代中心。',
    '南波希米亚新哥特式珍宝素有捷克的“英国温莎古堡”之称的赫卢博卡城堡，赫卢博卡宫殿是历史爱好者前往南波希米亚旅途中理想的目的地，无可救药的浪漫主义及各类运动的拥护者都能在此找到乐趣。多亏施瓦岑贝格家族保持了目前的外观，才使它常常被称为是捷克最美丽的宫殿。',
    '../images/ZJ/trip/35.jpg',
    '../images/ZJ/trip/36.jpg',
    11
  ),
  (
    123,
    'My Hotel 或同级',
    '早餐酒店自助，午餐敬请自理，晚餐敬请自理',
    '泰尔奇',
    '始于泰尔奇老城广场--泰尔奇城堡--城堡花园--城堡公园--圣灵塔楼和教堂，后前往莱德尼采瓦尔季采文化风景区莱德尼采城堡.“特尔奇”的童话世界，很难想象能有比特尔奇更有童话色彩的小镇。一个犹如从安徒生童话故事中搬出来的广场，一座浪漫的庄园宫殿 ， 和几个清澈的池塘环绕着这座小城。特尔奇市是在阿尔卑斯山以北地区意大利文艺复兴式建筑艺术的完美代表。特尔奇市中心的广场堪称欧洲最美丽的广场之一。因此，它也当之无愧被列为联合国教科文组织的世界文化遗产。',
    '莱德尼采-瓦尔齐采文化风景区占地300平方公里，由列支敦士登的贵族家族用过了几个世纪的时间修建而成。大自然的鬼斧神工与人类智慧的结晶，让人心醉神迷的美丽风景。这里不但保留着原始的野性美，还会带给您心灵上的愉悦和详和，堪称浪漫的列支敦士登，不愧为联合国教科文组织世界文化遗产。',
    '../images/ZJ/trip/33.jpg',
    '../images/ZJ/trip/34.jpg',
    11
  ),
  (
    124,
    'Prachárna Park Hotel 或同级',
    '早餐酒店自助，午餐敬请自理，晚餐敬请自理',
    '莱德尼采',
    '早餐后继续游览莱德尼采瓦尔季采风景区-瓦尔季采城堡，后前往奥洛穆茨游览圣三柱--城市喷泉--圣姆里斯教堂瓦尔季采地区被称为葡萄酒之都。您可以品尝宏伟城堡地窖中的各种葡萄酒！瓦尔季采的明珠是一个巴洛克式的城堡，列支敦士登家族的故居。城堡位于传统的葡萄酒产区中心，是由十三位王子逐步建立起来的。其中的设备和装置以及藏品和大量的物品足以和 18世纪的维也纳皇家法院相媲美。非常值得一看的是宏伟的名誉法庭、城堡的内部装饰。大量的酒窖是捷克葡萄酒沙龙的中心，也是最好的摩拉维亚和波希米亚葡萄酒的品尝之地。不要错过在广阔无垠的城堡公园中散散步，参观巴洛克式剧院遗迹、有百年历史的酒窖和草药花园。',
    '巴洛克的玫瑰：奥洛穆茨！奥洛穆茨早就是捷克王国最主要城市之一。由于其地理位置、古老的大学以及其精神与文化传统使这座城市成为莫拉维亚地区中心。在捷克共和国，奥洛穆茨历史中心文物古迹保护区仅次于布拉格。其著名名胜古迹是被列入世界文化遗产名录的圣三柱。当您访问奥洛穆茨时，也别忘了品尝那里的特色小吃：具有独一无二味道和气味的奶酪。',
    '../images/ZJ/trip/39.jpg',
    '../images/ZJ/trip/40.jpg',
    11
  ),
  (
    125,
    'Prachárna Park Hotel 或同级',
    '早餐酒店自助，午餐敬请自理，晚餐敬请自理',
    '奥洛穆茨',
    '自由广场--老市政厅--地下迷宫--圣彼得圣保罗大教堂--丹尼斯果园--斯皮尔斯城堡--，晚餐前往皇家丽思酒店享用。在布尔诺的中心品尝正宗的摩拉维亚葡萄酒，舒适温馨的餐厅内，我们可以品尝到来自捷克、意大利和法国的美食。',
    '探索布尔诺市的神奇的功能主义风格流派，摩拉维首府布尔诺市是捷克共和国的第二大城市，也是通南摩拉维亚肥沃的葡萄园的大门。旧市政厅前显示着身高两米的龙，崇尚功能主义流派的图根哈特家族别墅是明亮的珍珠。这些在著名的联合国教科文组织名单中已经注册。',
    '../images/ZJ/trip/41.jpg',
    '../images/ZJ/trip/42.jpg',
    11
  ),
  (
    126,
    '.Republic Hotel 或同级',
    '早餐酒店自助，午餐敬请自理，晚餐敬请自理',
    '布尔诺',
    '早餐后前往库特纳霍拉。行程始于：举世闻名的人骨教堂--圣母教堂--意大利宫--银矿博物馆--圣巴巴拉大教堂--石头喷泉和石屋。午餐选择著名的库特纳霍拉城的达奇茨基餐厅，真实的古老波西米亚炼金士餐厅。后返回布拉格圆满结束古老神秘波西米亚揭秘之旅！',
    '库特纳霍拉是波希米亚王国之宝被称为中世纪银城，银城的来由是因其曾提供大量银币来帮助波希米亚王国的发展。因其历史重要性及诸多建筑瑰宝，其老城区于1995年列入了联合国教科文组织世界文化遗产列表中。街巷阡陌、各房阁楼及教堂均充满重大事件悠久历史之气息。绝无仅有的晚期哥德式圣巴巴拉教堂为库特纳霍拉的闻名于世的象征。',
    '../images/ZJ/trip/43.jpg',
    '../images/ZJ/trip/44.jpg',
    11
  ),
  (
    127,
    '飞机',
    '早餐酒店自助，午餐球会简餐，晚餐飞机简餐',
    '飞机',
    '抵达北京',
    NULL,
    NULL,
    NULL,
    11
  ),
  (
    128,
    'Boat Hotel Matylda 或同级',
    '早餐飞机简餐，午餐敬请自理，晚餐敬请自理',
    '北京',
    '今日早晨抵达布拉格，早餐后开始今日游览。行程始于：被誉称为布拉格的“香榭里舍大道”“瓦茨拉夫大街”-犹太人城区，午餐后尽情的挑选一件纯手工制作的波西米亚水晶制品或找一家百年咖啡馆感受布拉格的神秘，傍晚前往“高堡”欣赏余晖下的金色布拉格，在一餐经典难忘的波西米亚歌舞表演晚餐后不要忘记看一场捷克国粹”黑光剧“呦！',
    NULL,
    '../images/ZJ/trip/23.jpg',
    '../images/ZJ/trip/24.jpg',
    12
  ),
  (
    129,
    'The Forest Garden酒店 或同级',
    '早餐酒店自助，午餐敬请自理，晚餐敬请自理',
    '布拉格',
    '早餐后前往捷克瑞士国家公园，行程始于：加布里埃尔之路起点，前往普拉伏奇斯卡之门。捷克的自然景观中有几个堪称欧洲之“最”。其中一个就在童话般的捷克“小瑞士国家公园”之中',
    '作为捷克的“小瑞士”象征，普拉伏奇斯卡之门是全欧洲最大的由天然岩石形成的大门。身临其境感受这雄伟壮阔的大自然杰作，无不惊叹于它的高大巍峨和自然的鬼斧神工。',
    '../images/ZJ/trip/27.jpg',
    '../images/ZJ/trip/26.jpg',
    12
  ),
  (
    130,
    'Hotel Romance Puškin 或同级',
    '早餐酒店自助，午餐敬请自理，晚餐敬请自理',
    '捷克瑞士国家公园',
    '餐后前往温泉之都卡罗维发利。行程始于优雅的柱廊-如穆勒和市场温泉回廊--磨坊回廊--温泉大厅--剧院或剧场-皇家浴场和圣玛利亚教堂。游览后不要忘了来个传统的水疗SPA哦！',
    '\"卡罗维发利”为波希米亚温泉三角区的宝石、王者，完美独特的水疗建筑，雄伟的柱廊温泉布局在优雅和迷人的地点，周围是树木茂盛的山谷，这些都是卡罗维发利。在欧洲艺术和社会生活中最有名的人物都曾造访过该处，现在为捷克共和国第二大参观景点。由于其温泉回廊独特的建筑方式，使它成为欧洲最美丽的温泉市之一。',
    '../images/ZJ/trip/29.jpg',
    '../images/ZJ/trip/30.jpg',
    12
  ),
  (
    131,
    'Hotel Grand 或同级',
    '早餐酒店自助，午餐敬请自理，晚餐敬请自理',
    '卡罗维发利',
    '早餐后前往啤酒之都皮尔森。行程始于全球闻名的皮尔森啤酒厂--啤酒博物馆--捷克最高的圣巴多罗买大教堂--全球第三大的大犹太会堂。午餐后前往世界文化遗产小镇“霍拉舍维采”，晚餐选择在著名的洞穴餐厅享用波西米亚烤猪肘大餐!!比尔森地区追求世上最好的啤酒，卓越独特的酿造啤酒师约瑟夫·哥罗尔1842年用新奇的底层发酵方式酿造啤酒时，没想到将来会成为酿造一切淡色啤酒的鼻祖。',
    '霍拉舍维采的神奇魅力，让您很难找到另外一个这样的地方，这么小的空间却汇聚着如此之大的魅力，绝对称得上是全捷克最美的村落。美丽的巴洛克式农屋环绕村庄排开，点缀在广阔的绿色田野之间，这样的乡村美景也使小镇荣登联合国教科文组织的世界文化遗产名录。',
    '../images/ZJ/trip/31.jpg',
    '../images/ZJ/trip/32.jpg',
    12
  ),
  (
    132,
    'Hotel Malý Pivovar 或同级',
    '早餐酒店自助，午餐敬请自理，晚餐敬请自理',
    '克鲁姆洛夫',
    '行程始于克鲁姆洛夫老城--圣维特大教堂--埃贡希勒画廊--捷克第二大的克鲁姆洛夫城堡，夏季还可延着蜿蜒的伏尔塔瓦河来趟酣畅淋漓的漂流！行程结束，前往布杰约维采入住酒店休息。',
    '在捷克克鲁姆洛夫，让时光倒回到文艺复兴时期，顺着蜿蜒的伏尔塔瓦河延伸到天尽, 就像是文艺复兴时期建筑的一块瑰宝。它是由迷宫似的小巷, 装饰华丽的排屋墙以及百花盛开的花园共同和谐交织着。同时，它又拥有中世纪的酒馆，小酒吧，画廊和石墨矿。由于其完好的保存了独特的中世纪核心，因此捷克克鲁姆洛夫被列入联合国教科文组织名单。',
    '../images/ZJ/trip/33.jpg',
    '../images/ZJ/trip/34.jpg',
    12
  ),
  (
    133,
    'Hotel Telč 或同级',
    '早餐酒店自助，午餐敬请自理，晚餐敬请自理',
    '捷克布杰约维采  ',
    '早餐后，行程始于奥托卡二世广场--参孙喷泉--市政厅--圣尼古拉教堂--黑塔，前往赫卢博卡城堡参观。后前往泰尔奇酒店休息，之后在捷克著名的“好兵帅克”餐厅享用波西米亚美食！体会捷克布杰约维采美丽如画的角落，被优雅美丽的市民住宅包围的广场、美丽如画的盐仓屋及酿造原始百威啤酒的啤酒厂，品尝举世闻名的百威啤酒美味和享受城市温和气氛，由此给予自己一趟不凡旅途观感。这就是南波希米亚州首府捷克布杰约维采市。此座城市数百年保存其历史美貌，同时也是该州的现代中心。',
    '南波希米亚新哥特式珍宝素有捷克的“英国温莎古堡”之称的赫卢博卡城堡，赫卢博卡宫殿是历史爱好者前往南波希米亚旅途中理想的目的地，无可救药的浪漫主义及各类运动的拥护者都能在此找到乐趣。多亏施瓦岑贝格家族保持了目前的外观，才使它常常被称为是捷克最美丽的宫殿。',
    '../images/ZJ/trip/35.jpg',
    '../images/ZJ/trip/36.jpg',
    12
  ),
  (
    134,
    'My Hotel 或同级',
    '早餐酒店自助，午餐敬请自理，晚餐敬请自理',
    '泰尔奇',
    '始于泰尔奇老城广场--泰尔奇城堡--城堡花园--城堡公园--圣灵塔楼和教堂，后前往莱德尼采瓦尔季采文化风景区莱德尼采城堡.“特尔奇”的童话世界，很难想象能有比特尔奇更有童话色彩的小镇。一个犹如从安徒生童话故事中搬出来的广场，一座浪漫的庄园宫殿 ， 和几个清澈的池塘环绕着这座小城。特尔奇市是在阿尔卑斯山以北地区意大利文艺复兴式建筑艺术的完美代表。特尔奇市中心的广场堪称欧洲最美丽的广场之一。因此，它也当之无愧被列为联合国教科文组织的世界文化遗产。',
    '莱德尼采-瓦尔齐采文化风景区占地300平方公里，由列支敦士登的贵族家族用过了几个世纪的时间修建而成。大自然的鬼斧神工与人类智慧的结晶，让人心醉神迷的美丽风景。这里不但保留着原始的野性美，还会带给您心灵上的愉悦和详和，堪称浪漫的列支敦士登，不愧为联合国教科文组织世界文化遗产。',
    '../images/ZJ/trip/33.jpg',
    '../images/ZJ/trip/34.jpg',
    12
  ),
  (
    135,
    'Prachárna Park Hotel 或同级',
    '早餐酒店自助，午餐敬请自理，晚餐敬请自理',
    '莱德尼采',
    '早餐后继续游览莱德尼采瓦尔季采风景区-瓦尔季采城堡，后前往奥洛穆茨游览圣三柱--城市喷泉--圣姆里斯教堂瓦尔季采地区被称为葡萄酒之都。您可以品尝宏伟城堡地窖中的各种葡萄酒！瓦尔季采的明珠是一个巴洛克式的城堡，列支敦士登家族的故居。城堡位于传统的葡萄酒产区中心，是由十三位王子逐步建立起来的。其中的设备和装置以及藏品和大量的物品足以和 18世纪的维也纳皇家法院相媲美。非常值得一看的是宏伟的名誉法庭、城堡的内部装饰。大量的酒窖是捷克葡萄酒沙龙的中心，也是最好的摩拉维亚和波希米亚葡萄酒的品尝之地。不要错过在广阔无垠的城堡公园中散散步，参观巴洛克式剧院遗迹、有百年历史的酒窖和草药花园。',
    '巴洛克的玫瑰：奥洛穆茨！奥洛穆茨早就是捷克王国最主要城市之一。由于其地理位置、古老的大学以及其精神与文化传统使这座城市成为莫拉维亚地区中心。在捷克共和国，奥洛穆茨历史中心文物古迹保护区仅次于布拉格。其著名名胜古迹是被列入世界文化遗产名录的圣三柱。当您访问奥洛穆茨时，也别忘了品尝那里的特色小吃：具有独一无二味道和气味的奶酪。',
    '../images/ZJ/trip/39.jpg',
    '../images/ZJ/trip/40.jpg',
    12
  ),
  (
    136,
    'Prachárna Park Hotel 或同级',
    '早餐酒店自助，午餐敬请自理，晚餐敬请自理',
    '奥洛穆茨',
    '自由广场--老市政厅--地下迷宫--圣彼得圣保罗大教堂--丹尼斯果园--斯皮尔斯城堡--，晚餐前往皇家丽思酒店享用。在布尔诺的中心品尝正宗的摩拉维亚葡萄酒，舒适温馨的餐厅内，我们可以品尝到来自捷克、意大利和法国的美食。',
    '探索布尔诺市的神奇的功能主义风格流派，摩拉维首府布尔诺市是捷克共和国的第二大城市，也是通南摩拉维亚肥沃的葡萄园的大门。旧市政厅前显示着身高两米的龙，崇尚功能主义流派的图根哈特家族别墅是明亮的珍珠。这些在著名的联合国教科文组织名单中已经注册。',
    '../images/ZJ/trip/41.jpg',
    '../images/ZJ/trip/42.jpg',
    12
  ),
  (
    137,
    '.Republic Hotel 或同级',
    '早餐酒店自助，午餐敬请自理，晚餐敬请自理',
    '布尔诺',
    '早餐后前往库特纳霍拉。行程始于：举世闻名的人骨教堂--圣母教堂--意大利宫--银矿博物馆--圣巴巴拉大教堂--石头喷泉和石屋。午餐选择著名的库特纳霍拉城的达奇茨基餐厅，真实的古老波西米亚炼金士餐厅。后返回布拉格圆满结束古老神秘波西米亚揭秘之旅！',
    '库特纳霍拉是波希米亚王国之宝被称为中世纪银城，银城的来由是因其曾提供大量银币来帮助波希米亚王国的发展。因其历史重要性及诸多建筑瑰宝，其老城区于1995年列入了联合国教科文组织世界文化遗产列表中。街巷阡陌、各房阁楼及教堂均充满重大事件悠久历史之气息。绝无仅有的晚期哥德式圣巴巴拉教堂为库特纳霍拉的闻名于世的象征。',
    '../images/ZJ/trip/43.jpg',
    '../images/ZJ/trip/44.jpg',
    12
  ),
  (
    138,
    '飞机',
    '早餐酒店自助，午餐球会简餐，晚餐飞机简餐',
    '飞机',
    '抵达北京',
    NULL,
    NULL,
    NULL,
    12
  ),
  (
    139,
    'Boat Hotel Matylda 或同级',
    '早餐飞机简餐，午餐敬请自理，晚餐敬请自理',
    '北京',
    '今日早晨抵达布拉格，早餐后开始今日游览。行程始于：被誉称为布拉格的“香榭里舍大道”“瓦茨拉夫大街”-犹太人城区，午餐后尽情的挑选一件纯手工制作的波西米亚水晶制品或找一家百年咖啡馆感受布拉格的神秘，傍晚前往“高堡”欣赏余晖下的金色布拉格，在一餐经典难忘的波西米亚歌舞表演晚餐后不要忘记看一场捷克国粹”黑光剧“呦！',
    NULL,
    '../images/ZJ/trip/23.jpg',
    '../images/ZJ/trip/24.jpg',
    13
  ),
  (
    140,
    'The Forest Garden酒店 或同级',
    '早餐酒店自助，午餐敬请自理，晚餐敬请自理',
    '布拉格',
    '早餐后前往捷克瑞士国家公园，行程始于：加布里埃尔之路起点，前往普拉伏奇斯卡之门。捷克的自然景观中有几个堪称欧洲之“最”。其中一个就在童话般的捷克“小瑞士国家公园”之中',
    '作为捷克的“小瑞士”象征，普拉伏奇斯卡之门是全欧洲最大的由天然岩石形成的大门。身临其境感受这雄伟壮阔的大自然杰作，无不惊叹于它的高大巍峨和自然的鬼斧神工。',
    '../images/ZJ/trip/27.jpg',
    '../images/ZJ/trip/26.jpg',
    13
  ),
  (
    141,
    'Hotel Romance Puškin 或同级',
    '早餐酒店自助，午餐敬请自理，晚餐敬请自理',
    '捷克瑞士国家公园',
    '餐后前往温泉之都卡罗维发利。行程始于优雅的柱廊-如穆勒和市场温泉回廊--磨坊回廊--温泉大厅--剧院或剧场-皇家浴场和圣玛利亚教堂。游览后不要忘了来个传统的水疗SPA哦！',
    '\"卡罗维发利”为波希米亚温泉三角区的宝石、王者，完美独特的水疗建筑，雄伟的柱廊温泉布局在优雅和迷人的地点，周围是树木茂盛的山谷，这些都是卡罗维发利。在欧洲艺术和社会生活中最有名的人物都曾造访过该处，现在为捷克共和国第二大参观景点。由于其温泉回廊独特的建筑方式，使它成为欧洲最美丽的温泉市之一。',
    '../images/ZJ/trip/29.jpg',
    '../images/ZJ/trip/30.jpg',
    13
  ),
  (
    142,
    'Hotel Grand 或同级',
    '早餐酒店自助，午餐敬请自理，晚餐敬请自理',
    '卡罗维发利',
    '早餐后前往啤酒之都皮尔森。行程始于全球闻名的皮尔森啤酒厂--啤酒博物馆--捷克最高的圣巴多罗买大教堂--全球第三大的大犹太会堂。午餐后前往世界文化遗产小镇“霍拉舍维采”，晚餐选择在著名的洞穴餐厅享用波西米亚烤猪肘大餐!!比尔森地区追求世上最好的啤酒，卓越独特的酿造啤酒师约瑟夫·哥罗尔1842年用新奇的底层发酵方式酿造啤酒时，没想到将来会成为酿造一切淡色啤酒的鼻祖。',
    '霍拉舍维采的神奇魅力，让您很难找到另外一个这样的地方，这么小的空间却汇聚着如此之大的魅力，绝对称得上是全捷克最美的村落。美丽的巴洛克式农屋环绕村庄排开，点缀在广阔的绿色田野之间，这样的乡村美景也使小镇荣登联合国教科文组织的世界文化遗产名录。',
    '../images/ZJ/trip/31.jpg',
    '../images/ZJ/trip/32.jpg',
    13
  ),
  (
    143,
    'Hotel Malý Pivovar 或同级',
    '早餐酒店自助，午餐敬请自理，晚餐敬请自理',
    '克鲁姆洛夫',
    '行程始于克鲁姆洛夫老城--圣维特大教堂--埃贡希勒画廊--捷克第二大的克鲁姆洛夫城堡，夏季还可延着蜿蜒的伏尔塔瓦河来趟酣畅淋漓的漂流！行程结束，前往布杰约维采入住酒店休息。',
    '在捷克克鲁姆洛夫，让时光倒回到文艺复兴时期，顺着蜿蜒的伏尔塔瓦河延伸到天尽, 就像是文艺复兴时期建筑的一块瑰宝。它是由迷宫似的小巷, 装饰华丽的排屋墙以及百花盛开的花园共同和谐交织着。同时，它又拥有中世纪的酒馆，小酒吧，画廊和石墨矿。由于其完好的保存了独特的中世纪核心，因此捷克克鲁姆洛夫被列入联合国教科文组织名单。',
    '../images/ZJ/trip/33.jpg',
    '../images/ZJ/trip/34.jpg',
    13
  ),
  (
    144,
    '飞机',
    '早餐酒店自助，午餐球会简餐，晚餐飞机简餐',
    '飞机',
    '抵达北京',
    NULL,
    NULL,
    NULL,
    13
  ),
  (
    145,
    'Boat Hotel Matylda 或同级',
    '早餐飞机简餐，午餐敬请自理，晚餐敬请自理',
    '北京',
    '今日早晨抵达布拉格，早餐后开始今日游览。行程始于：被誉称为布拉格的“香榭里舍大道”“瓦茨拉夫大街”-犹太人城区，午餐后尽情的挑选一件纯手工制作的波西米亚水晶制品或找一家百年咖啡馆感受布拉格的神秘，傍晚前往“高堡”欣赏余晖下的金色布拉格，在一餐经典难忘的波西米亚歌舞表演晚餐后不要忘记看一场捷克国粹”黑光剧“呦！',
    NULL,
    '../images/ZJ/trip/23.jpg',
    '../images/ZJ/trip/24.jpg',
    14
  ),
  (
    146,
    'The Forest Garden酒店 或同级',
    '早餐酒店自助，午餐敬请自理，晚餐敬请自理',
    '布拉格',
    '早餐后前往捷克瑞士国家公园，行程始于：加布里埃尔之路起点，前往普拉伏奇斯卡之门。捷克的自然景观中有几个堪称欧洲之“最”。其中一个就在童话般的捷克“小瑞士国家公园”之中',
    '作为捷克的“小瑞士”象征，普拉伏奇斯卡之门是全欧洲最大的由天然岩石形成的大门。身临其境感受这雄伟壮阔的大自然杰作，无不惊叹于它的高大巍峨和自然的鬼斧神工。',
    '../images/ZJ/trip/27.jpg',
    '../images/ZJ/trip/26.jpg',
    14
  ),
  (
    147,
    'Hotel Romance Puškin 或同级',
    '早餐酒店自助，午餐敬请自理，晚餐敬请自理',
    '捷克瑞士国家公园',
    '餐后前往温泉之都卡罗维发利。行程始于优雅的柱廊-如穆勒和市场温泉回廊--磨坊回廊--温泉大厅--剧院或剧场-皇家浴场和圣玛利亚教堂。游览后不要忘了来个传统的水疗SPA哦！',
    '\"卡罗维发利”为波希米亚温泉三角区的宝石、王者，完美独特的水疗建筑，雄伟的柱廊温泉布局在优雅和迷人的地点，周围是树木茂盛的山谷，这些都是卡罗维发利。在欧洲艺术和社会生活中最有名的人物都曾造访过该处，现在为捷克共和国第二大参观景点。由于其温泉回廊独特的建筑方式，使它成为欧洲最美丽的温泉市之一。',
    '../images/ZJ/trip/29.jpg',
    '../images/ZJ/trip/30.jpg',
    14
  ),
  (
    148,
    'Hotel Grand 或同级',
    '早餐酒店自助，午餐敬请自理，晚餐敬请自理',
    '卡罗维发利',
    '早餐后前往啤酒之都皮尔森。行程始于全球闻名的皮尔森啤酒厂--啤酒博物馆--捷克最高的圣巴多罗买大教堂--全球第三大的大犹太会堂。午餐后前往世界文化遗产小镇“霍拉舍维采”，晚餐选择在著名的洞穴餐厅享用波西米亚烤猪肘大餐!!比尔森地区追求世上最好的啤酒，卓越独特的酿造啤酒师约瑟夫·哥罗尔1842年用新奇的底层发酵方式酿造啤酒时，没想到将来会成为酿造一切淡色啤酒的鼻祖。',
    '霍拉舍维采的神奇魅力，让您很难找到另外一个这样的地方，这么小的空间却汇聚着如此之大的魅力，绝对称得上是全捷克最美的村落。美丽的巴洛克式农屋环绕村庄排开，点缀在广阔的绿色田野之间，这样的乡村美景也使小镇荣登联合国教科文组织的世界文化遗产名录。',
    '../images/ZJ/trip/31.jpg',
    '../images/ZJ/trip/32.jpg',
    14
  ),
  (
    149,
    'Hotel Malý Pivovar 或同级',
    '早餐酒店自助，午餐敬请自理，晚餐敬请自理',
    '克鲁姆洛夫',
    '行程始于克鲁姆洛夫老城--圣维特大教堂--埃贡希勒画廊--捷克第二大的克鲁姆洛夫城堡，夏季还可延着蜿蜒的伏尔塔瓦河来趟酣畅淋漓的漂流！行程结束，前往布杰约维采入住酒店休息。',
    '在捷克克鲁姆洛夫，让时光倒回到文艺复兴时期，顺着蜿蜒的伏尔塔瓦河延伸到天尽, 就像是文艺复兴时期建筑的一块瑰宝。它是由迷宫似的小巷, 装饰华丽的排屋墙以及百花盛开的花园共同和谐交织着。同时，它又拥有中世纪的酒馆，小酒吧，画廊和石墨矿。由于其完好的保存了独特的中世纪核心，因此捷克克鲁姆洛夫被列入联合国教科文组织名单。',
    '../images/ZJ/trip/33.jpg',
    '../images/ZJ/trip/34.jpg',
    14
  ),
  (
    150,
    '飞机',
    '早餐酒店自助，午餐球会简餐，晚餐飞机简餐',
    '飞机',
    '抵达北京',
    NULL,
    NULL,
    NULL,
    14
  ),
  (
    151,
    '伦敦朱美拉朗兹酒店 或同级',
    '早餐飞机简餐，午餐飞机简餐，晚餐推荐 唐茶苑餐厅',
    '北京',
    '请您根据航班时间提前3小时抵达机场，乘坐国际航班飞往英国伦敦。抵达后专人接机，送往酒店休息，养足精神迎接第二天的美好体验。',
    NULL,
    NULL,
    NULL,
    15
  ),
  (
    152,
    '伦敦朱美拉朗兹酒店 或同级',
    '早餐酒店自助，午餐推荐Mozzarella bar餐厅，晚餐推荐Bibendum餐厅',
    '酒店',
    '游览伦敦市区：大本钟、英国国会大厦、西敏寺大教堂外观、唐宁街10号首相官邸、白金汉',
    '参观大英博物馆。如果时间允许，可自行选择乘坐伦敦眼摩天轮俯视伦敦泰晤士河',
    '../images/ZJ/trip/2.jpg',
    '../images/ZJ/trip/3.jpg',
    15
  ),
  (
    153,
    '爱丁堡喜来登酒店 或同级',
    '早餐酒店自助，午餐球会餐厅，晚餐推荐Ondine餐厅',
    'The Grove求茶馆 ',
    '挥杆Grove冠军高尔夫球场',
    '乘坐飞机抵达爱丁堡，入住酒店休息',
    '../images/ZJ/trip/4.jpg',
    '../images/ZJ/trip/5.jpg',
    15
  ),
  (
    154,
    '爱丁堡喜来登酒店 或同级',
    '早餐酒店自助，午餐球会餐厅，晚餐推荐seafood resturant餐厅',
    '爱丁堡',
    '前往圣安德鲁斯，在世界文化遗产Forth大桥停留摄影。参观圣安德鲁斯老球场和球场俱乐部，并摇号老球场。',
    '苏格兰高尔夫职业球手指导如何玩转林克斯球场。挥杆圣安德鲁斯金士邦林克斯球场',
    '../images/ZJ/trip/6.jpg',
    '../images/ZJ/trip/7.jpg',
    15
  ),
  (
    155,
    '科克福塔岛度温泉酒店 或同级',
    '早餐酒店自助，午餐途中简餐，晚餐推荐圆明园中餐厅',
    '爱丁堡',
    '参观爱丁堡城堡，皇家一英里，圣十字宫，之后去苏格兰威士忌体验中心。',
    '抵达科克，挥杆福塔岛高尔夫度假村的Deerpark球场。',
    '../images/ZJ/trip/8.jpg',
    '../images/ZJ/trip/9.jpg',
    15
  ),
  (
    156,
    '科克福塔岛度温泉酒店 或同级',
    '早餐酒店自助，午餐球会餐厅，晚餐澳门餐厅',
    '酒店',
    '参观景色优美的Kinsale小镇。',
    '挥杆大西洋老人头林克斯高尔夫球场。',
    '../images/ZJ/trip/10.jpg',
    '../images/ZJ/trip/11.jpg',
    15
  ),
  (
    157,
    '飞机',
    '早餐飞机简餐，午餐飞机简餐',
    '飞机',
    '抵达北京',
    NULL,
    NULL,
    NULL,
    15
  ),
  (
    158,
    '伦敦朱美拉朗兹酒店 或同级',
    '早餐飞机简餐，午餐飞机简餐，晚餐推荐 唐茶苑餐厅',
    '北京',
    '请您根据航班时间提前3小时抵达机场，乘坐国际航班飞往英国伦敦。抵达后专人接机，送往酒店休息，养足精神迎接第二天的美好体验。',
    NULL,
    NULL,
    NULL,
    16
  ),
  (
    159,
    '伦敦朱美拉朗兹酒店 或同级',
    '早餐酒店自助，午餐推荐Mozzarella bar餐厅，晚餐推荐Bibendum餐厅',
    '酒店',
    '游览伦敦市区：大本钟、英国国会大厦、西敏寺大教堂外观、唐宁街10号首相官邸、白金汉',
    '参观大英博物馆。如果时间允许，可自行选择乘坐伦敦眼摩天轮俯视伦敦泰晤士河',
    '../images/ZJ/trip/2.jpg',
    '../images/ZJ/trip/3.jpg',
    16
  ),
  (
    160,
    '爱丁堡喜来登酒店 或同级',
    '早餐酒店自助，午餐球会餐厅，晚餐推荐Ondine餐厅',
    'The Grove求茶馆 ',
    '挥杆Grove冠军高尔夫球场',
    '乘坐飞机抵达爱丁堡，入住酒店休息',
    '../images/ZJ/trip/4.jpg',
    '../images/ZJ/trip/5.jpg',
    16
  ),
  (
    161,
    '飞机',
    '早餐飞机简餐，午餐飞机简餐',
    '飞机',
    '抵达北京',
    NULL,
    NULL,
    NULL,
    16
  ),
  (
    162,
    'Boat Hotel Matylda 或同级',
    '早餐飞机简餐，午餐敬请自理，晚餐敬请自理',
    '北京',
    '今日早晨抵达布拉格，早餐后开始今日游览。行程始于：被誉称为布拉格的“香榭里舍大道”“瓦茨拉夫大街”-犹太人城区，午餐后尽情的挑选一件纯手工制作的波西米亚水晶制品或找一家百年咖啡馆感受布拉格的神秘，傍晚前往“高堡”欣赏余晖下的金色布拉格，在一餐经典难忘的波西米亚歌舞表演晚餐后不要忘记看一场捷克国粹”黑光剧“呦！',
    NULL,
    '../images/ZJ/trip/23.jpg',
    '../images/ZJ/trip/24.jpg',
    17
  ),
  (
    163,
    'Boat Hotel Matylda 玛提尔达船酒店',
    '早餐酒店自助，午餐敬请自理，晚餐波西米亚自助晚餐',
    '布拉格',
    '皇家之路起点火药塔-老城广场-查理桥-小城广场，午餐后游览世界最大古城堡布拉格城堡后游船游览伏尔塔瓦河两岸风光同时享受正宗波西米亚自助晚餐。',
    '著名的布拉格天文钟、精品服装店及伏尔塔瓦河上的游船，哥特式的查理大桥及布拉格最美丽的教堂——小城区的圣尼古拉教堂。闹中取静的皇家花园、佩特任山及山寨版埃菲尔铁塔的瞭望塔以及布拉格城堡……布拉格各区风情迥异，魅力无穷。布拉格也是个文化风格冲突的城市：一边浪漫，一边穿急，一面古老，一面现代，它是个欢迎并吸纳世界文化精髓的都市。',
    '../images/ZJ/trip/25.jpg',
    '../images/ZJ/trip/26.jpg',
    17
  ),
  (
    164,
    'The Forest Garden酒店 或同级',
    '早餐酒店自助，午餐敬请自理，晚餐敬请自理',
    '布拉格',
    '早餐后前往捷克瑞士国家公园，行程始于：加布里埃尔之路起点，前往普拉伏奇斯卡之门。捷克的自然景观中有几个堪称欧洲之“最”。其中一个就在童话般的捷克“小瑞士国家公园”之中',
    '作为捷克的“小瑞士”象征，普拉伏奇斯卡之门是全欧洲最大的由天然岩石形成的大门。身临其境感受这雄伟壮阔的大自然杰作，无不惊叹于它的高大巍峨和自然的鬼斧神工。',
    '../images/ZJ/trip/27.jpg',
    '../images/ZJ/trip/26.jpg',
    17
  ),
  (
    165,
    'Hotel Romance Puškin 或同级',
    '早餐酒店自助，午餐敬请自理，晚餐敬请自理',
    '捷克瑞士国家公园',
    '餐后前往温泉之都卡罗维发利。行程始于优雅的柱廊-如穆勒和市场温泉回廊--磨坊回廊--温泉大厅--剧院或剧场-皇家浴场和圣玛利亚教堂。游览后不要忘了来个传统的水疗SPA哦！',
    '\"卡罗维发利”为波希米亚温泉三角区的宝石、王者，完美独特的水疗建筑，雄伟的柱廊温泉布局在优雅和迷人的地点，周围是树木茂盛的山谷，这些都是卡罗维发利。在欧洲艺术和社会生活中最有名的人物都曾造访过该处，现在为捷克共和国第二大参观景点。由于其温泉回廊独特的建筑方式，使它成为欧洲最美丽的温泉市之一。',
    '../images/ZJ/trip/29.jpg',
    '../images/ZJ/trip/30.jpg',
    17
  ),
  (
    166,
    'Hotel Grand 或同级',
    '早餐酒店自助，午餐敬请自理，晚餐敬请自理',
    '卡罗维发利',
    '早餐后前往啤酒之都皮尔森。行程始于全球闻名的皮尔森啤酒厂--啤酒博物馆--捷克最高的圣巴多罗买大教堂--全球第三大的大犹太会堂。午餐后前往世界文化遗产小镇“霍拉舍维采”，晚餐选择在著名的洞穴餐厅享用波西米亚烤猪肘大餐!!比尔森地区追求世上最好的啤酒，卓越独特的酿造啤酒师约瑟夫·哥罗尔1842年用新奇的底层发酵方式酿造啤酒时，没想到将来会成为酿造一切淡色啤酒的鼻祖。',
    '霍拉舍维采的神奇魅力，让您很难找到另外一个这样的地方，这么小的空间却汇聚着如此之大的魅力，绝对称得上是全捷克最美的村落。美丽的巴洛克式农屋环绕村庄排开，点缀在广阔的绿色田野之间，这样的乡村美景也使小镇荣登联合国教科文组织的世界文化遗产名录。',
    '../images/ZJ/trip/31.jpg',
    '../images/ZJ/trip/32.jpg',
    17
  ),
  (
    167,
    'Hotel Malý Pivovar 或同级',
    '早餐酒店自助，午餐敬请自理，晚餐敬请自理',
    '克鲁姆洛夫',
    '行程始于克鲁姆洛夫老城--圣维特大教堂--埃贡希勒画廊--捷克第二大的克鲁姆洛夫城堡，夏季还可延着蜿蜒的伏尔塔瓦河来趟酣畅淋漓的漂流！行程结束，前往布杰约维采入住酒店休息。',
    '在捷克克鲁姆洛夫，让时光倒回到文艺复兴时期，顺着蜿蜒的伏尔塔瓦河延伸到天尽, 就像是文艺复兴时期建筑的一块瑰宝。它是由迷宫似的小巷, 装饰华丽的排屋墙以及百花盛开的花园共同和谐交织着。同时，它又拥有中世纪的酒馆，小酒吧，画廊和石墨矿。由于其完好的保存了独特的中世纪核心，因此捷克克鲁姆洛夫被列入联合国教科文组织名单。',
    '../images/ZJ/trip/33.jpg',
    '../images/ZJ/trip/34.jpg',
    17
  ),
  (
    168,
    'Hotel Telč 或同级',
    '早餐酒店自助，午餐敬请自理，晚餐敬请自理',
    '捷克布杰约维采  ',
    '早餐后，行程始于奥托卡二世广场--参孙喷泉--市政厅--圣尼古拉教堂--黑塔，前往赫卢博卡城堡参观。后前往泰尔奇酒店休息，之后在捷克著名的“好兵帅克”餐厅享用波西米亚美食！体会捷克布杰约维采美丽如画的角落，被优雅美丽的市民住宅包围的广场、美丽如画的盐仓屋及酿造原始百威啤酒的啤酒厂，品尝举世闻名的百威啤酒美味和享受城市温和气氛，由此给予自己一趟不凡旅途观感。这就是南波希米亚州首府捷克布杰约维采市。此座城市数百年保存其历史美貌，同时也是该州的现代中心。',
    '南波希米亚新哥特式珍宝素有捷克的“英国温莎古堡”之称的赫卢博卡城堡，赫卢博卡宫殿是历史爱好者前往南波希米亚旅途中理想的目的地，无可救药的浪漫主义及各类运动的拥护者都能在此找到乐趣。多亏施瓦岑贝格家族保持了目前的外观，才使它常常被称为是捷克最美丽的宫殿。',
    '../images/ZJ/trip/35.jpg',
    '../images/ZJ/trip/36.jpg',
    17
  ),
  (
    169,
    'My Hotel 或同级',
    '早餐酒店自助，午餐敬请自理，晚餐敬请自理',
    '泰尔奇',
    '始于泰尔奇老城广场--泰尔奇城堡--城堡花园--城堡公园--圣灵塔楼和教堂，后前往莱德尼采瓦尔季采文化风景区莱德尼采城堡.“特尔奇”的童话世界，很难想象能有比特尔奇更有童话色彩的小镇。一个犹如从安徒生童话故事中搬出来的广场，一座浪漫的庄园宫殿 ， 和几个清澈的池塘环绕着这座小城。特尔奇市是在阿尔卑斯山以北地区意大利文艺复兴式建筑艺术的完美代表。特尔奇市中心的广场堪称欧洲最美丽的广场之一。因此，它也当之无愧被列为联合国教科文组织的世界文化遗产。',
    '莱德尼采-瓦尔齐采文化风景区占地300平方公里，由列支敦士登的贵族家族用过了几个世纪的时间修建而成。大自然的鬼斧神工与人类智慧的结晶，让人心醉神迷的美丽风景。这里不但保留着原始的野性美，还会带给您心灵上的愉悦和详和，堪称浪漫的列支敦士登，不愧为联合国教科文组织世界文化遗产。',
    '../images/ZJ/trip/33.jpg',
    '../images/ZJ/trip/34.jpg',
    17
  ),
  (
    170,
    'Prachárna Park Hotel 或同级',
    '早餐酒店自助，午餐敬请自理，晚餐敬请自理',
    '莱德尼采',
    '早餐后继续游览莱德尼采瓦尔季采风景区-瓦尔季采城堡，后前往奥洛穆茨游览圣三柱--城市喷泉--圣姆里斯教堂瓦尔季采地区被称为葡萄酒之都。您可以品尝宏伟城堡地窖中的各种葡萄酒！瓦尔季采的明珠是一个巴洛克式的城堡，列支敦士登家族的故居。城堡位于传统的葡萄酒产区中心，是由十三位王子逐步建立起来的。其中的设备和装置以及藏品和大量的物品足以和 18世纪的维也纳皇家法院相媲美。非常值得一看的是宏伟的名誉法庭、城堡的内部装饰。大量的酒窖是捷克葡萄酒沙龙的中心，也是最好的摩拉维亚和波希米亚葡萄酒的品尝之地。不要错过在广阔无垠的城堡公园中散散步，参观巴洛克式剧院遗迹、有百年历史的酒窖和草药花园。',
    '巴洛克的玫瑰：奥洛穆茨！奥洛穆茨早就是捷克王国最主要城市之一。由于其地理位置、古老的大学以及其精神与文化传统使这座城市成为莫拉维亚地区中心。在捷克共和国，奥洛穆茨历史中心文物古迹保护区仅次于布拉格。其著名名胜古迹是被列入世界文化遗产名录的圣三柱。当您访问奥洛穆茨时，也别忘了品尝那里的特色小吃：具有独一无二味道和气味的奶酪。',
    '../images/ZJ/trip/39.jpg',
    '../images/ZJ/trip/40.jpg',
    17
  ),
  (
    171,
    'Prachárna Park Hotel 或同级',
    '早餐酒店自助，午餐敬请自理，晚餐敬请自理',
    '奥洛穆茨',
    '自由广场--老市政厅--地下迷宫--圣彼得圣保罗大教堂--丹尼斯果园--斯皮尔斯城堡--，晚餐前往皇家丽思酒店享用。在布尔诺的中心品尝正宗的摩拉维亚葡萄酒，舒适温馨的餐厅内，我们可以品尝到来自捷克、意大利和法国的美食。',
    '探索布尔诺市的神奇的功能主义风格流派，摩拉维首府布尔诺市是捷克共和国的第二大城市，也是通南摩拉维亚肥沃的葡萄园的大门。旧市政厅前显示着身高两米的龙，崇尚功能主义流派的图根哈特家族别墅是明亮的珍珠。这些在著名的联合国教科文组织名单中已经注册。',
    '../images/ZJ/trip/41.jpg',
    '../images/ZJ/trip/42.jpg',
    17
  ),
  (
    172,
    '.Republic Hotel 或同级',
    '早餐酒店自助，午餐敬请自理，晚餐敬请自理',
    '布尔诺',
    '早餐后前往库特纳霍拉。行程始于：举世闻名的人骨教堂--圣母教堂--意大利宫--银矿博物馆--圣巴巴拉大教堂--石头喷泉和石屋。午餐选择著名的库特纳霍拉城的达奇茨基餐厅，真实的古老波西米亚炼金士餐厅。后返回布拉格圆满结束古老神秘波西米亚揭秘之旅！',
    '库特纳霍拉是波希米亚王国之宝被称为中世纪银城，银城的来由是因其曾提供大量银币来帮助波希米亚王国的发展。因其历史重要性及诸多建筑瑰宝，其老城区于1995年列入了联合国教科文组织世界文化遗产列表中。街巷阡陌、各房阁楼及教堂均充满重大事件悠久历史之气息。绝无仅有的晚期哥德式圣巴巴拉教堂为库特纳霍拉的闻名于世的象征。',
    '../images/ZJ/trip/43.jpg',
    '../images/ZJ/trip/44.jpg',
    17
  ),
  (
    173,
    '飞机',
    '早餐酒店自助，午餐球会简餐，晚餐飞机简餐',
    '飞机',
    '抵达北京',
    NULL,
    NULL,
    NULL,
    17
  ),
  (
    174,
    'Boat Hotel Matylda 或同级',
    '早餐飞机简餐，午餐敬请自理，晚餐敬请自理',
    '北京',
    '今日早晨抵达布拉格，早餐后开始今日游览。行程始于：被誉称为布拉格的“香榭里舍大道”“瓦茨拉夫大街”-犹太人城区，午餐后尽情的挑选一件纯手工制作的波西米亚水晶制品或找一家百年咖啡馆感受布拉格的神秘，傍晚前往“高堡”欣赏余晖下的金色布拉格，在一餐经典难忘的波西米亚歌舞表演晚餐后不要忘记看一场捷克国粹”黑光剧“呦！',
    NULL,
    '../images/ZJ/trip/23.jpg',
    '../images/ZJ/trip/24.jpg',
    18
  ),
  (
    175,
    'Boat Hotel Matylda 玛提尔达船酒店',
    '早餐酒店自助，午餐敬请自理，晚餐波西米亚自助晚餐',
    '布拉格',
    '皇家之路起点火药塔-老城广场-查理桥-小城广场，午餐后游览世界最大古城堡布拉格城堡后游船游览伏尔塔瓦河两岸风光同时享受正宗波西米亚自助晚餐。',
    '著名的布拉格天文钟、精品服装店及伏尔塔瓦河上的游船，哥特式的查理大桥及布拉格最美丽的教堂——小城区的圣尼古拉教堂。闹中取静的皇家花园、佩特任山及山寨版埃菲尔铁塔的瞭望塔以及布拉格城堡……布拉格各区风情迥异，魅力无穷。布拉格也是个文化风格冲突的城市：一边浪漫，一边穿急，一面古老，一面现代，它是个欢迎并吸纳世界文化精髓的都市。',
    '../images/ZJ/trip/25.jpg',
    '../images/ZJ/trip/26.jpg',
    18
  ),
  (
    176,
    'The Forest Garden酒店 或同级',
    '早餐酒店自助，午餐敬请自理，晚餐敬请自理',
    '布拉格',
    '早餐后前往捷克瑞士国家公园，行程始于：加布里埃尔之路起点，前往普拉伏奇斯卡之门。捷克的自然景观中有几个堪称欧洲之“最”。其中一个就在童话般的捷克“小瑞士国家公园”之中',
    '作为捷克的“小瑞士”象征，普拉伏奇斯卡之门是全欧洲最大的由天然岩石形成的大门。身临其境感受这雄伟壮阔的大自然杰作，无不惊叹于它的高大巍峨和自然的鬼斧神工。',
    '../images/ZJ/trip/27.jpg',
    '../images/ZJ/trip/26.jpg',
    18
  ),
  (
    177,
    'Hotel Romance Puškin 或同级',
    '早餐酒店自助，午餐敬请自理，晚餐敬请自理',
    '捷克瑞士国家公园',
    '餐后前往温泉之都卡罗维发利。行程始于优雅的柱廊-如穆勒和市场温泉回廊--磨坊回廊--温泉大厅--剧院或剧场-皇家浴场和圣玛利亚教堂。游览后不要忘了来个传统的水疗SPA哦！',
    '\"卡罗维发利”为波希米亚温泉三角区的宝石、王者，完美独特的水疗建筑，雄伟的柱廊温泉布局在优雅和迷人的地点，周围是树木茂盛的山谷，这些都是卡罗维发利。在欧洲艺术和社会生活中最有名的人物都曾造访过该处，现在为捷克共和国第二大参观景点。由于其温泉回廊独特的建筑方式，使它成为欧洲最美丽的温泉市之一。',
    '../images/ZJ/trip/29.jpg',
    '../images/ZJ/trip/30.jpg',
    18
  ),
  (
    178,
    'Hotel Grand 或同级',
    '早餐酒店自助，午餐敬请自理，晚餐敬请自理',
    '卡罗维发利',
    '早餐后前往啤酒之都皮尔森。行程始于全球闻名的皮尔森啤酒厂--啤酒博物馆--捷克最高的圣巴多罗买大教堂--全球第三大的大犹太会堂。午餐后前往世界文化遗产小镇“霍拉舍维采”，晚餐选择在著名的洞穴餐厅享用波西米亚烤猪肘大餐!!比尔森地区追求世上最好的啤酒，卓越独特的酿造啤酒师约瑟夫·哥罗尔1842年用新奇的底层发酵方式酿造啤酒时，没想到将来会成为酿造一切淡色啤酒的鼻祖。',
    '霍拉舍维采的神奇魅力，让您很难找到另外一个这样的地方，这么小的空间却汇聚着如此之大的魅力，绝对称得上是全捷克最美的村落。美丽的巴洛克式农屋环绕村庄排开，点缀在广阔的绿色田野之间，这样的乡村美景也使小镇荣登联合国教科文组织的世界文化遗产名录。',
    '../images/ZJ/trip/31.jpg',
    '../images/ZJ/trip/32.jpg',
    18
  ),
  (
    179,
    '飞机',
    '早餐酒店自助，午餐球会简餐，晚餐飞机简餐',
    '飞机',
    '抵达北京',
    NULL,
    NULL,
    NULL,
    18
  ),
  (
    180,
    '伦敦朱美拉朗兹酒店 或同级',
    '早餐飞机简餐，午餐飞机简餐，晚餐推荐 唐茶苑餐厅',
    '北京',
    '请您根据航班时间提前3小时抵达机场，乘坐国际航班飞往英国伦敦。抵达后专人接机，送往酒店休息，养足精神迎接第二天的美好体验。',
    NULL,
    NULL,
    NULL,
    19
  ),
  (
    181,
    '伦敦朱美拉朗兹酒店 或同级',
    '早餐酒店自助，午餐推荐Mozzarella bar餐厅，晚餐推荐Bibendum餐厅',
    '酒店',
    '游览伦敦市区：大本钟、英国国会大厦、西敏寺大教堂外观、唐宁街10号首相官邸、白金汉',
    '参观大英博物馆。如果时间允许，可自行选择乘坐伦敦眼摩天轮俯视伦敦泰晤士河',
    '../images/ZJ/trip/2.jpg',
    '../images/ZJ/trip/3.jpg',
    19
  ),
  (
    182,
    '爱丁堡喜来登酒店 或同级',
    '早餐酒店自助，午餐球会餐厅，晚餐推荐Ondine餐厅',
    'The Grove求茶馆 ',
    '挥杆Grove冠军高尔夫球场',
    '乘坐飞机抵达爱丁堡，入住酒店休息',
    '../images/ZJ/trip/4.jpg',
    '../images/ZJ/trip/5.jpg',
    19
  ),
  (
    183,
    '爱丁堡喜来登酒店 或同级',
    '早餐酒店自助，午餐球会餐厅，晚餐推荐seafood resturant餐厅',
    '爱丁堡',
    '前往圣安德鲁斯，在世界文化遗产Forth大桥停留摄影。参观圣安德鲁斯老球场和球场俱乐部，并摇号老球场。',
    '苏格兰高尔夫职业球手指导如何玩转林克斯球场。挥杆圣安德鲁斯金士邦林克斯球场',
    '../images/ZJ/trip/6.jpg',
    '../images/ZJ/trip/7.jpg',
    19
  ),
  (
    184,
    '都柏林洲际酒店 或同级',
    '早餐酒店自助，午餐途中简餐，晚餐推荐Chapter One餐厅',
    '科克',
    '科克出发前往都柏林，抵达后参观游览Grafton大街、圣三一学院图书馆。',
    '在Guinness健力士啤酒厂看啤酒的酿造过程并品尝不同口味啤酒。聆听都柏林St. Patrick大教堂圣诗班合唱 (3:15pm请肃静准时）。晚上，观看爱尔兰大河舞晚会（含晚宴）',
    '../images/ZJ/trip/12.jpg',
    '../images/ZJ/trip/13.jpg',
    19
  ),
  (
    185,
    '都柏林洲际酒店',
    '早餐酒店自助，午餐球会餐厅，晚餐推荐巴蜀人家餐厅',
    '酒店',
    '今日前往莱德杯比赛球场——K Club挥杆。',
    '前往基尔代尔奥特莱斯购物，并在基尔代尔体验爱尔兰休闲骑马。',
    '../images/ZJ/trip/14.jpg',
    '../images/ZJ/trip/15.jpg',
    19
  ),
  (
    186,
    '酒店',
    '早餐飞机简餐，午餐敬请自理，晚餐敬请自理',
    '酒店',
    '挥杆波特马诺克高尔夫球场。',
    '根据航班时间提前3小时前往机场，乘坐国际航班返程回中国。',
    '../images/ZJ/trip/16.jpg',
    '../images/ZJ/trip/17.jpg',
    19
  ),
  (
    187,
    '飞机',
    '早餐飞机简餐，午餐飞机简餐',
    '飞机',
    '抵达北京',
    NULL,
    NULL,
    NULL,
    19
  ),
  (
    188,
    '伦敦朱美拉朗兹酒店 或同级',
    '早餐飞机简餐，午餐飞机简餐，晚餐推荐 唐茶苑餐厅',
    '北京',
    '请您根据航班时间提前3小时抵达机场，乘坐国际航班飞往英国伦敦。抵达后专人接机，送往酒店休息，养足精神迎接第二天的美好体验。',
    NULL,
    NULL,
    NULL,
    20
  ),
  (
    189,
    '伦敦朱美拉朗兹酒店 或同级',
    '早餐酒店自助，午餐推荐Mozzarella bar餐厅，晚餐推荐Bibendum餐厅',
    '酒店',
    '游览伦敦市区：大本钟、英国国会大厦、西敏寺大教堂外观、唐宁街10号首相官邸、白金汉',
    '参观大英博物馆。如果时间允许，可自行选择乘坐伦敦眼摩天轮俯视伦敦泰晤士河',
    '../images/ZJ/trip/2.jpg',
    '../images/ZJ/trip/3.jpg',
    20
  ),
  (
    190,
    '爱丁堡喜来登酒店 或同级',
    '早餐酒店自助，午餐球会餐厅，晚餐推荐Ondine餐厅',
    'The Grove求茶馆 ',
    '挥杆Grove冠军高尔夫球场',
    '乘坐飞机抵达爱丁堡，入住酒店休息',
    '../images/ZJ/trip/4.jpg',
    '../images/ZJ/trip/5.jpg',
    20
  ),
  (
    191,
    '爱丁堡喜来登酒店 或同级',
    '早餐酒店自助，午餐球会餐厅，晚餐推荐seafood resturant餐厅',
    '爱丁堡',
    '前往圣安德鲁斯，在世界文化遗产Forth大桥停留摄影。参观圣安德鲁斯老球场和球场俱乐部，并摇号老球场。',
    '苏格兰高尔夫职业球手指导如何玩转林克斯球场。挥杆圣安德鲁斯金士邦林克斯球场',
    '../images/ZJ/trip/6.jpg',
    '../images/ZJ/trip/7.jpg',
    20
  ),
  (
    192,
    '都柏林洲际酒店 或同级',
    '早餐酒店自助，午餐途中简餐，晚餐推荐Chapter One餐厅',
    '科克',
    '科克出发前往都柏林，抵达后参观游览Grafton大街、圣三一学院图书馆。',
    '在Guinness健力士啤酒厂看啤酒的酿造过程并品尝不同口味啤酒。聆听都柏林St. Patrick大教堂圣诗班合唱 (3:15pm请肃静准时）。晚上，观看爱尔兰大河舞晚会（含晚宴）',
    '../images/ZJ/trip/12.jpg',
    '../images/ZJ/trip/13.jpg',
    20
  ),
  (
    193,
    '都柏林洲际酒店',
    '早餐酒店自助，午餐球会餐厅，晚餐推荐巴蜀人家餐厅',
    '酒店',
    '今日前往莱德杯比赛球场——K Club挥杆。',
    '前往基尔代尔奥特莱斯购物，并在基尔代尔体验爱尔兰休闲骑马。',
    '../images/ZJ/trip/14.jpg',
    '../images/ZJ/trip/15.jpg',
    20
  ),
  (
    194,
    '飞机',
    '早餐飞机简餐，午餐飞机简餐',
    '飞机',
    '抵达北京',
    NULL,
    NULL,
    NULL,
    20
  ),
  (
    195,
    '伦敦朱美拉朗兹酒店 或同级',
    '早餐飞机简餐，午餐飞机简餐，晚餐推荐 唐茶苑餐厅',
    '北京',
    '请您根据航班时间提前3小时抵达机场，乘坐国际航班飞往英国伦敦。抵达后专人接机，送往酒店休息，养足精神迎接第二天的美好体验。',
    NULL,
    NULL,
    NULL,
    21
  ),
  (
    196,
    '伦敦朱美拉朗兹酒店 或同级',
    '早餐酒店自助，午餐推荐Mozzarella bar餐厅，晚餐推荐Bibendum餐厅',
    '酒店',
    '游览伦敦市区：大本钟、英国国会大厦、西敏寺大教堂外观、唐宁街10号首相官邸、白金汉',
    '参观大英博物馆。如果时间允许，可自行选择乘坐伦敦眼摩天轮俯视伦敦泰晤士河',
    '../images/ZJ/trip/2.jpg',
    '../images/ZJ/trip/3.jpg',
    21
  ),
  (
    197,
    '爱丁堡喜来登酒店 或同级',
    '早餐酒店自助，午餐球会餐厅，晚餐推荐Ondine餐厅',
    'The Grove求茶馆 ',
    '挥杆Grove冠军高尔夫球场',
    '乘坐飞机抵达爱丁堡，入住酒店休息',
    '../images/ZJ/trip/4.jpg',
    '../images/ZJ/trip/5.jpg',
    21
  ),
  (
    198,
    '爱丁堡喜来登酒店 或同级',
    '早餐酒店自助，午餐球会餐厅，晚餐推荐seafood resturant餐厅',
    '爱丁堡',
    '前往圣安德鲁斯，在世界文化遗产Forth大桥停留摄影。参观圣安德鲁斯老球场和球场俱乐部，并摇号老球场。',
    '苏格兰高尔夫职业球手指导如何玩转林克斯球场。挥杆圣安德鲁斯金士邦林克斯球场',
    '../images/ZJ/trip/6.jpg',
    '../images/ZJ/trip/7.jpg',
    21
  ),
  (
    199,
    '科克福塔岛度温泉酒店 或同级',
    '早餐酒店自助，午餐途中简餐，晚餐推荐圆明园中餐厅',
    '爱丁堡',
    '参观爱丁堡城堡，皇家一英里，圣十字宫，之后去苏格兰威士忌体验中心。',
    '抵达科克，挥杆福塔岛高尔夫度假村的Deerpark球场。',
    '../images/ZJ/trip/8.jpg',
    '../images/ZJ/trip/9.jpg',
    21
  ),
  (
    200,
    '科克福塔岛度温泉酒店 或同级',
    '早餐酒店自助，午餐球会餐厅，晚餐澳门餐厅',
    '酒店',
    '参观景色优美的Kinsale小镇。',
    '挥杆大西洋老人头林克斯高尔夫球场。',
    '../images/ZJ/trip/10.jpg',
    '../images/ZJ/trip/11.jpg',
    21
  ),
  (
    201,
    '都柏林洲际酒店 或同级',
    '早餐酒店自助，午餐途中简餐，晚餐推荐Chapter One餐厅',
    '科克',
    '科克出发前往都柏林，抵达后参观游览Grafton大街、圣三一学院图书馆。',
    '在Guinness健力士啤酒厂看啤酒的酿造过程并品尝不同口味啤酒。聆听都柏林St. Patrick大教堂圣诗班合唱 (3:15pm请肃静准时）。晚上，观看爱尔兰大河舞晚会（含晚宴）',
    '../images/ZJ/trip/12.jpg',
    '../images/ZJ/trip/13.jpg',
    21
  ),
  (
    202,
    '飞机',
    '早餐飞机简餐，午餐飞机简餐',
    '飞机',
    '抵达北京',
    NULL,
    NULL,
    NULL,
    21
  ),
  (
    203,
    '伦敦朱美拉朗兹酒店 或同级',
    '早餐飞机简餐，午餐飞机简餐，晚餐推荐 唐茶苑餐厅',
    '北京',
    '请您根据航班时间提前3小时抵达机场，乘坐国际航班飞往英国伦敦。抵达后专人接机，送往酒店休息，养足精神迎接第二天的美好体验。',
    NULL,
    NULL,
    NULL,
    22
  ),
  (
    204,
    '爱丁堡喜来登酒店 或同级',
    '早餐酒店自助，午餐球会餐厅，晚餐推荐Ondine餐厅',
    'The Grove求茶馆 ',
    '挥杆Grove冠军高尔夫球场',
    '乘坐飞机抵达爱丁堡，入住酒店休息',
    '../images/ZJ/trip/4.jpg',
    '../images/ZJ/trip/5.jpg',
    22
  ),
  (
    205,
    '爱丁堡喜来登酒店 或同级',
    '早餐酒店自助，午餐球会餐厅，晚餐推荐seafood resturant餐厅',
    '爱丁堡',
    '前往圣安德鲁斯，在世界文化遗产Forth大桥停留摄影。参观圣安德鲁斯老球场和球场俱乐部，并摇号老球场。',
    '苏格兰高尔夫职业球手指导如何玩转林克斯球场。挥杆圣安德鲁斯金士邦林克斯球场',
    '../images/ZJ/trip/6.jpg',
    '../images/ZJ/trip/7.jpg',
    22
  ),
  (
    206,
    '科克福塔岛度温泉酒店 或同级',
    '早餐酒店自助，午餐途中简餐，晚餐推荐圆明园中餐厅',
    '爱丁堡',
    '参观爱丁堡城堡，皇家一英里，圣十字宫，之后去苏格兰威士忌体验中心。',
    '抵达科克，挥杆福塔岛高尔夫度假村的Deerpark球场。',
    '../images/ZJ/trip/8.jpg',
    '../images/ZJ/trip/9.jpg',
    22
  ),
  (
    207,
    '科克福塔岛度温泉酒店 或同级',
    '早餐酒店自助，午餐球会餐厅，晚餐澳门餐厅',
    '酒店',
    '参观景色优美的Kinsale小镇。',
    '挥杆大西洋老人头林克斯高尔夫球场。',
    '../images/ZJ/trip/10.jpg',
    '../images/ZJ/trip/11.jpg',
    22
  ),
  (
    208,
    '都柏林洲际酒店 或同级',
    '早餐酒店自助，午餐途中简餐，晚餐推荐Chapter One餐厅',
    '科克',
    '科克出发前往都柏林，抵达后参观游览Grafton大街、圣三一学院图书馆。',
    '在Guinness健力士啤酒厂看啤酒的酿造过程并品尝不同口味啤酒。聆听都柏林St. Patrick大教堂圣诗班合唱 (3:15pm请肃静准时）。晚上，观看爱尔兰大河舞晚会（含晚宴）',
    '../images/ZJ/trip/12.jpg',
    '../images/ZJ/trip/13.jpg',
    22
  ),
  (
    209,
    '飞机',
    '早餐飞机简餐，午餐飞机简餐',
    '飞机',
    '抵达北京',
    NULL,
    NULL,
    NULL,
    22
  ),
  (
    210,
    '伦敦朱美拉朗兹酒店 或同级',
    '早餐飞机简餐，午餐飞机简餐，晚餐推荐 唐茶苑餐厅',
    '北京',
    '请您根据航班时间提前3小时抵达机场，乘坐国际航班飞往英国伦敦。抵达后专人接机，送往酒店休息，养足精神迎接第二天的美好体验。',
    NULL,
    NULL,
    NULL,
    23
  ),
  (
    211,
    '爱丁堡喜来登酒店 或同级',
    '早餐酒店自助，午餐球会餐厅，晚餐推荐Ondine餐厅',
    'The Grove求茶馆 ',
    '挥杆Grove冠军高尔夫球场',
    '乘坐飞机抵达爱丁堡，入住酒店休息',
    '../images/ZJ/trip/4.jpg',
    '../images/ZJ/trip/5.jpg',
    23
  ),
  (
    212,
    '爱丁堡喜来登酒店 或同级',
    '早餐酒店自助，午餐球会餐厅，晚餐推荐seafood resturant餐厅',
    '爱丁堡',
    '前往圣安德鲁斯，在世界文化遗产Forth大桥停留摄影。参观圣安德鲁斯老球场和球场俱乐部，并摇号老球场。',
    '苏格兰高尔夫职业球手指导如何玩转林克斯球场。挥杆圣安德鲁斯金士邦林克斯球场',
    '../images/ZJ/trip/6.jpg',
    '../images/ZJ/trip/7.jpg',
    23
  ),
  (
    213,
    '科克福塔岛度温泉酒店 或同级',
    '早餐酒店自助，午餐途中简餐，晚餐推荐圆明园中餐厅',
    '爱丁堡',
    '参观爱丁堡城堡，皇家一英里，圣十字宫，之后去苏格兰威士忌体验中心。',
    '抵达科克，挥杆福塔岛高尔夫度假村的Deerpark球场。',
    '../images/ZJ/trip/8.jpg',
    '../images/ZJ/trip/9.jpg',
    23
  ),
  (
    214,
    '科克福塔岛度温泉酒店 或同级',
    '早餐酒店自助，午餐球会餐厅，晚餐澳门餐厅',
    '酒店',
    '参观景色优美的Kinsale小镇。',
    '挥杆大西洋老人头林克斯高尔夫球场。',
    '../images/ZJ/trip/10.jpg',
    '../images/ZJ/trip/11.jpg',
    23
  ),
  (
    215,
    '飞机',
    '早餐飞机简餐，午餐飞机简餐',
    '飞机',
    '抵达北京',
    NULL,
    NULL,
    NULL,
    23
  ),
  (
    216,
    '伦敦朱美拉朗兹酒店 或同级',
    '早餐飞机简餐，午餐飞机简餐，晚餐推荐 唐茶苑餐厅',
    '北京',
    '请您根据航班时间提前3小时抵达机场，乘坐国际航班飞往英国伦敦。抵达后专人接机，送往酒店休息，养足精神迎接第二天的美好体验。',
    NULL,
    NULL,
    NULL,
    24
  ),
  (
    217,
    '爱丁堡喜来登酒店 或同级',
    '早餐酒店自助，午餐球会餐厅，晚餐推荐Ondine餐厅',
    'The Grove求茶馆 ',
    '挥杆Grove冠军高尔夫球场',
    '乘坐飞机抵达爱丁堡，入住酒店休息',
    '../images/ZJ/trip/4.jpg',
    '../images/ZJ/trip/5.jpg',
    24
  ),
  (
    218,
    '爱丁堡喜来登酒店 或同级',
    '早餐酒店自助，午餐球会餐厅，晚餐推荐seafood resturant餐厅',
    '爱丁堡',
    '前往圣安德鲁斯，在世界文化遗产Forth大桥停留摄影。参观圣安德鲁斯老球场和球场俱乐部，并摇号老球场。',
    '苏格兰高尔夫职业球手指导如何玩转林克斯球场。挥杆圣安德鲁斯金士邦林克斯球场',
    '../images/ZJ/trip/6.jpg',
    '../images/ZJ/trip/7.jpg',
    24
  ),
  (
    219,
    '科克福塔岛度温泉酒店 或同级',
    '早餐酒店自助，午餐途中简餐，晚餐推荐圆明园中餐厅',
    '爱丁堡',
    '参观爱丁堡城堡，皇家一英里，圣十字宫，之后去苏格兰威士忌体验中心。',
    '抵达科克，挥杆福塔岛高尔夫度假村的Deerpark球场。',
    '../images/ZJ/trip/8.jpg',
    '../images/ZJ/trip/9.jpg',
    24
  ),
  (
    220,
    '科克福塔岛度温泉酒店 或同级',
    '早餐酒店自助，午餐球会餐厅，晚餐澳门餐厅',
    '酒店',
    '参观景色优美的Kinsale小镇。',
    '挥杆大西洋老人头林克斯高尔夫球场。',
    '../images/ZJ/trip/10.jpg',
    '../images/ZJ/trip/11.jpg',
    24
  ),
  (
    221,
    '都柏林洲际酒店 或同级',
    '早餐酒店自助，午餐途中简餐，晚餐推荐Chapter One餐厅',
    '科克',
    '科克出发前往都柏林，抵达后参观游览Grafton大街、圣三一学院图书馆。',
    '在Guinness健力士啤酒厂看啤酒的酿造过程并品尝不同口味啤酒。聆听都柏林St. Patrick大教堂圣诗班合唱 (3:15pm请肃静准时）。晚上，观看爱尔兰大河舞晚会（含晚宴）',
    '../images/ZJ/trip/12.jpg',
    '../images/ZJ/trip/13.jpg',
    24
  ),
  (
    222,
    '飞机',
    '早餐飞机简餐，午餐飞机简餐',
    '飞机',
    '抵达北京',
    NULL,
    NULL,
    NULL,
    24
  ),
  (
    223,
    'Boat Hotel Matylda 或同级',
    '早餐飞机简餐，午餐敬请自理，晚餐敬请自理',
    '北京',
    '今日早晨抵达布拉格，早餐后开始今日游览。行程始于：被誉称为布拉格的“香榭里舍大道”“瓦茨拉夫大街”-犹太人城区，午餐后尽情的挑选一件纯手工制作的波西米亚水晶制品或找一家百年咖啡馆感受布拉格的神秘，傍晚前往“高堡”欣赏余晖下的金色布拉格，在一餐经典难忘的波西米亚歌舞表演晚餐后不要忘记看一场捷克国粹”黑光剧“呦！',
    NULL,
    '../images/ZJ/trip/23.jpg',
    '../images/ZJ/trip/24.jpg',
    25
  ),
  (
    224,
    'Boat Hotel Matylda 玛提尔达船酒店',
    '早餐酒店自助，午餐敬请自理，晚餐波西米亚自助晚餐',
    '布拉格',
    '皇家之路起点火药塔-老城广场-查理桥-小城广场，午餐后游览世界最大古城堡布拉格城堡后游船游览伏尔塔瓦河两岸风光同时享受正宗波西米亚自助晚餐。',
    '著名的布拉格天文钟、精品服装店及伏尔塔瓦河上的游船，哥特式的查理大桥及布拉格最美丽的教堂——小城区的圣尼古拉教堂。闹中取静的皇家花园、佩特任山及山寨版埃菲尔铁塔的瞭望塔以及布拉格城堡……布拉格各区风情迥异，魅力无穷。布拉格也是个文化风格冲突的城市：一边浪漫，一边穿急，一面古老，一面现代，它是个欢迎并吸纳世界文化精髓的都市。',
    '../images/ZJ/trip/25.jpg',
    '../images/ZJ/trip/26.jpg',
    25
  ),
  (
    225,
    'The Forest Garden酒店 或同级',
    '早餐酒店自助，午餐敬请自理，晚餐敬请自理',
    '布拉格',
    '早餐后前往捷克瑞士国家公园，行程始于：加布里埃尔之路起点，前往普拉伏奇斯卡之门。捷克的自然景观中有几个堪称欧洲之“最”。其中一个就在童话般的捷克“小瑞士国家公园”之中',
    '作为捷克的“小瑞士”象征，普拉伏奇斯卡之门是全欧洲最大的由天然岩石形成的大门。身临其境感受这雄伟壮阔的大自然杰作，无不惊叹于它的高大巍峨和自然的鬼斧神工。',
    '../images/ZJ/trip/27.jpg',
    '../images/ZJ/trip/26.jpg',
    25
  ),
  (
    226,
    'Hotel Romance Puškin 或同级',
    '早餐酒店自助，午餐敬请自理，晚餐敬请自理',
    '捷克瑞士国家公园',
    '餐后前往温泉之都卡罗维发利。行程始于优雅的柱廊-如穆勒和市场温泉回廊--磨坊回廊--温泉大厅--剧院或剧场-皇家浴场和圣玛利亚教堂。游览后不要忘了来个传统的水疗SPA哦！',
    '\"卡罗维发利”为波希米亚温泉三角区的宝石、王者，完美独特的水疗建筑，雄伟的柱廊温泉布局在优雅和迷人的地点，周围是树木茂盛的山谷，这些都是卡罗维发利。在欧洲艺术和社会生活中最有名的人物都曾造访过该处，现在为捷克共和国第二大参观景点。由于其温泉回廊独特的建筑方式，使它成为欧洲最美丽的温泉市之一。',
    '../images/ZJ/trip/29.jpg',
    '../images/ZJ/trip/30.jpg',
    25
  ),
  (
    227,
    'Hotel Grand 或同级',
    '早餐酒店自助，午餐敬请自理，晚餐敬请自理',
    '卡罗维发利',
    '早餐后前往啤酒之都皮尔森。行程始于全球闻名的皮尔森啤酒厂--啤酒博物馆--捷克最高的圣巴多罗买大教堂--全球第三大的大犹太会堂。午餐后前往世界文化遗产小镇“霍拉舍维采”，晚餐选择在著名的洞穴餐厅享用波西米亚烤猪肘大餐!!比尔森地区追求世上最好的啤酒，卓越独特的酿造啤酒师约瑟夫·哥罗尔1842年用新奇的底层发酵方式酿造啤酒时，没想到将来会成为酿造一切淡色啤酒的鼻祖。',
    '霍拉舍维采的神奇魅力，让您很难找到另外一个这样的地方，这么小的空间却汇聚着如此之大的魅力，绝对称得上是全捷克最美的村落。美丽的巴洛克式农屋环绕村庄排开，点缀在广阔的绿色田野之间，这样的乡村美景也使小镇荣登联合国教科文组织的世界文化遗产名录。',
    '../images/ZJ/trip/31.jpg',
    '../images/ZJ/trip/32.jpg',
    25
  ),
  (
    228,
    'Hotel Malý Pivovar 或同级',
    '早餐酒店自助，午餐敬请自理，晚餐敬请自理',
    '克鲁姆洛夫',
    '行程始于克鲁姆洛夫老城--圣维特大教堂--埃贡希勒画廊--捷克第二大的克鲁姆洛夫城堡，夏季还可延着蜿蜒的伏尔塔瓦河来趟酣畅淋漓的漂流！行程结束，前往布杰约维采入住酒店休息。',
    '在捷克克鲁姆洛夫，让时光倒回到文艺复兴时期，顺着蜿蜒的伏尔塔瓦河延伸到天尽, 就像是文艺复兴时期建筑的一块瑰宝。它是由迷宫似的小巷, 装饰华丽的排屋墙以及百花盛开的花园共同和谐交织着。同时，它又拥有中世纪的酒馆，小酒吧，画廊和石墨矿。由于其完好的保存了独特的中世纪核心，因此捷克克鲁姆洛夫被列入联合国教科文组织名单。',
    '../images/ZJ/trip/33.jpg',
    '../images/ZJ/trip/34.jpg',
    25
  ),
  (
    229,
    'Hotel Telč 或同级',
    '早餐酒店自助，午餐敬请自理，晚餐敬请自理',
    '捷克布杰约维采  ',
    '早餐后，行程始于奥托卡二世广场--参孙喷泉--市政厅--圣尼古拉教堂--黑塔，前往赫卢博卡城堡参观。后前往泰尔奇酒店休息，之后在捷克著名的“好兵帅克”餐厅享用波西米亚美食！体会捷克布杰约维采美丽如画的角落，被优雅美丽的市民住宅包围的广场、美丽如画的盐仓屋及酿造原始百威啤酒的啤酒厂，品尝举世闻名的百威啤酒美味和享受城市温和气氛，由此给予自己一趟不凡旅途观感。这就是南波希米亚州首府捷克布杰约维采市。此座城市数百年保存其历史美貌，同时也是该州的现代中心。',
    '南波希米亚新哥特式珍宝素有捷克的“英国温莎古堡”之称的赫卢博卡城堡，赫卢博卡宫殿是历史爱好者前往南波希米亚旅途中理想的目的地，无可救药的浪漫主义及各类运动的拥护者都能在此找到乐趣。多亏施瓦岑贝格家族保持了目前的外观，才使它常常被称为是捷克最美丽的宫殿。',
    '../images/ZJ/trip/35.jpg',
    '../images/ZJ/trip/36.jpg',
    25
  ),
  (
    230,
    'My Hotel 或同级',
    '早餐酒店自助，午餐敬请自理，晚餐敬请自理',
    '泰尔奇',
    '始于泰尔奇老城广场--泰尔奇城堡--城堡花园--城堡公园--圣灵塔楼和教堂，后前往莱德尼采瓦尔季采文化风景区莱德尼采城堡.“特尔奇”的童话世界，很难想象能有比特尔奇更有童话色彩的小镇。一个犹如从安徒生童话故事中搬出来的广场，一座浪漫的庄园宫殿 ， 和几个清澈的池塘环绕着这座小城。特尔奇市是在阿尔卑斯山以北地区意大利文艺复兴式建筑艺术的完美代表。特尔奇市中心的广场堪称欧洲最美丽的广场之一。因此，它也当之无愧被列为联合国教科文组织的世界文化遗产。',
    '莱德尼采-瓦尔齐采文化风景区占地300平方公里，由列支敦士登的贵族家族用过了几个世纪的时间修建而成。大自然的鬼斧神工与人类智慧的结晶，让人心醉神迷的美丽风景。这里不但保留着原始的野性美，还会带给您心灵上的愉悦和详和，堪称浪漫的列支敦士登，不愧为联合国教科文组织世界文化遗产。',
    '../images/ZJ/trip/33.jpg',
    '../images/ZJ/trip/34.jpg',
    25
  ),
  (
    231,
    'Prachárna Park Hotel 或同级',
    '早餐酒店自助，午餐敬请自理，晚餐敬请自理',
    '莱德尼采',
    '早餐后继续游览莱德尼采瓦尔季采风景区-瓦尔季采城堡，后前往奥洛穆茨游览圣三柱--城市喷泉--圣姆里斯教堂瓦尔季采地区被称为葡萄酒之都。您可以品尝宏伟城堡地窖中的各种葡萄酒！瓦尔季采的明珠是一个巴洛克式的城堡，列支敦士登家族的故居。城堡位于传统的葡萄酒产区中心，是由十三位王子逐步建立起来的。其中的设备和装置以及藏品和大量的物品足以和 18世纪的维也纳皇家法院相媲美。非常值得一看的是宏伟的名誉法庭、城堡的内部装饰。大量的酒窖是捷克葡萄酒沙龙的中心，也是最好的摩拉维亚和波希米亚葡萄酒的品尝之地。不要错过在广阔无垠的城堡公园中散散步，参观巴洛克式剧院遗迹、有百年历史的酒窖和草药花园。',
    '巴洛克的玫瑰：奥洛穆茨！奥洛穆茨早就是捷克王国最主要城市之一。由于其地理位置、古老的大学以及其精神与文化传统使这座城市成为莫拉维亚地区中心。在捷克共和国，奥洛穆茨历史中心文物古迹保护区仅次于布拉格。其著名名胜古迹是被列入世界文化遗产名录的圣三柱。当您访问奥洛穆茨时，也别忘了品尝那里的特色小吃：具有独一无二味道和气味的奶酪。',
    '../images/ZJ/trip/39.jpg',
    '../images/ZJ/trip/40.jpg',
    25
  ),
  (
    232,
    'Prachárna Park Hotel 或同级',
    '早餐酒店自助，午餐敬请自理，晚餐敬请自理',
    '奥洛穆茨',
    '自由广场--老市政厅--地下迷宫--圣彼得圣保罗大教堂--丹尼斯果园--斯皮尔斯城堡--，晚餐前往皇家丽思酒店享用。在布尔诺的中心品尝正宗的摩拉维亚葡萄酒，舒适温馨的餐厅内，我们可以品尝到来自捷克、意大利和法国的美食。',
    '探索布尔诺市的神奇的功能主义风格流派，摩拉维首府布尔诺市是捷克共和国的第二大城市，也是通南摩拉维亚肥沃的葡萄园的大门。旧市政厅前显示着身高两米的龙，崇尚功能主义流派的图根哈特家族别墅是明亮的珍珠。这些在著名的联合国教科文组织名单中已经注册。',
    '../images/ZJ/trip/41.jpg',
    '../images/ZJ/trip/42.jpg',
    25
  ),
  (
    233,
    '.Republic Hotel 或同级',
    '早餐酒店自助，午餐敬请自理，晚餐敬请自理',
    '布尔诺',
    '早餐后前往库特纳霍拉。行程始于：举世闻名的人骨教堂--圣母教堂--意大利宫--银矿博物馆--圣巴巴拉大教堂--石头喷泉和石屋。午餐选择著名的库特纳霍拉城的达奇茨基餐厅，真实的古老波西米亚炼金士餐厅。后返回布拉格圆满结束古老神秘波西米亚揭秘之旅！',
    '库特纳霍拉是波希米亚王国之宝被称为中世纪银城，银城的来由是因其曾提供大量银币来帮助波希米亚王国的发展。因其历史重要性及诸多建筑瑰宝，其老城区于1995年列入了联合国教科文组织世界文化遗产列表中。街巷阡陌、各房阁楼及教堂均充满重大事件悠久历史之气息。绝无仅有的晚期哥德式圣巴巴拉教堂为库特纳霍拉的闻名于世的象征。',
    '../images/ZJ/trip/43.jpg',
    '../images/ZJ/trip/44.jpg',
    25
  ),
  (
    234,
    '飞机',
    '早餐酒店自助，午餐球会简餐，晚餐飞机简餐',
    '飞机',
    '抵达北京',
    NULL,
    NULL,
    NULL,
    25
  ),
  (
    235,
    'Boat Hotel Matylda 或同级',
    '早餐飞机简餐，午餐敬请自理，晚餐敬请自理',
    '北京',
    '今日早晨抵达布拉格，早餐后开始今日游览。行程始于：被誉称为布拉格的“香榭里舍大道”“瓦茨拉夫大街”-犹太人城区，午餐后尽情的挑选一件纯手工制作的波西米亚水晶制品或找一家百年咖啡馆感受布拉格的神秘，傍晚前往“高堡”欣赏余晖下的金色布拉格，在一餐经典难忘的波西米亚歌舞表演晚餐后不要忘记看一场捷克国粹”黑光剧“呦！',
    NULL,
    '../images/ZJ/trip/23.jpg',
    '../images/ZJ/trip/24.jpg',
    26
  ),
  (
    236,
    'Boat Hotel Matylda 玛提尔达船酒店',
    '早餐酒店自助，午餐敬请自理，晚餐波西米亚自助晚餐',
    '布拉格',
    '皇家之路起点火药塔-老城广场-查理桥-小城广场，午餐后游览世界最大古城堡布拉格城堡后游船游览伏尔塔瓦河两岸风光同时享受正宗波西米亚自助晚餐。',
    '著名的布拉格天文钟、精品服装店及伏尔塔瓦河上的游船，哥特式的查理大桥及布拉格最美丽的教堂——小城区的圣尼古拉教堂。闹中取静的皇家花园、佩特任山及山寨版埃菲尔铁塔的瞭望塔以及布拉格城堡……布拉格各区风情迥异，魅力无穷。布拉格也是个文化风格冲突的城市：一边浪漫，一边穿急，一面古老，一面现代，它是个欢迎并吸纳世界文化精髓的都市。',
    '../images/ZJ/trip/25.jpg',
    '../images/ZJ/trip/26.jpg',
    26
  ),
  (
    237,
    'The Forest Garden酒店 或同级',
    '早餐酒店自助，午餐敬请自理，晚餐敬请自理',
    '布拉格',
    '早餐后前往捷克瑞士国家公园，行程始于：加布里埃尔之路起点，前往普拉伏奇斯卡之门。捷克的自然景观中有几个堪称欧洲之“最”。其中一个就在童话般的捷克“小瑞士国家公园”之中',
    '作为捷克的“小瑞士”象征，普拉伏奇斯卡之门是全欧洲最大的由天然岩石形成的大门。身临其境感受这雄伟壮阔的大自然杰作，无不惊叹于它的高大巍峨和自然的鬼斧神工。',
    '../images/ZJ/trip/27.jpg',
    '../images/ZJ/trip/26.jpg',
    26
  ),
  (
    238,
    'Hotel Romance Puškin 或同级',
    '早餐酒店自助，午餐敬请自理，晚餐敬请自理',
    '捷克瑞士国家公园',
    '餐后前往温泉之都卡罗维发利。行程始于优雅的柱廊-如穆勒和市场温泉回廊--磨坊回廊--温泉大厅--剧院或剧场-皇家浴场和圣玛利亚教堂。游览后不要忘了来个传统的水疗SPA哦！',
    '\"卡罗维发利”为波希米亚温泉三角区的宝石、王者，完美独特的水疗建筑，雄伟的柱廊温泉布局在优雅和迷人的地点，周围是树木茂盛的山谷，这些都是卡罗维发利。在欧洲艺术和社会生活中最有名的人物都曾造访过该处，现在为捷克共和国第二大参观景点。由于其温泉回廊独特的建筑方式，使它成为欧洲最美丽的温泉市之一。',
    '../images/ZJ/trip/29.jpg',
    '../images/ZJ/trip/30.jpg',
    26
  ),
  (
    239,
    'Hotel Grand 或同级',
    '早餐酒店自助，午餐敬请自理，晚餐敬请自理',
    '卡罗维发利',
    '早餐后前往啤酒之都皮尔森。行程始于全球闻名的皮尔森啤酒厂--啤酒博物馆--捷克最高的圣巴多罗买大教堂--全球第三大的大犹太会堂。午餐后前往世界文化遗产小镇“霍拉舍维采”，晚餐选择在著名的洞穴餐厅享用波西米亚烤猪肘大餐!!比尔森地区追求世上最好的啤酒，卓越独特的酿造啤酒师约瑟夫·哥罗尔1842年用新奇的底层发酵方式酿造啤酒时，没想到将来会成为酿造一切淡色啤酒的鼻祖。',
    '霍拉舍维采的神奇魅力，让您很难找到另外一个这样的地方，这么小的空间却汇聚着如此之大的魅力，绝对称得上是全捷克最美的村落。美丽的巴洛克式农屋环绕村庄排开，点缀在广阔的绿色田野之间，这样的乡村美景也使小镇荣登联合国教科文组织的世界文化遗产名录。',
    '../images/ZJ/trip/31.jpg',
    '../images/ZJ/trip/32.jpg',
    26
  ),
  (
    240,
    'Hotel Malý Pivovar 或同级',
    '早餐酒店自助，午餐敬请自理，晚餐敬请自理',
    '克鲁姆洛夫',
    '行程始于克鲁姆洛夫老城--圣维特大教堂--埃贡希勒画廊--捷克第二大的克鲁姆洛夫城堡，夏季还可延着蜿蜒的伏尔塔瓦河来趟酣畅淋漓的漂流！行程结束，前往布杰约维采入住酒店休息。',
    '在捷克克鲁姆洛夫，让时光倒回到文艺复兴时期，顺着蜿蜒的伏尔塔瓦河延伸到天尽, 就像是文艺复兴时期建筑的一块瑰宝。它是由迷宫似的小巷, 装饰华丽的排屋墙以及百花盛开的花园共同和谐交织着。同时，它又拥有中世纪的酒馆，小酒吧，画廊和石墨矿。由于其完好的保存了独特的中世纪核心，因此捷克克鲁姆洛夫被列入联合国教科文组织名单。',
    '../images/ZJ/trip/33.jpg',
    '../images/ZJ/trip/34.jpg',
    26
  ),
  (
    241,
    'Hotel Telč 或同级',
    '早餐酒店自助，午餐敬请自理，晚餐敬请自理',
    '捷克布杰约维采  ',
    '早餐后，行程始于奥托卡二世广场--参孙喷泉--市政厅--圣尼古拉教堂--黑塔，前往赫卢博卡城堡参观。后前往泰尔奇酒店休息，之后在捷克著名的“好兵帅克”餐厅享用波西米亚美食！体会捷克布杰约维采美丽如画的角落，被优雅美丽的市民住宅包围的广场、美丽如画的盐仓屋及酿造原始百威啤酒的啤酒厂，品尝举世闻名的百威啤酒美味和享受城市温和气氛，由此给予自己一趟不凡旅途观感。这就是南波希米亚州首府捷克布杰约维采市。此座城市数百年保存其历史美貌，同时也是该州的现代中心。',
    '南波希米亚新哥特式珍宝素有捷克的“英国温莎古堡”之称的赫卢博卡城堡，赫卢博卡宫殿是历史爱好者前往南波希米亚旅途中理想的目的地，无可救药的浪漫主义及各类运动的拥护者都能在此找到乐趣。多亏施瓦岑贝格家族保持了目前的外观，才使它常常被称为是捷克最美丽的宫殿。',
    '../images/ZJ/trip/35.jpg',
    '../images/ZJ/trip/36.jpg',
    26
  ),
  (
    242,
    'My Hotel 或同级',
    '早餐酒店自助，午餐敬请自理，晚餐敬请自理',
    '泰尔奇',
    '始于泰尔奇老城广场--泰尔奇城堡--城堡花园--城堡公园--圣灵塔楼和教堂，后前往莱德尼采瓦尔季采文化风景区莱德尼采城堡.“特尔奇”的童话世界，很难想象能有比特尔奇更有童话色彩的小镇。一个犹如从安徒生童话故事中搬出来的广场，一座浪漫的庄园宫殿 ， 和几个清澈的池塘环绕着这座小城。特尔奇市是在阿尔卑斯山以北地区意大利文艺复兴式建筑艺术的完美代表。特尔奇市中心的广场堪称欧洲最美丽的广场之一。因此，它也当之无愧被列为联合国教科文组织的世界文化遗产。',
    '莱德尼采-瓦尔齐采文化风景区占地300平方公里，由列支敦士登的贵族家族用过了几个世纪的时间修建而成。大自然的鬼斧神工与人类智慧的结晶，让人心醉神迷的美丽风景。这里不但保留着原始的野性美，还会带给您心灵上的愉悦和详和，堪称浪漫的列支敦士登，不愧为联合国教科文组织世界文化遗产。',
    '../images/ZJ/trip/33.jpg',
    '../images/ZJ/trip/34.jpg',
    26
  ),
  (
    243,
    'Prachárna Park Hotel 或同级',
    '早餐酒店自助，午餐敬请自理，晚餐敬请自理',
    '莱德尼采',
    '早餐后继续游览莱德尼采瓦尔季采风景区-瓦尔季采城堡，后前往奥洛穆茨游览圣三柱--城市喷泉--圣姆里斯教堂瓦尔季采地区被称为葡萄酒之都。您可以品尝宏伟城堡地窖中的各种葡萄酒！瓦尔季采的明珠是一个巴洛克式的城堡，列支敦士登家族的故居。城堡位于传统的葡萄酒产区中心，是由十三位王子逐步建立起来的。其中的设备和装置以及藏品和大量的物品足以和 18世纪的维也纳皇家法院相媲美。非常值得一看的是宏伟的名誉法庭、城堡的内部装饰。大量的酒窖是捷克葡萄酒沙龙的中心，也是最好的摩拉维亚和波希米亚葡萄酒的品尝之地。不要错过在广阔无垠的城堡公园中散散步，参观巴洛克式剧院遗迹、有百年历史的酒窖和草药花园。',
    '巴洛克的玫瑰：奥洛穆茨！奥洛穆茨早就是捷克王国最主要城市之一。由于其地理位置、古老的大学以及其精神与文化传统使这座城市成为莫拉维亚地区中心。在捷克共和国，奥洛穆茨历史中心文物古迹保护区仅次于布拉格。其著名名胜古迹是被列入世界文化遗产名录的圣三柱。当您访问奥洛穆茨时，也别忘了品尝那里的特色小吃：具有独一无二味道和气味的奶酪。',
    '../images/ZJ/trip/39.jpg',
    '../images/ZJ/trip/40.jpg',
    26
  ),
  (
    244,
    'Prachárna Park Hotel 或同级',
    '早餐酒店自助，午餐敬请自理，晚餐敬请自理',
    '奥洛穆茨',
    '自由广场--老市政厅--地下迷宫--圣彼得圣保罗大教堂--丹尼斯果园--斯皮尔斯城堡--，晚餐前往皇家丽思酒店享用。在布尔诺的中心品尝正宗的摩拉维亚葡萄酒，舒适温馨的餐厅内，我们可以品尝到来自捷克、意大利和法国的美食。',
    '探索布尔诺市的神奇的功能主义风格流派，摩拉维首府布尔诺市是捷克共和国的第二大城市，也是通南摩拉维亚肥沃的葡萄园的大门。旧市政厅前显示着身高两米的龙，崇尚功能主义流派的图根哈特家族别墅是明亮的珍珠。这些在著名的联合国教科文组织名单中已经注册。',
    '../images/ZJ/trip/41.jpg',
    '../images/ZJ/trip/42.jpg',
    26
  ),
  (
    245,
    '.Republic Hotel 或同级',
    '早餐酒店自助，午餐敬请自理，晚餐敬请自理',
    '布尔诺',
    '早餐后前往库特纳霍拉。行程始于：举世闻名的人骨教堂--圣母教堂--意大利宫--银矿博物馆--圣巴巴拉大教堂--石头喷泉和石屋。午餐选择著名的库特纳霍拉城的达奇茨基餐厅，真实的古老波西米亚炼金士餐厅。后返回布拉格圆满结束古老神秘波西米亚揭秘之旅！',
    '库特纳霍拉是波希米亚王国之宝被称为中世纪银城，银城的来由是因其曾提供大量银币来帮助波希米亚王国的发展。因其历史重要性及诸多建筑瑰宝，其老城区于1995年列入了联合国教科文组织世界文化遗产列表中。街巷阡陌、各房阁楼及教堂均充满重大事件悠久历史之气息。绝无仅有的晚期哥德式圣巴巴拉教堂为库特纳霍拉的闻名于世的象征。',
    '../images/ZJ/trip/43.jpg',
    '../images/ZJ/trip/44.jpg',
    26
  ),
  (
    246,
    '飞机',
    '早餐酒店自助，午餐球会简餐，晚餐飞机简餐',
    '飞机',
    '抵达北京',
    NULL,
    NULL,
    NULL,
    26
  ),
  (
    247,
    'Boat Hotel Matylda 或同级',
    '早餐飞机简餐，午餐敬请自理，晚餐敬请自理',
    '北京',
    '今日早晨抵达布拉格，早餐后开始今日游览。行程始于：被誉称为布拉格的“香榭里舍大道”“瓦茨拉夫大街”-犹太人城区，午餐后尽情的挑选一件纯手工制作的波西米亚水晶制品或找一家百年咖啡馆感受布拉格的神秘，傍晚前往“高堡”欣赏余晖下的金色布拉格，在一餐经典难忘的波西米亚歌舞表演晚餐后不要忘记看一场捷克国粹”黑光剧“呦！',
    NULL,
    '../images/ZJ/trip/23.jpg',
    '../images/ZJ/trip/24.jpg',
    27
  ),
  (
    248,
    'Hotel Malý Pivovar 或同级',
    '早餐酒店自助，午餐敬请自理，晚餐敬请自理',
    '克鲁姆洛夫',
    '行程始于克鲁姆洛夫老城--圣维特大教堂--埃贡希勒画廊--捷克第二大的克鲁姆洛夫城堡，夏季还可延着蜿蜒的伏尔塔瓦河来趟酣畅淋漓的漂流！行程结束，前往布杰约维采入住酒店休息。',
    '在捷克克鲁姆洛夫，让时光倒回到文艺复兴时期，顺着蜿蜒的伏尔塔瓦河延伸到天尽, 就像是文艺复兴时期建筑的一块瑰宝。它是由迷宫似的小巷, 装饰华丽的排屋墙以及百花盛开的花园共同和谐交织着。同时，它又拥有中世纪的酒馆，小酒吧，画廊和石墨矿。由于其完好的保存了独特的中世纪核心，因此捷克克鲁姆洛夫被列入联合国教科文组织名单。',
    '../images/ZJ/trip/33.jpg',
    '../images/ZJ/trip/34.jpg',
    27
  ),
  (
    249,
    'Hotel Telč 或同级',
    '早餐酒店自助，午餐敬请自理，晚餐敬请自理',
    '捷克布杰约维采  ',
    '早餐后，行程始于奥托卡二世广场--参孙喷泉--市政厅--圣尼古拉教堂--黑塔，前往赫卢博卡城堡参观。后前往泰尔奇酒店休息，之后在捷克著名的“好兵帅克”餐厅享用波西米亚美食！体会捷克布杰约维采美丽如画的角落，被优雅美丽的市民住宅包围的广场、美丽如画的盐仓屋及酿造原始百威啤酒的啤酒厂，品尝举世闻名的百威啤酒美味和享受城市温和气氛，由此给予自己一趟不凡旅途观感。这就是南波希米亚州首府捷克布杰约维采市。此座城市数百年保存其历史美貌，同时也是该州的现代中心。',
    '南波希米亚新哥特式珍宝素有捷克的“英国温莎古堡”之称的赫卢博卡城堡，赫卢博卡宫殿是历史爱好者前往南波希米亚旅途中理想的目的地，无可救药的浪漫主义及各类运动的拥护者都能在此找到乐趣。多亏施瓦岑贝格家族保持了目前的外观，才使它常常被称为是捷克最美丽的宫殿。',
    '../images/ZJ/trip/35.jpg',
    '../images/ZJ/trip/36.jpg',
    27
  ),
  (
    250,
    'My Hotel 或同级',
    '早餐酒店自助，午餐敬请自理，晚餐敬请自理',
    '泰尔奇',
    '始于泰尔奇老城广场--泰尔奇城堡--城堡花园--城堡公园--圣灵塔楼和教堂，后前往莱德尼采瓦尔季采文化风景区莱德尼采城堡.“特尔奇”的童话世界，很难想象能有比特尔奇更有童话色彩的小镇。一个犹如从安徒生童话故事中搬出来的广场，一座浪漫的庄园宫殿 ， 和几个清澈的池塘环绕着这座小城。特尔奇市是在阿尔卑斯山以北地区意大利文艺复兴式建筑艺术的完美代表。特尔奇市中心的广场堪称欧洲最美丽的广场之一。因此，它也当之无愧被列为联合国教科文组织的世界文化遗产。',
    '莱德尼采-瓦尔齐采文化风景区占地300平方公里，由列支敦士登的贵族家族用过了几个世纪的时间修建而成。大自然的鬼斧神工与人类智慧的结晶，让人心醉神迷的美丽风景。这里不但保留着原始的野性美，还会带给您心灵上的愉悦和详和，堪称浪漫的列支敦士登，不愧为联合国教科文组织世界文化遗产。',
    '../images/ZJ/trip/33.jpg',
    '../images/ZJ/trip/34.jpg',
    27
  ),
  (
    251,
    'Prachárna Park Hotel 或同级',
    '早餐酒店自助，午餐敬请自理，晚餐敬请自理',
    '莱德尼采',
    '早餐后继续游览莱德尼采瓦尔季采风景区-瓦尔季采城堡，后前往奥洛穆茨游览圣三柱--城市喷泉--圣姆里斯教堂瓦尔季采地区被称为葡萄酒之都。您可以品尝宏伟城堡地窖中的各种葡萄酒！瓦尔季采的明珠是一个巴洛克式的城堡，列支敦士登家族的故居。城堡位于传统的葡萄酒产区中心，是由十三位王子逐步建立起来的。其中的设备和装置以及藏品和大量的物品足以和 18世纪的维也纳皇家法院相媲美。非常值得一看的是宏伟的名誉法庭、城堡的内部装饰。大量的酒窖是捷克葡萄酒沙龙的中心，也是最好的摩拉维亚和波希米亚葡萄酒的品尝之地。不要错过在广阔无垠的城堡公园中散散步，参观巴洛克式剧院遗迹、有百年历史的酒窖和草药花园。',
    '巴洛克的玫瑰：奥洛穆茨！奥洛穆茨早就是捷克王国最主要城市之一。由于其地理位置、古老的大学以及其精神与文化传统使这座城市成为莫拉维亚地区中心。在捷克共和国，奥洛穆茨历史中心文物古迹保护区仅次于布拉格。其著名名胜古迹是被列入世界文化遗产名录的圣三柱。当您访问奥洛穆茨时，也别忘了品尝那里的特色小吃：具有独一无二味道和气味的奶酪。',
    '../images/ZJ/trip/39.jpg',
    '../images/ZJ/trip/40.jpg',
    27
  ),
  (
    252,
    'Prachárna Park Hotel 或同级',
    '早餐酒店自助，午餐敬请自理，晚餐敬请自理',
    '奥洛穆茨',
    '自由广场--老市政厅--地下迷宫--圣彼得圣保罗大教堂--丹尼斯果园--斯皮尔斯城堡--，晚餐前往皇家丽思酒店享用。在布尔诺的中心品尝正宗的摩拉维亚葡萄酒，舒适温馨的餐厅内，我们可以品尝到来自捷克、意大利和法国的美食。',
    '探索布尔诺市的神奇的功能主义风格流派，摩拉维首府布尔诺市是捷克共和国的第二大城市，也是通南摩拉维亚肥沃的葡萄园的大门。旧市政厅前显示着身高两米的龙，崇尚功能主义流派的图根哈特家族别墅是明亮的珍珠。这些在著名的联合国教科文组织名单中已经注册。',
    '../images/ZJ/trip/41.jpg',
    '../images/ZJ/trip/42.jpg',
    27
  ),
  (
    253,
    '.Republic Hotel 或同级',
    '早餐酒店自助，午餐敬请自理，晚餐敬请自理',
    '布尔诺',
    '早餐后前往库特纳霍拉。行程始于：举世闻名的人骨教堂--圣母教堂--意大利宫--银矿博物馆--圣巴巴拉大教堂--石头喷泉和石屋。午餐选择著名的库特纳霍拉城的达奇茨基餐厅，真实的古老波西米亚炼金士餐厅。后返回布拉格圆满结束古老神秘波西米亚揭秘之旅！',
    '库特纳霍拉是波希米亚王国之宝被称为中世纪银城，银城的来由是因其曾提供大量银币来帮助波希米亚王国的发展。因其历史重要性及诸多建筑瑰宝，其老城区于1995年列入了联合国教科文组织世界文化遗产列表中。街巷阡陌、各房阁楼及教堂均充满重大事件悠久历史之气息。绝无仅有的晚期哥德式圣巴巴拉教堂为库特纳霍拉的闻名于世的象征。',
    '../images/ZJ/trip/43.jpg',
    '../images/ZJ/trip/44.jpg',
    27
  ),
  (
    254,
    '飞机',
    '早餐酒店自助，午餐球会简餐，晚餐飞机简餐',
    '飞机',
    '抵达北京',
    NULL,
    NULL,
    NULL,
    27
  ),
  (
    255,
    '伦敦朱美拉朗兹酒店 或同级',
    '早餐飞机简餐，午餐飞机简餐，晚餐推荐 唐茶苑餐厅',
    '北京',
    '请您根据航班时间提前3小时抵达机场，乘坐国际航班飞往英国伦敦。抵达后专人接机，送往酒店休息，养足精神迎接第二天的美好体验。',
    NULL,
    NULL,
    NULL,
    28
  ),
  (
    256,
    '伦敦朱美拉朗兹酒店 或同级',
    '早餐酒店自助，午餐推荐Mozzarella bar餐厅，晚餐推荐Bibendum餐厅',
    '酒店',
    '游览伦敦市区：大本钟、英国国会大厦、西敏寺大教堂外观、唐宁街10号首相官邸、白金汉',
    '参观大英博物馆。如果时间允许，可自行选择乘坐伦敦眼摩天轮俯视伦敦泰晤士河',
    '../images/ZJ/trip/2.jpg',
    '../images/ZJ/trip/3.jpg',
    28
  ),
  (
    257,
    '爱丁堡喜来登酒店 或同级',
    '早餐酒店自助，午餐球会餐厅，晚餐推荐Ondine餐厅',
    'The Grove求茶馆 ',
    '挥杆Grove冠军高尔夫球场',
    '乘坐飞机抵达爱丁堡，入住酒店休息',
    '../images/ZJ/trip/4.jpg',
    '../images/ZJ/trip/5.jpg',
    28
  ),
  (
    258,
    '爱丁堡喜来登酒店 或同级',
    '早餐酒店自助，午餐球会餐厅，晚餐推荐seafood resturant餐厅',
    '爱丁堡',
    '前往圣安德鲁斯，在世界文化遗产Forth大桥停留摄影。参观圣安德鲁斯老球场和球场俱乐部，并摇号老球场。',
    '苏格兰高尔夫职业球手指导如何玩转林克斯球场。挥杆圣安德鲁斯金士邦林克斯球场',
    '../images/ZJ/trip/6.jpg',
    '../images/ZJ/trip/7.jpg',
    28
  ),
  (
    259,
    '科克福塔岛度温泉酒店 或同级',
    '早餐酒店自助，午餐途中简餐，晚餐推荐圆明园中餐厅',
    '爱丁堡',
    '参观爱丁堡城堡，皇家一英里，圣十字宫，之后去苏格兰威士忌体验中心。',
    '抵达科克，挥杆福塔岛高尔夫度假村的Deerpark球场。',
    '../images/ZJ/trip/8.jpg',
    '../images/ZJ/trip/9.jpg',
    28
  ),
  (
    260,
    '科克福塔岛度温泉酒店 或同级',
    '早餐酒店自助，午餐球会餐厅，晚餐澳门餐厅',
    '酒店',
    '参观景色优美的Kinsale小镇。',
    '挥杆大西洋老人头林克斯高尔夫球场。',
    '../images/ZJ/trip/10.jpg',
    '../images/ZJ/trip/11.jpg',
    28
  ),
  (
    261,
    '都柏林洲际酒店 或同级',
    '早餐酒店自助，午餐途中简餐，晚餐推荐Chapter One餐厅',
    '科克',
    '科克出发前往都柏林，抵达后参观游览Grafton大街、圣三一学院图书馆。',
    '在Guinness健力士啤酒厂看啤酒的酿造过程并品尝不同口味啤酒。聆听都柏林St. Patrick大教堂圣诗班合唱 (3:15pm请肃静准时）。晚上，观看爱尔兰大河舞晚会（含晚宴）',
    '../images/ZJ/trip/12.jpg',
    '../images/ZJ/trip/13.jpg',
    28
  ),
  (
    262,
    '都柏林洲际酒店',
    '早餐酒店自助，午餐球会餐厅，晚餐推荐巴蜀人家餐厅',
    '酒店',
    '今日前往莱德杯比赛球场——K Club挥杆。',
    '前往基尔代尔奥特莱斯购物，并在基尔代尔体验爱尔兰休闲骑马。',
    '../images/ZJ/trip/14.jpg',
    '../images/ZJ/trip/15.jpg',
    28
  ),
  (
    263,
    '酒店',
    '早餐飞机简餐，午餐敬请自理，晚餐敬请自理',
    '酒店',
    '挥杆波特马诺克高尔夫球场。',
    '根据航班时间提前3小时前往机场，乘坐国际航班返程回中国。',
    '../images/ZJ/trip/16.jpg',
    '../images/ZJ/trip/17.jpg',
    28
  ),
  (
    264,
    '飞机',
    '早餐飞机简餐，午餐飞机简餐',
    '飞机',
    '抵达北京',
    NULL,
    NULL,
    NULL,
    28
  ),
  (
    265,
    'Boat Hotel Matylda 或同级',
    '早餐飞机简餐，午餐敬请自理，晚餐敬请自理',
    '北京',
    '今日早晨抵达布拉格，早餐后开始今日游览。行程始于：被誉称为布拉格的“香榭里舍大道”“瓦茨拉夫大街”-犹太人城区，午餐后尽情的挑选一件纯手工制作的波西米亚水晶制品或找一家百年咖啡馆感受布拉格的神秘，傍晚前往“高堡”欣赏余晖下的金色布拉格，在一餐经典难忘的波西米亚歌舞表演晚餐后不要忘记看一场捷克国粹”黑光剧“呦！',
    NULL,
    '../images/ZJ/trip/23.jpg',
    '../images/ZJ/trip/24.jpg',
    29
  ),
  (
    266,
    'Boat Hotel Matylda 玛提尔达船酒店',
    '早餐酒店自助，午餐敬请自理，晚餐波西米亚自助晚餐',
    '布拉格',
    '皇家之路起点火药塔-老城广场-查理桥-小城广场，午餐后游览世界最大古城堡布拉格城堡后游船游览伏尔塔瓦河两岸风光同时享受正宗波西米亚自助晚餐。',
    '著名的布拉格天文钟、精品服装店及伏尔塔瓦河上的游船，哥特式的查理大桥及布拉格最美丽的教堂——小城区的圣尼古拉教堂。闹中取静的皇家花园、佩特任山及山寨版埃菲尔铁塔的瞭望塔以及布拉格城堡……布拉格各区风情迥异，魅力无穷。布拉格也是个文化风格冲突的城市：一边浪漫，一边穿急，一面古老，一面现代，它是个欢迎并吸纳世界文化精髓的都市。',
    '../images/ZJ/trip/25.jpg',
    '../images/ZJ/trip/26.jpg',
    29
  ),
  (
    267,
    'The Forest Garden酒店 或同级',
    '早餐酒店自助，午餐敬请自理，晚餐敬请自理',
    '布拉格',
    '早餐后前往捷克瑞士国家公园，行程始于：加布里埃尔之路起点，前往普拉伏奇斯卡之门。捷克的自然景观中有几个堪称欧洲之“最”。其中一个就在童话般的捷克“小瑞士国家公园”之中',
    '作为捷克的“小瑞士”象征，普拉伏奇斯卡之门是全欧洲最大的由天然岩石形成的大门。身临其境感受这雄伟壮阔的大自然杰作，无不惊叹于它的高大巍峨和自然的鬼斧神工。',
    '../images/ZJ/trip/27.jpg',
    '../images/ZJ/trip/26.jpg',
    29
  ),
  (
    268,
    'Hotel Romance Puškin 或同级',
    '早餐酒店自助，午餐敬请自理，晚餐敬请自理',
    '捷克瑞士国家公园',
    '餐后前往温泉之都卡罗维发利。行程始于优雅的柱廊-如穆勒和市场温泉回廊--磨坊回廊--温泉大厅--剧院或剧场-皇家浴场和圣玛利亚教堂。游览后不要忘了来个传统的水疗SPA哦！',
    '\"卡罗维发利”为波希米亚温泉三角区的宝石、王者，完美独特的水疗建筑，雄伟的柱廊温泉布局在优雅和迷人的地点，周围是树木茂盛的山谷，这些都是卡罗维发利。在欧洲艺术和社会生活中最有名的人物都曾造访过该处，现在为捷克共和国第二大参观景点。由于其温泉回廊独特的建筑方式，使它成为欧洲最美丽的温泉市之一。',
    '../images/ZJ/trip/29.jpg',
    '../images/ZJ/trip/30.jpg',
    29
  ),
  (
    269,
    'Hotel Grand 或同级',
    '早餐酒店自助，午餐敬请自理，晚餐敬请自理',
    '卡罗维发利',
    '早餐后前往啤酒之都皮尔森。行程始于全球闻名的皮尔森啤酒厂--啤酒博物馆--捷克最高的圣巴多罗买大教堂--全球第三大的大犹太会堂。午餐后前往世界文化遗产小镇“霍拉舍维采”，晚餐选择在著名的洞穴餐厅享用波西米亚烤猪肘大餐!!比尔森地区追求世上最好的啤酒，卓越独特的酿造啤酒师约瑟夫·哥罗尔1842年用新奇的底层发酵方式酿造啤酒时，没想到将来会成为酿造一切淡色啤酒的鼻祖。',
    '霍拉舍维采的神奇魅力，让您很难找到另外一个这样的地方，这么小的空间却汇聚着如此之大的魅力，绝对称得上是全捷克最美的村落。美丽的巴洛克式农屋环绕村庄排开，点缀在广阔的绿色田野之间，这样的乡村美景也使小镇荣登联合国教科文组织的世界文化遗产名录。',
    '../images/ZJ/trip/31.jpg',
    '../images/ZJ/trip/32.jpg',
    29
  ),
  (
    270,
    'Hotel Malý Pivovar 或同级',
    '早餐酒店自助，午餐敬请自理，晚餐敬请自理',
    '克鲁姆洛夫',
    '行程始于克鲁姆洛夫老城--圣维特大教堂--埃贡希勒画廊--捷克第二大的克鲁姆洛夫城堡，夏季还可延着蜿蜒的伏尔塔瓦河来趟酣畅淋漓的漂流！行程结束，前往布杰约维采入住酒店休息。',
    '在捷克克鲁姆洛夫，让时光倒回到文艺复兴时期，顺着蜿蜒的伏尔塔瓦河延伸到天尽, 就像是文艺复兴时期建筑的一块瑰宝。它是由迷宫似的小巷, 装饰华丽的排屋墙以及百花盛开的花园共同和谐交织着。同时，它又拥有中世纪的酒馆，小酒吧，画廊和石墨矿。由于其完好的保存了独特的中世纪核心，因此捷克克鲁姆洛夫被列入联合国教科文组织名单。',
    '../images/ZJ/trip/33.jpg',
    '../images/ZJ/trip/34.jpg',
    29
  ),
  (
    271,
    'Hotel Telč 或同级',
    '早餐酒店自助，午餐敬请自理，晚餐敬请自理',
    '捷克布杰约维采  ',
    '早餐后，行程始于奥托卡二世广场--参孙喷泉--市政厅--圣尼古拉教堂--黑塔，前往赫卢博卡城堡参观。后前往泰尔奇酒店休息，之后在捷克著名的“好兵帅克”餐厅享用波西米亚美食！体会捷克布杰约维采美丽如画的角落，被优雅美丽的市民住宅包围的广场、美丽如画的盐仓屋及酿造原始百威啤酒的啤酒厂，品尝举世闻名的百威啤酒美味和享受城市温和气氛，由此给予自己一趟不凡旅途观感。这就是南波希米亚州首府捷克布杰约维采市。此座城市数百年保存其历史美貌，同时也是该州的现代中心。',
    '南波希米亚新哥特式珍宝素有捷克的“英国温莎古堡”之称的赫卢博卡城堡，赫卢博卡宫殿是历史爱好者前往南波希米亚旅途中理想的目的地，无可救药的浪漫主义及各类运动的拥护者都能在此找到乐趣。多亏施瓦岑贝格家族保持了目前的外观，才使它常常被称为是捷克最美丽的宫殿。',
    '../images/ZJ/trip/35.jpg',
    '../images/ZJ/trip/36.jpg',
    29
  ),
  (
    272,
    'My Hotel 或同级',
    '早餐酒店自助，午餐敬请自理，晚餐敬请自理',
    '泰尔奇',
    '始于泰尔奇老城广场--泰尔奇城堡--城堡花园--城堡公园--圣灵塔楼和教堂，后前往莱德尼采瓦尔季采文化风景区莱德尼采城堡.“特尔奇”的童话世界，很难想象能有比特尔奇更有童话色彩的小镇。一个犹如从安徒生童话故事中搬出来的广场，一座浪漫的庄园宫殿 ， 和几个清澈的池塘环绕着这座小城。特尔奇市是在阿尔卑斯山以北地区意大利文艺复兴式建筑艺术的完美代表。特尔奇市中心的广场堪称欧洲最美丽的广场之一。因此，它也当之无愧被列为联合国教科文组织的世界文化遗产。',
    '莱德尼采-瓦尔齐采文化风景区占地300平方公里，由列支敦士登的贵族家族用过了几个世纪的时间修建而成。大自然的鬼斧神工与人类智慧的结晶，让人心醉神迷的美丽风景。这里不但保留着原始的野性美，还会带给您心灵上的愉悦和详和，堪称浪漫的列支敦士登，不愧为联合国教科文组织世界文化遗产。',
    '../images/ZJ/trip/33.jpg',
    '../images/ZJ/trip/34.jpg',
    29
  ),
  (
    273,
    'Prachárna Park Hotel 或同级',
    '早餐酒店自助，午餐敬请自理，晚餐敬请自理',
    '莱德尼采',
    '早餐后继续游览莱德尼采瓦尔季采风景区-瓦尔季采城堡，后前往奥洛穆茨游览圣三柱--城市喷泉--圣姆里斯教堂瓦尔季采地区被称为葡萄酒之都。您可以品尝宏伟城堡地窖中的各种葡萄酒！瓦尔季采的明珠是一个巴洛克式的城堡，列支敦士登家族的故居。城堡位于传统的葡萄酒产区中心，是由十三位王子逐步建立起来的。其中的设备和装置以及藏品和大量的物品足以和 18世纪的维也纳皇家法院相媲美。非常值得一看的是宏伟的名誉法庭、城堡的内部装饰。大量的酒窖是捷克葡萄酒沙龙的中心，也是最好的摩拉维亚和波希米亚葡萄酒的品尝之地。不要错过在广阔无垠的城堡公园中散散步，参观巴洛克式剧院遗迹、有百年历史的酒窖和草药花园。',
    '巴洛克的玫瑰：奥洛穆茨！奥洛穆茨早就是捷克王国最主要城市之一。由于其地理位置、古老的大学以及其精神与文化传统使这座城市成为莫拉维亚地区中心。在捷克共和国，奥洛穆茨历史中心文物古迹保护区仅次于布拉格。其著名名胜古迹是被列入世界文化遗产名录的圣三柱。当您访问奥洛穆茨时，也别忘了品尝那里的特色小吃：具有独一无二味道和气味的奶酪。',
    '../images/ZJ/trip/39.jpg',
    '../images/ZJ/trip/40.jpg',
    29
  ),
  (
    274,
    'Prachárna Park Hotel 或同级',
    '早餐酒店自助，午餐敬请自理，晚餐敬请自理',
    '奥洛穆茨',
    '自由广场--老市政厅--地下迷宫--圣彼得圣保罗大教堂--丹尼斯果园--斯皮尔斯城堡--，晚餐前往皇家丽思酒店享用。在布尔诺的中心品尝正宗的摩拉维亚葡萄酒，舒适温馨的餐厅内，我们可以品尝到来自捷克、意大利和法国的美食。',
    '探索布尔诺市的神奇的功能主义风格流派，摩拉维首府布尔诺市是捷克共和国的第二大城市，也是通南摩拉维亚肥沃的葡萄园的大门。旧市政厅前显示着身高两米的龙，崇尚功能主义流派的图根哈特家族别墅是明亮的珍珠。这些在著名的联合国教科文组织名单中已经注册。',
    '../images/ZJ/trip/41.jpg',
    '../images/ZJ/trip/42.jpg',
    29
  ),
  (
    275,
    '飞机',
    '早餐酒店自助，午餐球会简餐，晚餐飞机简餐',
    '飞机',
    '抵达北京',
    NULL,
    NULL,
    NULL,
    29
  ),
  (
    276,
    'Boat Hotel Matylda 或同级',
    '早餐飞机简餐，午餐敬请自理，晚餐敬请自理',
    '北京',
    '今日早晨抵达布拉格，早餐后开始今日游览。行程始于：被誉称为布拉格的“香榭里舍大道”“瓦茨拉夫大街”-犹太人城区，午餐后尽情的挑选一件纯手工制作的波西米亚水晶制品或找一家百年咖啡馆感受布拉格的神秘，傍晚前往“高堡”欣赏余晖下的金色布拉格，在一餐经典难忘的波西米亚歌舞表演晚餐后不要忘记看一场捷克国粹”黑光剧“呦！',
    NULL,
    '../images/ZJ/trip/23.jpg',
    '../images/ZJ/trip/24.jpg',
    30
  ),
  (
    277,
    'Hotel Grand 或同级',
    '早餐酒店自助，午餐敬请自理，晚餐敬请自理',
    '卡罗维发利',
    '早餐后前往啤酒之都皮尔森。行程始于全球闻名的皮尔森啤酒厂--啤酒博物馆--捷克最高的圣巴多罗买大教堂--全球第三大的大犹太会堂。午餐后前往世界文化遗产小镇“霍拉舍维采”，晚餐选择在著名的洞穴餐厅享用波西米亚烤猪肘大餐!!比尔森地区追求世上最好的啤酒，卓越独特的酿造啤酒师约瑟夫·哥罗尔1842年用新奇的底层发酵方式酿造啤酒时，没想到将来会成为酿造一切淡色啤酒的鼻祖。',
    '霍拉舍维采的神奇魅力，让您很难找到另外一个这样的地方，这么小的空间却汇聚着如此之大的魅力，绝对称得上是全捷克最美的村落。美丽的巴洛克式农屋环绕村庄排开，点缀在广阔的绿色田野之间，这样的乡村美景也使小镇荣登联合国教科文组织的世界文化遗产名录。',
    '../images/ZJ/trip/31.jpg',
    '../images/ZJ/trip/32.jpg',
    30
  ),
  (
    278,
    'Hotel Malý Pivovar 或同级',
    '早餐酒店自助，午餐敬请自理，晚餐敬请自理',
    '克鲁姆洛夫',
    '行程始于克鲁姆洛夫老城--圣维特大教堂--埃贡希勒画廊--捷克第二大的克鲁姆洛夫城堡，夏季还可延着蜿蜒的伏尔塔瓦河来趟酣畅淋漓的漂流！行程结束，前往布杰约维采入住酒店休息。',
    '在捷克克鲁姆洛夫，让时光倒回到文艺复兴时期，顺着蜿蜒的伏尔塔瓦河延伸到天尽, 就像是文艺复兴时期建筑的一块瑰宝。它是由迷宫似的小巷, 装饰华丽的排屋墙以及百花盛开的花园共同和谐交织着。同时，它又拥有中世纪的酒馆，小酒吧，画廊和石墨矿。由于其完好的保存了独特的中世纪核心，因此捷克克鲁姆洛夫被列入联合国教科文组织名单。',
    '../images/ZJ/trip/33.jpg',
    '../images/ZJ/trip/34.jpg',
    30
  ),
  (
    279,
    'Hotel Telč 或同级',
    '早餐酒店自助，午餐敬请自理，晚餐敬请自理',
    '捷克布杰约维采  ',
    '早餐后，行程始于奥托卡二世广场--参孙喷泉--市政厅--圣尼古拉教堂--黑塔，前往赫卢博卡城堡参观。后前往泰尔奇酒店休息，之后在捷克著名的“好兵帅克”餐厅享用波西米亚美食！体会捷克布杰约维采美丽如画的角落，被优雅美丽的市民住宅包围的广场、美丽如画的盐仓屋及酿造原始百威啤酒的啤酒厂，品尝举世闻名的百威啤酒美味和享受城市温和气氛，由此给予自己一趟不凡旅途观感。这就是南波希米亚州首府捷克布杰约维采市。此座城市数百年保存其历史美貌，同时也是该州的现代中心。',
    '南波希米亚新哥特式珍宝素有捷克的“英国温莎古堡”之称的赫卢博卡城堡，赫卢博卡宫殿是历史爱好者前往南波希米亚旅途中理想的目的地，无可救药的浪漫主义及各类运动的拥护者都能在此找到乐趣。多亏施瓦岑贝格家族保持了目前的外观，才使它常常被称为是捷克最美丽的宫殿。',
    '../images/ZJ/trip/35.jpg',
    '../images/ZJ/trip/36.jpg',
    30
  ),
  (
    280,
    'My Hotel 或同级',
    '早餐酒店自助，午餐敬请自理，晚餐敬请自理',
    '泰尔奇',
    '始于泰尔奇老城广场--泰尔奇城堡--城堡花园--城堡公园--圣灵塔楼和教堂，后前往莱德尼采瓦尔季采文化风景区莱德尼采城堡.“特尔奇”的童话世界，很难想象能有比特尔奇更有童话色彩的小镇。一个犹如从安徒生童话故事中搬出来的广场，一座浪漫的庄园宫殿 ， 和几个清澈的池塘环绕着这座小城。特尔奇市是在阿尔卑斯山以北地区意大利文艺复兴式建筑艺术的完美代表。特尔奇市中心的广场堪称欧洲最美丽的广场之一。因此，它也当之无愧被列为联合国教科文组织的世界文化遗产。',
    '莱德尼采-瓦尔齐采文化风景区占地300平方公里，由列支敦士登的贵族家族用过了几个世纪的时间修建而成。大自然的鬼斧神工与人类智慧的结晶，让人心醉神迷的美丽风景。这里不但保留着原始的野性美，还会带给您心灵上的愉悦和详和，堪称浪漫的列支敦士登，不愧为联合国教科文组织世界文化遗产。',
    '../images/ZJ/trip/33.jpg',
    '../images/ZJ/trip/34.jpg',
    30
  ),
  (
    281,
    'Prachárna Park Hotel 或同级',
    '早餐酒店自助，午餐敬请自理，晚餐敬请自理',
    '莱德尼采',
    '早餐后继续游览莱德尼采瓦尔季采风景区-瓦尔季采城堡，后前往奥洛穆茨游览圣三柱--城市喷泉--圣姆里斯教堂瓦尔季采地区被称为葡萄酒之都。您可以品尝宏伟城堡地窖中的各种葡萄酒！瓦尔季采的明珠是一个巴洛克式的城堡，列支敦士登家族的故居。城堡位于传统的葡萄酒产区中心，是由十三位王子逐步建立起来的。其中的设备和装置以及藏品和大量的物品足以和 18世纪的维也纳皇家法院相媲美。非常值得一看的是宏伟的名誉法庭、城堡的内部装饰。大量的酒窖是捷克葡萄酒沙龙的中心，也是最好的摩拉维亚和波希米亚葡萄酒的品尝之地。不要错过在广阔无垠的城堡公园中散散步，参观巴洛克式剧院遗迹、有百年历史的酒窖和草药花园。',
    '巴洛克的玫瑰：奥洛穆茨！奥洛穆茨早就是捷克王国最主要城市之一。由于其地理位置、古老的大学以及其精神与文化传统使这座城市成为莫拉维亚地区中心。在捷克共和国，奥洛穆茨历史中心文物古迹保护区仅次于布拉格。其著名名胜古迹是被列入世界文化遗产名录的圣三柱。当您访问奥洛穆茨时，也别忘了品尝那里的特色小吃：具有独一无二味道和气味的奶酪。',
    '../images/ZJ/trip/39.jpg',
    '../images/ZJ/trip/40.jpg',
    30
  ),
  (
    282,
    'Prachárna Park Hotel 或同级',
    '早餐酒店自助，午餐敬请自理，晚餐敬请自理',
    '奥洛穆茨',
    '自由广场--老市政厅--地下迷宫--圣彼得圣保罗大教堂--丹尼斯果园--斯皮尔斯城堡--，晚餐前往皇家丽思酒店享用。在布尔诺的中心品尝正宗的摩拉维亚葡萄酒，舒适温馨的餐厅内，我们可以品尝到来自捷克、意大利和法国的美食。',
    '探索布尔诺市的神奇的功能主义风格流派，摩拉维首府布尔诺市是捷克共和国的第二大城市，也是通南摩拉维亚肥沃的葡萄园的大门。旧市政厅前显示着身高两米的龙，崇尚功能主义流派的图根哈特家族别墅是明亮的珍珠。这些在著名的联合国教科文组织名单中已经注册。',
    '../images/ZJ/trip/41.jpg',
    '../images/ZJ/trip/42.jpg',
    30
  ),
  (
    283,
    '飞机',
    '早餐酒店自助，午餐球会简餐，晚餐飞机简餐',
    '飞机',
    '抵达北京',
    NULL,
    NULL,
    NULL,
    30
  ),
  (
    284,
    'Boat Hotel Matylda 或同级',
    '早餐飞机简餐，午餐敬请自理，晚餐敬请自理',
    '北京',
    '今日早晨抵达布拉格，早餐后开始今日游览。行程始于：被誉称为布拉格的“香榭里舍大道”“瓦茨拉夫大街”-犹太人城区，午餐后尽情的挑选一件纯手工制作的波西米亚水晶制品或找一家百年咖啡馆感受布拉格的神秘，傍晚前往“高堡”欣赏余晖下的金色布拉格，在一餐经典难忘的波西米亚歌舞表演晚餐后不要忘记看一场捷克国粹”黑光剧“呦！',
    NULL,
    '../images/ZJ/trip/23.jpg',
    '../images/ZJ/trip/24.jpg',
    31
  ),
  (
    285,
    'Hotel Grand 或同级',
    '早餐酒店自助，午餐敬请自理，晚餐敬请自理',
    '卡罗维发利',
    '早餐后前往啤酒之都皮尔森。行程始于全球闻名的皮尔森啤酒厂--啤酒博物馆--捷克最高的圣巴多罗买大教堂--全球第三大的大犹太会堂。午餐后前往世界文化遗产小镇“霍拉舍维采”，晚餐选择在著名的洞穴餐厅享用波西米亚烤猪肘大餐!!比尔森地区追求世上最好的啤酒，卓越独特的酿造啤酒师约瑟夫·哥罗尔1842年用新奇的底层发酵方式酿造啤酒时，没想到将来会成为酿造一切淡色啤酒的鼻祖。',
    '霍拉舍维采的神奇魅力，让您很难找到另外一个这样的地方，这么小的空间却汇聚着如此之大的魅力，绝对称得上是全捷克最美的村落。美丽的巴洛克式农屋环绕村庄排开，点缀在广阔的绿色田野之间，这样的乡村美景也使小镇荣登联合国教科文组织的世界文化遗产名录。',
    '../images/ZJ/trip/31.jpg',
    '../images/ZJ/trip/32.jpg',
    31
  ),
  (
    286,
    'Hotel Malý Pivovar 或同级',
    '早餐酒店自助，午餐敬请自理，晚餐敬请自理',
    '克鲁姆洛夫',
    '行程始于克鲁姆洛夫老城--圣维特大教堂--埃贡希勒画廊--捷克第二大的克鲁姆洛夫城堡，夏季还可延着蜿蜒的伏尔塔瓦河来趟酣畅淋漓的漂流！行程结束，前往布杰约维采入住酒店休息。',
    '在捷克克鲁姆洛夫，让时光倒回到文艺复兴时期，顺着蜿蜒的伏尔塔瓦河延伸到天尽, 就像是文艺复兴时期建筑的一块瑰宝。它是由迷宫似的小巷, 装饰华丽的排屋墙以及百花盛开的花园共同和谐交织着。同时，它又拥有中世纪的酒馆，小酒吧，画廊和石墨矿。由于其完好的保存了独特的中世纪核心，因此捷克克鲁姆洛夫被列入联合国教科文组织名单。',
    '../images/ZJ/trip/33.jpg',
    '../images/ZJ/trip/34.jpg',
    31
  ),
  (
    287,
    'Hotel Telč 或同级',
    '早餐酒店自助，午餐敬请自理，晚餐敬请自理',
    '捷克布杰约维采  ',
    '早餐后，行程始于奥托卡二世广场--参孙喷泉--市政厅--圣尼古拉教堂--黑塔，前往赫卢博卡城堡参观。后前往泰尔奇酒店休息，之后在捷克著名的“好兵帅克”餐厅享用波西米亚美食！体会捷克布杰约维采美丽如画的角落，被优雅美丽的市民住宅包围的广场、美丽如画的盐仓屋及酿造原始百威啤酒的啤酒厂，品尝举世闻名的百威啤酒美味和享受城市温和气氛，由此给予自己一趟不凡旅途观感。这就是南波希米亚州首府捷克布杰约维采市。此座城市数百年保存其历史美貌，同时也是该州的现代中心。',
    '南波希米亚新哥特式珍宝素有捷克的“英国温莎古堡”之称的赫卢博卡城堡，赫卢博卡宫殿是历史爱好者前往南波希米亚旅途中理想的目的地，无可救药的浪漫主义及各类运动的拥护者都能在此找到乐趣。多亏施瓦岑贝格家族保持了目前的外观，才使它常常被称为是捷克最美丽的宫殿。',
    '../images/ZJ/trip/35.jpg',
    '../images/ZJ/trip/36.jpg',
    31
  ),
  (
    288,
    'My Hotel 或同级',
    '早餐酒店自助，午餐敬请自理，晚餐敬请自理',
    '泰尔奇',
    '始于泰尔奇老城广场--泰尔奇城堡--城堡花园--城堡公园--圣灵塔楼和教堂，后前往莱德尼采瓦尔季采文化风景区莱德尼采城堡.“特尔奇”的童话世界，很难想象能有比特尔奇更有童话色彩的小镇。一个犹如从安徒生童话故事中搬出来的广场，一座浪漫的庄园宫殿 ， 和几个清澈的池塘环绕着这座小城。特尔奇市是在阿尔卑斯山以北地区意大利文艺复兴式建筑艺术的完美代表。特尔奇市中心的广场堪称欧洲最美丽的广场之一。因此，它也当之无愧被列为联合国教科文组织的世界文化遗产。',
    '莱德尼采-瓦尔齐采文化风景区占地300平方公里，由列支敦士登的贵族家族用过了几个世纪的时间修建而成。大自然的鬼斧神工与人类智慧的结晶，让人心醉神迷的美丽风景。这里不但保留着原始的野性美，还会带给您心灵上的愉悦和详和，堪称浪漫的列支敦士登，不愧为联合国教科文组织世界文化遗产。',
    '../images/ZJ/trip/33.jpg',
    '../images/ZJ/trip/34.jpg',
    31
  ),
  (
    289,
    'Prachárna Park Hotel 或同级',
    '早餐酒店自助，午餐敬请自理，晚餐敬请自理',
    '莱德尼采',
    '早餐后继续游览莱德尼采瓦尔季采风景区-瓦尔季采城堡，后前往奥洛穆茨游览圣三柱--城市喷泉--圣姆里斯教堂瓦尔季采地区被称为葡萄酒之都。您可以品尝宏伟城堡地窖中的各种葡萄酒！瓦尔季采的明珠是一个巴洛克式的城堡，列支敦士登家族的故居。城堡位于传统的葡萄酒产区中心，是由十三位王子逐步建立起来的。其中的设备和装置以及藏品和大量的物品足以和 18世纪的维也纳皇家法院相媲美。非常值得一看的是宏伟的名誉法庭、城堡的内部装饰。大量的酒窖是捷克葡萄酒沙龙的中心，也是最好的摩拉维亚和波希米亚葡萄酒的品尝之地。不要错过在广阔无垠的城堡公园中散散步，参观巴洛克式剧院遗迹、有百年历史的酒窖和草药花园。',
    '巴洛克的玫瑰：奥洛穆茨！奥洛穆茨早就是捷克王国最主要城市之一。由于其地理位置、古老的大学以及其精神与文化传统使这座城市成为莫拉维亚地区中心。在捷克共和国，奥洛穆茨历史中心文物古迹保护区仅次于布拉格。其著名名胜古迹是被列入世界文化遗产名录的圣三柱。当您访问奥洛穆茨时，也别忘了品尝那里的特色小吃：具有独一无二味道和气味的奶酪。',
    '../images/ZJ/trip/39.jpg',
    '../images/ZJ/trip/40.jpg',
    31
  ),
  (
    290,
    '飞机',
    '早餐酒店自助，午餐球会简餐，晚餐飞机简餐',
    '飞机',
    '抵达北京',
    NULL,
    NULL,
    NULL,
    31
  ),
  (
    291,
    'Boat Hotel Matylda 或同级',
    '早餐飞机简餐，午餐敬请自理，晚餐敬请自理',
    '北京',
    '今日早晨抵达布拉格，早餐后开始今日游览。行程始于：被誉称为布拉格的“香榭里舍大道”“瓦茨拉夫大街”-犹太人城区，午餐后尽情的挑选一件纯手工制作的波西米亚水晶制品或找一家百年咖啡馆感受布拉格的神秘，傍晚前往“高堡”欣赏余晖下的金色布拉格，在一餐经典难忘的波西米亚歌舞表演晚餐后不要忘记看一场捷克国粹”黑光剧“呦！',
    NULL,
    '../images/ZJ/trip/23.jpg',
    '../images/ZJ/trip/24.jpg',
    32
  ),
  (
    292,
    'Hotel Grand 或同级',
    '早餐酒店自助，午餐敬请自理，晚餐敬请自理',
    '卡罗维发利',
    '早餐后前往啤酒之都皮尔森。行程始于全球闻名的皮尔森啤酒厂--啤酒博物馆--捷克最高的圣巴多罗买大教堂--全球第三大的大犹太会堂。午餐后前往世界文化遗产小镇“霍拉舍维采”，晚餐选择在著名的洞穴餐厅享用波西米亚烤猪肘大餐!!比尔森地区追求世上最好的啤酒，卓越独特的酿造啤酒师约瑟夫·哥罗尔1842年用新奇的底层发酵方式酿造啤酒时，没想到将来会成为酿造一切淡色啤酒的鼻祖。',
    '霍拉舍维采的神奇魅力，让您很难找到另外一个这样的地方，这么小的空间却汇聚着如此之大的魅力，绝对称得上是全捷克最美的村落。美丽的巴洛克式农屋环绕村庄排开，点缀在广阔的绿色田野之间，这样的乡村美景也使小镇荣登联合国教科文组织的世界文化遗产名录。',
    '../images/ZJ/trip/31.jpg',
    '../images/ZJ/trip/32.jpg',
    32
  ),
  (
    293,
    'Hotel Malý Pivovar 或同级',
    '早餐酒店自助，午餐敬请自理，晚餐敬请自理',
    '克鲁姆洛夫',
    '行程始于克鲁姆洛夫老城--圣维特大教堂--埃贡希勒画廊--捷克第二大的克鲁姆洛夫城堡，夏季还可延着蜿蜒的伏尔塔瓦河来趟酣畅淋漓的漂流！行程结束，前往布杰约维采入住酒店休息。',
    '在捷克克鲁姆洛夫，让时光倒回到文艺复兴时期，顺着蜿蜒的伏尔塔瓦河延伸到天尽, 就像是文艺复兴时期建筑的一块瑰宝。它是由迷宫似的小巷, 装饰华丽的排屋墙以及百花盛开的花园共同和谐交织着。同时，它又拥有中世纪的酒馆，小酒吧，画廊和石墨矿。由于其完好的保存了独特的中世纪核心，因此捷克克鲁姆洛夫被列入联合国教科文组织名单。',
    '../images/ZJ/trip/33.jpg',
    '../images/ZJ/trip/34.jpg',
    32
  ),
  (
    294,
    'Hotel Telč 或同级',
    '早餐酒店自助，午餐敬请自理，晚餐敬请自理',
    '捷克布杰约维采  ',
    '早餐后，行程始于奥托卡二世广场--参孙喷泉--市政厅--圣尼古拉教堂--黑塔，前往赫卢博卡城堡参观。后前往泰尔奇酒店休息，之后在捷克著名的“好兵帅克”餐厅享用波西米亚美食！体会捷克布杰约维采美丽如画的角落，被优雅美丽的市民住宅包围的广场、美丽如画的盐仓屋及酿造原始百威啤酒的啤酒厂，品尝举世闻名的百威啤酒美味和享受城市温和气氛，由此给予自己一趟不凡旅途观感。这就是南波希米亚州首府捷克布杰约维采市。此座城市数百年保存其历史美貌，同时也是该州的现代中心。',
    '南波希米亚新哥特式珍宝素有捷克的“英国温莎古堡”之称的赫卢博卡城堡，赫卢博卡宫殿是历史爱好者前往南波希米亚旅途中理想的目的地，无可救药的浪漫主义及各类运动的拥护者都能在此找到乐趣。多亏施瓦岑贝格家族保持了目前的外观，才使它常常被称为是捷克最美丽的宫殿。',
    '../images/ZJ/trip/35.jpg',
    '../images/ZJ/trip/36.jpg',
    32
  ),
  (
    295,
    'My Hotel 或同级',
    '早餐酒店自助，午餐敬请自理，晚餐敬请自理',
    '泰尔奇',
    '始于泰尔奇老城广场--泰尔奇城堡--城堡花园--城堡公园--圣灵塔楼和教堂，后前往莱德尼采瓦尔季采文化风景区莱德尼采城堡.“特尔奇”的童话世界，很难想象能有比特尔奇更有童话色彩的小镇。一个犹如从安徒生童话故事中搬出来的广场，一座浪漫的庄园宫殿 ， 和几个清澈的池塘环绕着这座小城。特尔奇市是在阿尔卑斯山以北地区意大利文艺复兴式建筑艺术的完美代表。特尔奇市中心的广场堪称欧洲最美丽的广场之一。因此，它也当之无愧被列为联合国教科文组织的世界文化遗产。',
    '莱德尼采-瓦尔齐采文化风景区占地300平方公里，由列支敦士登的贵族家族用过了几个世纪的时间修建而成。大自然的鬼斧神工与人类智慧的结晶，让人心醉神迷的美丽风景。这里不但保留着原始的野性美，还会带给您心灵上的愉悦和详和，堪称浪漫的列支敦士登，不愧为联合国教科文组织世界文化遗产。',
    '../images/ZJ/trip/33.jpg',
    '../images/ZJ/trip/34.jpg',
    32
  ),
  (
    296,
    'Prachárna Park Hotel 或同级',
    '早餐酒店自助，午餐敬请自理，晚餐敬请自理',
    '莱德尼采',
    '早餐后继续游览莱德尼采瓦尔季采风景区-瓦尔季采城堡，后前往奥洛穆茨游览圣三柱--城市喷泉--圣姆里斯教堂瓦尔季采地区被称为葡萄酒之都。您可以品尝宏伟城堡地窖中的各种葡萄酒！瓦尔季采的明珠是一个巴洛克式的城堡，列支敦士登家族的故居。城堡位于传统的葡萄酒产区中心，是由十三位王子逐步建立起来的。其中的设备和装置以及藏品和大量的物品足以和 18世纪的维也纳皇家法院相媲美。非常值得一看的是宏伟的名誉法庭、城堡的内部装饰。大量的酒窖是捷克葡萄酒沙龙的中心，也是最好的摩拉维亚和波希米亚葡萄酒的品尝之地。不要错过在广阔无垠的城堡公园中散散步，参观巴洛克式剧院遗迹、有百年历史的酒窖和草药花园。',
    '巴洛克的玫瑰：奥洛穆茨！奥洛穆茨早就是捷克王国最主要城市之一。由于其地理位置、古老的大学以及其精神与文化传统使这座城市成为莫拉维亚地区中心。在捷克共和国，奥洛穆茨历史中心文物古迹保护区仅次于布拉格。其著名名胜古迹是被列入世界文化遗产名录的圣三柱。当您访问奥洛穆茨时，也别忘了品尝那里的特色小吃：具有独一无二味道和气味的奶酪。',
    '../images/ZJ/trip/39.jpg',
    '../images/ZJ/trip/40.jpg',
    32
  ),
  (
    297,
    'Prachárna Park Hotel 或同级',
    '早餐酒店自助，午餐敬请自理，晚餐敬请自理',
    '奥洛穆茨',
    '自由广场--老市政厅--地下迷宫--圣彼得圣保罗大教堂--丹尼斯果园--斯皮尔斯城堡--，晚餐前往皇家丽思酒店享用。在布尔诺的中心品尝正宗的摩拉维亚葡萄酒，舒适温馨的餐厅内，我们可以品尝到来自捷克、意大利和法国的美食。',
    '探索布尔诺市的神奇的功能主义风格流派，摩拉维首府布尔诺市是捷克共和国的第二大城市，也是通南摩拉维亚肥沃的葡萄园的大门。旧市政厅前显示着身高两米的龙，崇尚功能主义流派的图根哈特家族别墅是明亮的珍珠。这些在著名的联合国教科文组织名单中已经注册。',
    '../images/ZJ/trip/41.jpg',
    '../images/ZJ/trip/42.jpg',
    32
  ),
  (
    298,
    '飞机',
    '早餐酒店自助，午餐球会简餐，晚餐飞机简餐',
    '飞机',
    '抵达北京',
    NULL,
    NULL,
    NULL,
    32
  ),
  (
    299,
    'Boat Hotel Matylda 或同级',
    '早餐飞机简餐，午餐敬请自理，晚餐敬请自理',
    '北京',
    '今日早晨抵达布拉格，早餐后开始今日游览。行程始于：被誉称为布拉格的“香榭里舍大道”“瓦茨拉夫大街”-犹太人城区，午餐后尽情的挑选一件纯手工制作的波西米亚水晶制品或找一家百年咖啡馆感受布拉格的神秘，傍晚前往“高堡”欣赏余晖下的金色布拉格，在一餐经典难忘的波西米亚歌舞表演晚餐后不要忘记看一场捷克国粹”黑光剧“呦！',
    NULL,
    '../images/ZJ/trip/23.jpg',
    '../images/ZJ/trip/24.jpg',
    33
  ),
  (
    300,
    'Hotel Grand 或同级',
    '早餐酒店自助，午餐敬请自理，晚餐敬请自理',
    '卡罗维发利',
    '早餐后前往啤酒之都皮尔森。行程始于全球闻名的皮尔森啤酒厂--啤酒博物馆--捷克最高的圣巴多罗买大教堂--全球第三大的大犹太会堂。午餐后前往世界文化遗产小镇“霍拉舍维采”，晚餐选择在著名的洞穴餐厅享用波西米亚烤猪肘大餐!!比尔森地区追求世上最好的啤酒，卓越独特的酿造啤酒师约瑟夫·哥罗尔1842年用新奇的底层发酵方式酿造啤酒时，没想到将来会成为酿造一切淡色啤酒的鼻祖。',
    '霍拉舍维采的神奇魅力，让您很难找到另外一个这样的地方，这么小的空间却汇聚着如此之大的魅力，绝对称得上是全捷克最美的村落。美丽的巴洛克式农屋环绕村庄排开，点缀在广阔的绿色田野之间，这样的乡村美景也使小镇荣登联合国教科文组织的世界文化遗产名录。',
    '../images/ZJ/trip/31.jpg',
    '../images/ZJ/trip/32.jpg',
    33
  ),
  (
    301,
    'Hotel Malý Pivovar 或同级',
    '早餐酒店自助，午餐敬请自理，晚餐敬请自理',
    '克鲁姆洛夫',
    '行程始于克鲁姆洛夫老城--圣维特大教堂--埃贡希勒画廊--捷克第二大的克鲁姆洛夫城堡，夏季还可延着蜿蜒的伏尔塔瓦河来趟酣畅淋漓的漂流！行程结束，前往布杰约维采入住酒店休息。',
    '在捷克克鲁姆洛夫，让时光倒回到文艺复兴时期，顺着蜿蜒的伏尔塔瓦河延伸到天尽, 就像是文艺复兴时期建筑的一块瑰宝。它是由迷宫似的小巷, 装饰华丽的排屋墙以及百花盛开的花园共同和谐交织着。同时，它又拥有中世纪的酒馆，小酒吧，画廊和石墨矿。由于其完好的保存了独特的中世纪核心，因此捷克克鲁姆洛夫被列入联合国教科文组织名单。',
    '../images/ZJ/trip/33.jpg',
    '../images/ZJ/trip/34.jpg',
    33
  ),
  (
    302,
    '飞机',
    '早餐酒店自助，午餐球会简餐，晚餐飞机简餐',
    '飞机',
    '抵达北京',
    NULL,
    NULL,
    NULL,
    33
  ),
  (
    303,
    '伦敦朱美拉朗兹酒店 或同级',
    '早餐飞机简餐，午餐飞机简餐，晚餐推荐 唐茶苑餐厅',
    '北京',
    '请您根据航班时间提前3小时抵达机场，乘坐国际航班飞往英国伦敦。抵达后专人接机，送往酒店休息，养足精神迎接第二天的美好体验。',
    NULL,
    NULL,
    NULL,
    34
  ),
  (
    304,
    '伦敦朱美拉朗兹酒店 或同级',
    '早餐酒店自助，午餐推荐Mozzarella bar餐厅，晚餐推荐Bibendum餐厅',
    '酒店',
    '游览伦敦市区：大本钟、英国国会大厦、西敏寺大教堂外观、唐宁街10号首相官邸、白金汉',
    '参观大英博物馆。如果时间允许，可自行选择乘坐伦敦眼摩天轮俯视伦敦泰晤士河',
    '../images/ZJ/trip/2.jpg',
    '../images/ZJ/trip/3.jpg',
    34
  ),
  (
    305,
    '爱丁堡喜来登酒店 或同级',
    '早餐酒店自助，午餐球会餐厅，晚餐推荐Ondine餐厅',
    'The Grove求茶馆 ',
    '挥杆Grove冠军高尔夫球场',
    '乘坐飞机抵达爱丁堡，入住酒店休息',
    '../images/ZJ/trip/4.jpg',
    '../images/ZJ/trip/5.jpg',
    34
  ),
  (
    306,
    '爱丁堡喜来登酒店 或同级',
    '早餐酒店自助，午餐球会餐厅，晚餐推荐seafood resturant餐厅',
    '爱丁堡',
    '前往圣安德鲁斯，在世界文化遗产Forth大桥停留摄影。参观圣安德鲁斯老球场和球场俱乐部，并摇号老球场。',
    '苏格兰高尔夫职业球手指导如何玩转林克斯球场。挥杆圣安德鲁斯金士邦林克斯球场',
    '../images/ZJ/trip/6.jpg',
    '../images/ZJ/trip/7.jpg',
    34
  ),
  (
    307,
    '科克福塔岛度温泉酒店 或同级',
    '早餐酒店自助，午餐途中简餐，晚餐推荐圆明园中餐厅',
    '爱丁堡',
    '参观爱丁堡城堡，皇家一英里，圣十字宫，之后去苏格兰威士忌体验中心。',
    '抵达科克，挥杆福塔岛高尔夫度假村的Deerpark球场。',
    '../images/ZJ/trip/8.jpg',
    '../images/ZJ/trip/9.jpg',
    34
  ),
  (
    308,
    '科克福塔岛度温泉酒店 或同级',
    '早餐酒店自助，午餐球会餐厅，晚餐澳门餐厅',
    '酒店',
    '参观景色优美的Kinsale小镇。',
    '挥杆大西洋老人头林克斯高尔夫球场。',
    '../images/ZJ/trip/10.jpg',
    '../images/ZJ/trip/11.jpg',
    34
  ),
  (
    309,
    '都柏林洲际酒店 或同级',
    '早餐酒店自助，午餐途中简餐，晚餐推荐Chapter One餐厅',
    '科克',
    '科克出发前往都柏林，抵达后参观游览Grafton大街、圣三一学院图书馆。',
    '在Guinness健力士啤酒厂看啤酒的酿造过程并品尝不同口味啤酒。聆听都柏林St. Patrick大教堂圣诗班合唱 (3:15pm请肃静准时）。晚上，观看爱尔兰大河舞晚会（含晚宴）',
    '../images/ZJ/trip/12.jpg',
    '../images/ZJ/trip/13.jpg',
    34
  ),
  (
    310,
    '都柏林洲际酒店',
    '早餐酒店自助，午餐球会餐厅，晚餐推荐巴蜀人家餐厅',
    '酒店',
    '今日前往莱德杯比赛球场——K Club挥杆。',
    '前往基尔代尔奥特莱斯购物，并在基尔代尔体验爱尔兰休闲骑马。',
    '../images/ZJ/trip/14.jpg',
    '../images/ZJ/trip/15.jpg',
    34
  ),
  (
    311,
    '飞机',
    '早餐飞机简餐，午餐飞机简餐',
    '飞机',
    '抵达北京',
    NULL,
    NULL,
    NULL,
    34
  ),
  (
    312,
    '伦敦朱美拉朗兹酒店 或同级',
    '早餐飞机简餐，午餐飞机简餐，晚餐推荐 唐茶苑餐厅',
    '北京',
    '请您根据航班时间提前3小时抵达机场，乘坐国际航班飞往英国伦敦。抵达后专人接机，送往酒店休息，养足精神迎接第二天的美好体验。',
    NULL,
    NULL,
    NULL,
    35
  ),
  (
    313,
    '伦敦朱美拉朗兹酒店 或同级',
    '早餐酒店自助，午餐推荐Mozzarella bar餐厅，晚餐推荐Bibendum餐厅',
    '酒店',
    '游览伦敦市区：大本钟、英国国会大厦、西敏寺大教堂外观、唐宁街10号首相官邸、白金汉',
    '参观大英博物馆。如果时间允许，可自行选择乘坐伦敦眼摩天轮俯视伦敦泰晤士河',
    '../images/ZJ/trip/2.jpg',
    '../images/ZJ/trip/3.jpg',
    35
  ),
  (
    314,
    '爱丁堡喜来登酒店 或同级',
    '早餐酒店自助，午餐球会餐厅，晚餐推荐Ondine餐厅',
    'The Grove求茶馆 ',
    '挥杆Grove冠军高尔夫球场',
    '乘坐飞机抵达爱丁堡，入住酒店休息',
    '../images/ZJ/trip/4.jpg',
    '../images/ZJ/trip/5.jpg',
    35
  ),
  (
    315,
    '爱丁堡喜来登酒店 或同级',
    '早餐酒店自助，午餐球会餐厅，晚餐推荐seafood resturant餐厅',
    '爱丁堡',
    '前往圣安德鲁斯，在世界文化遗产Forth大桥停留摄影。参观圣安德鲁斯老球场和球场俱乐部，并摇号老球场。',
    '苏格兰高尔夫职业球手指导如何玩转林克斯球场。挥杆圣安德鲁斯金士邦林克斯球场',
    '../images/ZJ/trip/6.jpg',
    '../images/ZJ/trip/7.jpg',
    35
  ),
  (
    316,
    '科克福塔岛度温泉酒店 或同级',
    '早餐酒店自助，午餐途中简餐，晚餐推荐圆明园中餐厅',
    '爱丁堡',
    '参观爱丁堡城堡，皇家一英里，圣十字宫，之后去苏格兰威士忌体验中心。',
    '抵达科克，挥杆福塔岛高尔夫度假村的Deerpark球场。',
    '../images/ZJ/trip/8.jpg',
    '../images/ZJ/trip/9.jpg',
    35
  ),
  (
    317,
    '科克福塔岛度温泉酒店 或同级',
    '早餐酒店自助，午餐球会餐厅，晚餐澳门餐厅',
    '酒店',
    '参观景色优美的Kinsale小镇。',
    '挥杆大西洋老人头林克斯高尔夫球场。',
    '../images/ZJ/trip/10.jpg',
    '../images/ZJ/trip/11.jpg',
    35
  ),
  (
    318,
    '都柏林洲际酒店 或同级',
    '早餐酒店自助，午餐途中简餐，晚餐推荐Chapter One餐厅',
    '科克',
    '科克出发前往都柏林，抵达后参观游览Grafton大街、圣三一学院图书馆。',
    '在Guinness健力士啤酒厂看啤酒的酿造过程并品尝不同口味啤酒。聆听都柏林St. Patrick大教堂圣诗班合唱 (3:15pm请肃静准时）。晚上，观看爱尔兰大河舞晚会（含晚宴）',
    '../images/ZJ/trip/12.jpg',
    '../images/ZJ/trip/13.jpg',
    35
  ),
  (
    319,
    '都柏林洲际酒店',
    '早餐酒店自助，午餐球会餐厅，晚餐推荐巴蜀人家餐厅',
    '酒店',
    '今日前往莱德杯比赛球场——K Club挥杆。',
    '前往基尔代尔奥特莱斯购物，并在基尔代尔体验爱尔兰休闲骑马。',
    '../images/ZJ/trip/14.jpg',
    '../images/ZJ/trip/15.jpg',
    35
  ),
  (
    320,
    '酒店',
    '早餐飞机简餐，午餐敬请自理，晚餐敬请自理',
    '酒店',
    '挥杆波特马诺克高尔夫球场。',
    '根据航班时间提前3小时前往机场，乘坐国际航班返程回中国。',
    '../images/ZJ/trip/16.jpg',
    '../images/ZJ/trip/17.jpg',
    35
  ),
  (
    321,
    '飞机',
    '早餐飞机简餐，午餐飞机简餐',
    '飞机',
    '抵达北京',
    NULL,
    NULL,
    NULL,
    35
  ) ;

/*Table structure for table `t_user` */
DROP TABLE IF EXISTS `t_user` ;

CREATE TABLE `t_user` (
  `id` INT (11) NOT NULL AUTO_INCREMENT,
  `username` VARCHAR (20) COLLATE utf8_bin NOT NULL,
  `password` VARCHAR (30) COLLATE utf8_bin NOT NULL,
  `t_nickname` VARCHAR (50) COLLATE utf8_bin DEFAULT NULL,
  `t_name` VARCHAR (50) COLLATE utf8_bin DEFAULT NULL,
  `t_sex` VARCHAR (4) COLLATE utf8_bin DEFAULT '男',
  `t_mail` VARCHAR (30) COLLATE utf8_bin DEFAULT NULL,
  `t_imgSrc` VARCHAR (100) COLLATE utf8_bin DEFAULT NULL,
  PRIMARY KEY (`id`),
  UNIQUE KEY `username` (`username`)
) ENGINE = INNODB AUTO_INCREMENT = 10 DEFAULT CHARSET = utf8 COLLATE = utf8_bin ;

/*Data for the table `t_user` */
INSERT INTO `t_user` (
  `id`,
  `username`,
  `password`,
  `t_nickname`,
  `t_name`,
  `t_sex`,
  `t_mail`,
  `t_imgSrc`
) 
VALUES
  (
    1,
    '17808324052',
    '123456',
    '小可爱',
    '刘小凤',
    '女',
    '1752814820@qq.com',
    'upload/addimgUpload-1522342544028.jpeg'
  ),
  (
    2,
    '15520262378',
    '123456',
    '小豪豪',
    '冯政豪',
    '男',
    '15520262378@qq.com',
    'addimgUpload-1522342544028.jpeg'
  ),
  (
    3,
    '13881847283',
    '333333',
    '小印子',
    '王印',
    '女',
    '532233356@qq.com',
    'images/fz-imge/fz-87.jpg'
  ),
  (
    4,
    '18328067501',
    '123456',
    '小猪猪',
    '朱婕',
    '女',
    '18328067501@qq.com',
    'upload/addimgUpload-1522342557845.jpeg'
  ),
  (
    5,
    '15181302153',
    '12345678',
    '刘德华',
    '刘德华',
    '女',
    '284555666@qq.com',
    'images/fz-imge/fz-6.jpeg'
  ),
  (
    6,
    '15181302152',
    '444444',
    '谢荣',
    '谢荣',
    '女',
    '2846660417@qq.com',
    'images/fz-imge/fz-6.jpeg'
  ),
  (
    7,
    '15322331',
    '1231',
    '冯',
    '冯',
    '男',
    '222qqqqq@qq.com',
    'images/fz-imge/fz-6.jpeg'
  ),
  (
    8,
    '15181302158',
    '666666',
    '会员95100',
    NULL,
    NULL,
    NULL,
    NULL
  ),
  (
    9,
    '15181302151',
    '444444',
    '会员13100',
    NULL,
    NULL,
    NULL,
    NULL
  ) ;

/*Table structure for table `t_usershare` */
DROP TABLE IF EXISTS `t_usershare` ;

CREATE TABLE `t_usershare` (
  `id` INT (11) NOT NULL AUTO_INCREMENT,
  `t_userId` INT (11) DEFAULT NULL,
  `t_id` INT (11) DEFAULT NULL,
  PRIMARY KEY (`id`)
) ENGINE = INNODB AUTO_INCREMENT = 7 DEFAULT CHARSET = utf8 COLLATE = utf8_bin ;

/*Data for the table `t_usershare` */
INSERT INTO `t_usershare` (`id`, `t_userId`, `t_id`) 
VALUES
  (2, 2, 2),
  (3, 3, 3),
  (4, 4, 4),
  (5, 5, 5),
  (6, 6, 6) ;

/*Table structure for table `t_visa` */
DROP TABLE IF EXISTS `t_visa` ;

CREATE TABLE `t_visa` (
  `id` INT (11) NOT NULL AUTO_INCREMENT,
  `v_visacountryid` INT (11) NOT NULL,
  `v_price` VARCHAR (20) COLLATE utf8_bin NOT NULL,
  `v_imgSrc` VARCHAR (100) COLLATE utf8_bin NOT NULL,
  `v_imgLogo` VARCHAR (100) COLLATE utf8_bin NOT NULL,
  `v_placeid` INT (11) NOT NULL,
  `v_starttime` INT (11) NOT NULL,
  `v_stoptime` INT (11) NOT NULL,
  `v_handling` INT (11) NOT NULL,
  `v_state` INT (11) NOT NULL DEFAULT '8',
  PRIMARY KEY (`id`)
) ENGINE = INNODB AUTO_INCREMENT = 23 DEFAULT CHARSET = utf8 COLLATE = utf8_bin ;

/*Data for the table `t_visa` */
INSERT INTO `t_visa` (
  `id`,
  `v_visacountryid`,
  `v_price`,
  `v_imgSrc`,
  `v_imgLogo`,
  `v_placeid`,
  `v_starttime`,
  `v_stoptime`,
  `v_handling`,
  `v_state`
) 
VALUES
  (
    1,
    1,
    '999',
    'images/lcfImg/visa/yg.jpg',
    'images/lcfImg/visa/visalogo/gbr.jpg',
    7,
    12,
    10,
    2,
    9
  ),
  (
    2,
    2,
    '696',
    'images/lcfImg/visa/frenchbg.jpg\r\n',
    'images/lcfImg/visa/visalogo/frenchlogo.png\r\n',
    2,
    7,
    7,
    3,
    9
  ),
  (
    3,
    3,
    '788',
    'images/lcfImg/visa/russia.jpg\r\n',
    'images/lcfImg/visa/visalogo/russialogo.png\r\n',
    3,
    6,
    5,
    1,
    9
  ),
  (
    4,
    4,
    '800',
    'images/lcfImg/visa/ydl.jpg',
    'images/lcfImg/visa/visalogo/ita.jpg',
    4,
    9,
    9,
    2,
    8
  ),
  (
    5,
    5,
    '899',
    'images/lcfImg/visa/deg.jpg',
    'images/lcfImg/visa/visalogo/fra.jpg',
    5,
    10,
    10,
    3,
    8
  ),
  (
    6,
    6,
    '589',
    'images/lcfImg/visa/xby.jpg',
    'images/lcfImg/visa/visalogo/xbylogo.png',
    6,
    12,
    10,
    3,
    8
  ),
  (
    7,
    7,
    '988',
    'images/lcfImg/visa/ruishi.jpg',
    'images/lcfImg/visa/visalogo/ruishilogo.png',
    7,
    7,
    6,
    1,
    8
  ),
  (
    8,
    8,
    '799',
    'images/lcfImg/visa/bingdao.jpg',
    'images/lcfImg/visa/visalogo/bingdaologo.png',
    4,
    8,
    8,
    2,
    9
  ),
  (
    9,
    9,
    '1019',
    'images/lcfImg/visa/adly.jpg\r\n',
    'images/lcfImg/visa/visalogo/ita.jpg\r\n',
    1,
    10,
    9,
    2,
    8
  ),
  (
    10,
    10,
    '1120',
    'images/lcfImg/visa/xxl.jpg',
    'images/lcfImg/visa/visalogo/nzl.jpg',
    5,
    12,
    11,
    3,
    8
  ),
  (
    11,
    11,
    '1200',
    'images/lcfImg/visa/american.jpg',
    'images/lcfImg/visa/visalogo/usa.jpg',
    2,
    5,
    5,
    1,
    8
  ),
  (
    12,
    12,
    '675',
    'images/lcfImg/visa/jnd.jpg',
    'images/lcfImg/visa/visalogo/can.jpg',
    6,
    7,
    7,
    2,
    8
  ),
  (
    13,
    13,
    '566',
    'images/lcfImg/visa/moxige.jpg',
    'images/lcfImg/visa/visalogo/moxige.jpg',
    7,
    10,
    9,
    2,
    8
  ),
  (
    14,
    14,
    '886',
    'images/lcfImg/visa/jpan.jpg',
    'images/lcfImg/visa/visalogo/jpn.jpg',
    4,
    5,
    5,
    1,
    8
  ),
  (
    15,
    15,
    '688',
    'images/lcfImg/visa/corea.jpg',
    'images/lcfImg/visa/visalogo/hanguologo.png',
    2,
    9,
    9,
    2,
    8
  ),
  (
    16,
    16,
    '788',
    'images/lcfImg/visa/medf.jpg',
    'images/lcfImg/visa/visalogo/medf.jpg',
    3,
    10,
    10,
    3,
    8
  ),
  (
    17,
    17,
    '1024',
    'images/lcfImg/visa/tailend.jpg\r\n',
    'images/lcfImg/visa/visalogo/tailendlogo.png\r\n',
    6,
    5,
    5,
    1,
    8
  ),
  (
    18,
    18,
    '754',
    'images/lcfImg/visa/xjpo.jpg',
    'images/lcfImg/visa/visalogo/xjplogo.png',
    7,
    4,
    4,
    1,
    8
  ),
  (
    19,
    19,
    '866',
    'images/lcfImg/visa/debai.jpg',
    'images/lcfImg/visa/visalogo/qzglogo.jpg',
    4,
    6,
    6,
    2,
    8
  ),
  (
    20,
    20,
    '669',
    'images/lcfImg/visa/yisel.jpg',
    'images/lcfImg/visa/visalogo/yiselielogo.png',
    5,
    10,
    10,
    2,
    8
  ),
  (
    21,
    4,
    '444',
    'upload/addimgUpload-1522372584788.jpg',
    'upload/addimgUpload-1522372587174.jpg',
    3,
    5,
    3,
    4,
    9
  ),
  (
    22,
    2,
    '2227',
    'upload/imgUpload-1522375287423.jpg',
    'upload/imgUpload-1522375293676.jpg',
    4,
    5,
    5,
    2,
    8
  ) ;

/*Table structure for table `t_visaexcursion` */
DROP TABLE IF EXISTS `t_visaexcursion` ;

CREATE TABLE `t_visaexcursion` (
  `id` INT (11) NOT NULL AUTO_INCREMENT,
  `e_name` VARCHAR (50) COLLATE utf8_bin NOT NULL,
  `e_typename` VARCHAR (50) COLLATE utf8_bin NOT NULL,
  `e_visaorderid` INT (11) NOT NULL,
  PRIMARY KEY (`id`)
) ENGINE = INNODB AUTO_INCREMENT = 11 DEFAULT CHARSET = utf8 COLLATE = utf8_bin ;

/*Data for the table `t_visaexcursion` */
INSERT INTO `t_visaexcursion` (
  `id`,
  `e_name`,
  `e_typename`,
  `e_visaorderid`
) 
VALUES
  (1, '王印', '学龄前儿童', 1),
  (
    2,
    '张梅美',
    '自由职业者',
    2
  ),
  (
    3,
    '李清泉',
    '学龄前儿童',
    2
  ),
  (4, '李星', '学龄前儿童', 2),
  (5, '张千', '自由职业者', 2),
  (6, '王大印', '在校学生', 3),
  (7, '王印', '学龄前儿童', 3),
  (8, '代夏军', '在职人员', 4),
  (
    9,
    '代小军',
    '学龄前儿童',
    4
  ),
  (10, '代发那', '在校学生', 4) ;

/*Table structure for table `t_visaorder` */
DROP TABLE IF EXISTS `t_visaorder` ;

CREATE TABLE `t_visaorder` (
  `id` INT (11) NOT NULL AUTO_INCREMENT,
  `vr_num` VARCHAR (100) COLLATE utf8_bin NOT NULL,
  `vr_name` VARCHAR (50) COLLATE utf8_bin NOT NULL,
  `vr_tel` VARCHAR (50) COLLATE utf8_bin NOT NULL,
  `vr_mail` VARCHAR (50) COLLATE utf8_bin NOT NULL,
  `vr_goDate` DATE NOT NULL,
  `vr_provinces` VARCHAR (20) COLLATE utf8_bin NOT NULL,
  `vr_city` VARCHAR (20) COLLATE utf8_bin NOT NULL,
  `vr_area` VARCHAR (20) COLLATE utf8_bin NOT NULL,
  `vr_streetaddress` VARCHAR (200) COLLATE utf8_bin NOT NULL,
  `vr_ktfree` INT (11) NOT NULL,
  `vr_insurancetitle` VARCHAR (200) COLLATE utf8_bin DEFAULT NULL,
  `vr_insuranceprice` INT (11) DEFAULT NULL,
  `vr_refusaltitle` VARCHAR (200) COLLATE utf8_bin DEFAULT NULL,
  `vr_refusalprice` INT (11) DEFAULT NULL,
  `vr_orderDate` DATE NOT NULL,
  `vr_count` INT (11) NOT NULL,
  `vr_sumprice` INT (11) NOT NULL,
  `vr_visaId` INT (11) NOT NULL,
  `vr_userId` INT (11) NOT NULL,
  `vr_state` INT (11) NOT NULL DEFAULT '1',
  `or_cancel` INT (11) DEFAULT '8',
  PRIMARY KEY (`id`)
) ENGINE = INNODB AUTO_INCREMENT = 9 DEFAULT CHARSET = utf8 COLLATE = utf8_bin ;

/*Data for the table `t_visaorder` */
INSERT INTO `t_visaorder` (
  `id`,
  `vr_num`,
  `vr_name`,
  `vr_tel`,
  `vr_mail`,
  `vr_goDate`,
  `vr_provinces`,
  `vr_city`,
  `vr_area`,
  `vr_streetaddress`,
  `vr_ktfree`,
  `vr_insurancetitle`,
  `vr_insuranceprice`,
  `vr_refusaltitle`,
  `vr_refusalprice`,
  `vr_orderDate`,
  `vr_count`,
  `vr_sumprice`,
  `vr_visaId`,
  `vr_userId`,
  `vr_state`,
  `or_cancel`
) 
VALUES
  (
    1,
    'V25542018327163653',
    '刘成凤',
    '17808324052',
    '1752814820@qq.com',
    '2018-04-26',
    '山东省',
    '枣庄市',
    '台儿庄区',
    '山东省枣庄市台儿庄区',
    23,
    '泰康境外旅行综合意外保险（亚洲计划）',
    100,
    '中国华泰签证拒签保险（亚洲线路保险）',
    10,
    '2018-03-27',
    2,
    1975,
    19,
    2,
    1,
    9
  ),
  (
    2,
    'V16432018327163925',
    '刘小凤',
    '17808324052',
    '17528141820@qq.com',
    '2018-03-15',
    '广西壮族自治区',
    '南宁市',
    '青秀区',
    '四川省成都市青羊区',
    23,
    '泰康境外旅行综合意外保险（亚洲计划）',
    100,
    '中国华泰签证拒签保险（亚洲线路保险）',
    10,
    '2018-03-27',
    3,
    2951,
    19,
    1,
    2,
    9
  ),
  (
    3,
    'V1798201832720219',
    '王小丫',
    '15208427252',
    '15208427252@qq.com',
    '2018-03-23',
    '宁夏省',
    '银川市',
    '金凤区',
    '宁夏市银川市金凤区',
    23,
    '泰康境外旅行综合意外保险（亚洲计划）',
    120,
    '中国华泰签证拒签保险（亚洲线路保险）',
    10,
    '2018-03-27',
    2,
    2281,
    1,
    1,
    1,
    9
  ),
  (
    4,
    'V1800201832720434',
    '代俊',
    '18559826465',
    '18559826465',
    '2018-03-23',
    '广西省',
    '百色市',
    '田东县',
    '广西省百色市田东县',
    23,
    '泰康境外旅行综合意外保险（亚洲计划）',
    140,
    '中国华泰签证拒签保险（亚洲线路保险）',
    10,
    '2018-03-27',
    3,
    3470,
    1,
    1,
    1,
    8
  ),
  (
    5,
    'V1897201832720441',
    '代俊',
    '18559826465',
    '18559826465',
    '2018-03-23',
    '广西省',
    '百色市',
    '田东县',
    '广西省百色市田东县',
    23,
    '泰康境外旅行综合意外保险（亚洲计划）',
    140,
    '中国华泰签证拒签保险（亚洲线路保险）',
    10,
    '2018-03-27',
    3,
    3470,
    1,
    1,
    1,
    8
  ),
  (
    6,
    'V1367201832720442',
    '代俊',
    '18559826465',
    '18559826465',
    '2018-03-23',
    '广西省',
    '百色市',
    '田东县',
    '广西省百色市田东县',
    23,
    '泰康境外旅行综合意外保险（亚洲计划）',
    140,
    '中国华泰签证拒签保险（亚洲线路保险）',
    10,
    '2018-03-27',
    3,
    3470,
    1,
    1,
    1,
    8
  ),
  (
    7,
    'V1508201832720451',
    '代俊',
    '18559826465',
    '18559826465',
    '2018-03-23',
    '广西省',
    '百色市',
    '田东县',
    '广西省百色市田东县',
    23,
    '泰康境外旅行综合意外保险（亚洲计划）',
    140,
    '中国华泰签证拒签保险（亚洲线路保险）',
    10,
    '2018-03-27',
    3,
    3470,
    1,
    1,
    1,
    8
  ),
  (
    8,
    'V1472201832720452',
    '朱婕',
    '18559826465',
    '18559826465@qq.com',
    '2018-04-11',
    '广西省',
    '百色市',
    '田东县',
    '广西省百色市田东县123',
    23,
    '泰康境外旅行综合意外保险（亚洲计划）',
    140,
    '中国华泰签证拒签保险（亚洲线路保险）',
    10,
    '2018-03-27',
    3,
    3470,
    1,
    1,
    1,
    8
  ) ;

/*Table structure for table `t_visaplace` */
DROP TABLE IF EXISTS `t_visaplace` ;

CREATE TABLE `t_visaplace` (
  `id` INT (11) NOT NULL AUTO_INCREMENT,
  `vp_place` VARCHAR (20) COLLATE utf8_bin NOT NULL,
  PRIMARY KEY (`id`)
) ENGINE = INNODB AUTO_INCREMENT = 8 DEFAULT CHARSET = utf8 COLLATE = utf8_bin ;

/*Data for the table `t_visaplace` */
INSERT INTO `t_visaplace` (`id`, `vp_place`) 
VALUES
  (1, '上海'),
  (2, '北京'),
  (3, '成都'),
  (4, '广州'),
  (5, '广东'),
  (6, '杭州'),
  (7, '西安') ;

/*Table structure for table `t_websetting` */
DROP TABLE IF EXISTS `t_websetting` ;

CREATE TABLE `t_websetting` (
  `id` INT (11) NOT NULL AUTO_INCREMENT,
  `w_webName` VARCHAR (20) COLLATE utf8_bin DEFAULT NULL,
  `w_webKey` VARCHAR (20) COLLATE utf8_bin DEFAULT NULL,
  `w_webDes` TEXT COLLATE utf8_bin,
  `w_webCopyRight` VARCHAR (20) COLLATE utf8_bin DEFAULT NULL,
  `w_webNum` VARCHAR (20) COLLATE utf8_bin DEFAULT NULL,
  PRIMARY KEY (`id`)
) ENGINE = INNODB DEFAULT CHARSET = utf8 COLLATE = utf8_bin ;

/*Data for the table `t_websetting` */
/*!40101 SET SQL_MODE=@OLD_SQL_MODE */ ;

/*!40014 SET FOREIGN_KEY_CHECKS=@OLD_FOREIGN_KEY_CHECKS */ ;

/*!40014 SET UNIQUE_CHECKS=@OLD_UNIQUE_CHECKS */ ;

/*!40111 SET SQL_NOTES=@OLD_SQL_NOTES */ ;

